D_median,G_median,U_l2_mean_all,U_l2_median,U_l2_non_occluded,U_l2_occluded,U_mse_global,action_maxabs_pred_vs_real,chunk_motion_mm,condition,eef_nuisance_mm,eef_treatment_mm,episode,episode_idx,episode_success,family,n_occluded_tokens,obj_nuisance_mm,obj_treatment_mm,phase,severity,state_id,state_key,step,suite,task_id,treatment_over_nuisance,wall_sec
9.283293724060059,4.459656238555908,9.604648917913437,8.923669815063477,9.564570012030664,9.974978008270263,0.1333784986517086,0.028829768300056458,79.14457434737236,A_occlusion_medium,0.5881582968801736,1.4078538868466792,A_occlusion_medium_libero_goal_t5_ep0,0,False,A_occlusion,25,0.0,0.0,approach,medium,A_occlusion_medium_libero_goal_t05_ep000_s0024_approach,A_occlusion_medium/A_occlusion_medium_libero_goal_t05_ep000_s0024_approach,24,libero_goal,5,2.39366492713696,0.37
8.014744758605957,2.3982367515563965,9.542380313389003,8.36335563659668,9.284529779896591,11.924919242858886,0.14078779119568105,0.8940993547439575,12.774311188305887,A_occlusion_medium,1.4300846573217918,0.8772838359764222,A_occlusion_medium_libero_goal_t5_ep0,0,False,A_occlusion,25,0.0,0.0,pre_grasp,medium,A_occlusion_medium_libero_goal_t05_ep000_s0040_pre_grasp,A_occlusion_medium/A_occlusion_medium_libero_goal_t05_ep000_s0040_pre_grasp,40,libero_goal,5,0.613448883242595,0.48
8.900583267211914,4.290487289428711,9.623084921389818,9.02528190612793,9.308069262153658,12.533829612731934,0.13601885826492657,0.029711678624153137,81.23561818230249,A_occlusion_medium,0.34690474632166673,1.587552999393899,A_occlusion_medium_libero_goal_t5_ep1,1,False,A_occlusion,25,0.0,0.0,approach,medium,A_occlusion_medium_libero_goal_t05_ep001_s0024_approach,A_occlusion_medium/A_occlusion_medium_libero_goal_t05_ep001_s0024_approach,24,libero_goal,5,4.576336923109849,0.39
7.623617172241211,2.7772445678710938,9.233943172730505,7.817229270935059,9.039992023856092,11.026051788330077,0.1348265113666285,0.025234907865524292,19.637345322701496,A_occlusion_medium,0.42978626866197983,0.7731365071669084,A_occlusion_medium_libero_goal_t5_ep1,1,False,A_occlusion,25,0.0,0.0,pre_grasp,medium,A_occlusion_medium_libero_goal_t05_ep001_s0040_pre_grasp,A_occlusion_medium/A_occlusion_medium_libero_goal_t05_ep001_s0040_pre_grasp,40,libero_goal,5,1.7988860127473458,0.54
8.764989852905273,5.206353187561035,9.25346875935793,8.630817413330078,9.19532971980768,9.790673484802246,0.12258090599630782,0.022069334983825684,68.37222184764812,A_occlusion_medium,0.5240657846191561,2.0823331650346093,A_occlusion_medium_libero_goal_t5_ep2,2,True,A_occlusion,25,0.0,0.0,approach,medium,A_occlusion_medium_libero_goal_t05_ep002_s0024_approach,A_occlusion_medium/A_occlusion_medium_libero_goal_t05_ep002_s0024_approach,24,libero_goal,5,3.973419418227927,0.38
8.835912704467773,5.177518844604492,9.26163967140019,8.321416854858398,9.062830681408638,11.098634738922119,0.12926105995420875,0.03603372722864151,75.36213700387655,A_occlusion_medium,1.5475138099952943,1.8053797371327784,A_occlusion_medium_libero_goal_t5_ep3,3,False,A_occlusion,25,0.0,0.0,approach,medium,A_occlusion_medium_libero_goal_t05_ep003_s0024_approach,A_occlusion_medium/A_occlusion_medium_libero_goal_t05_ep003_s0024_approach,24,libero_goal,5,1.1666323915637744,0.38
7.831398963928223,2.4799323081970215,9.165199510753155,7.921592712402344,8.537245036203624,14.96749885559082,0.1275408547408873,0.6499099731445312,9.245082949049602,A_occlusion_medium,0.9634713207384271,0.6178493310909644,A_occlusion_medium_libero_goal_t5_ep3,3,False,A_occlusion,25,0.0,0.0,pre_grasp,medium,A_occlusion_medium_libero_goal_t05_ep003_s0048_pre_grasp,A_occlusion_medium/A_occlusion_medium_libero_goal_t05_ep003_s0048_pre_grasp,48,libero_goal,5,0.6412742318239739,0.52
8.15544319152832,4.119801998138428,9.091521931812167,8.262495040893555,8.889860192418615,10.954876403808594,0.12348479055683863,0.017900526523590088,82.80984980051299,A_occlusion_medium,0.2784988577103695,1.1658768219255966,A_occlusion_medium_libero_goal_t5_ep4,4,False,A_occlusion,25,0.0,0.0,approach,medium,A_occlusion_medium_libero_goal_t05_ep004_s0024_approach,A_occlusion_medium/A_occlusion_medium_libero_goal_t05_ep004_s0024_approach,24,libero_goal,5,4.186289421474302,0.39
7.126450061798096,2.4491920471191406,8.246810778975487,7.129612445831299,8.002379935541194,10.50535177230835,0.10602861791871987,0.01683889329433441,20.666024083055834,A_occlusion_medium,0.4655140206482227,0.22182300981942937,A_occlusion_medium_libero_goal_t5_ep4,4,False,A_occlusion,25,0.0,0.0,pre_grasp,medium,A_occlusion_medium_libero_goal_t05_ep004_s0040_pre_grasp,A_occlusion_medium/A_occlusion_medium_libero_goal_t05_ep004_s0040_pre_grasp,40,libero_goal,5,0.47651198455965615,0.51
8.251056671142578,5.408821105957031,9.378480281680822,8.190364837646484,9.246400236567377,10.598899898529053,0.13316526123463032,0.04442101716995239,78.50902046608485,A_occlusion_medium,0.8910833723972411,2.1433507942628016,A_occlusion_medium_libero_goal_t5_ep5,5,False,A_occlusion,25,0.0,0.0,approach,medium,A_occlusion_medium_libero_goal_t05_ep005_s0024_approach,A_occlusion_medium/A_occlusion_medium_libero_goal_t05_ep005_s0024_approach,24,libero_goal,5,2.405331376004293,0.4
7.096376419067383,3.050424575805664,8.27647699881345,7.4348907470703125,7.795017359060642,12.725164070129395,0.10198389905739795,0.02149832248687744,28.006397725261508,A_occlusion_medium,0.3365080994259568,1.0120385874439932,A_occlusion_medium_libero_goal_t5_ep5,5,False,A_occlusion,25,0.0,0.0,pre_grasp,medium,A_occlusion_medium_libero_goal_t05_ep005_s0040_pre_grasp,A_occlusion_medium/A_occlusion_medium_libero_goal_t05_ep005_s0040_pre_grasp,40,libero_goal,5,3.0074717047536508,0.52
6.46384334564209,1.6986496448516846,6.940190693363547,6.466203212738037,6.940663715461632,6.935819969177246,0.07005099499807808,0.021332204341888428,5.755963661182213,A_occlusion_medium,1.3922527864876477,0.5106083775318263,A_occlusion_medium_libero_goal_t5_ep6,6,False,A_occlusion,25,0.0,0.0,approach,medium,A_occlusion_medium_libero_goal_t05_ep006_s0128_approach,A_occlusion_medium/A_occlusion_medium_libero_goal_t05_ep006_s0128_approach,128,libero_goal,5,0.366749761600392,0.45
9.15731430053711,4.091025352478027,9.42645838111639,8.770162582397461,9.252208532193006,11.036526985168457,0.12735237376103503,0.03247523307800293,69.25931965445128,A_occlusion_medium,0.684713770430807,1.6801839945286012,A_occlusion_medium_libero_goal_t5_ep7,7,True,A_occlusion,25,0.0,0.0,approach,medium,A_occlusion_medium_libero_goal_t05_ep007_s0024_approach,A_occlusion_medium/A_occlusion_medium_libero_goal_t05_ep007_s0024_approach,24,libero_goal,5,2.453848698663481,0.38
7.615762233734131,3.0773677825927734,7.849756069481373,7.2741193771362305,7.67911080364541,9.426518325805665,0.08940735941230597,0.03330305218696594,28.934296685139266,A_occlusion_medium,1.0101151921895073,0.47361624926790497,A_occlusion_medium_libero_goal_t5_ep8,8,True,A_occlusion,25,0.9608807020023621,0.48836326731106955,approach,medium,A_occlusion_medium_libero_goal_t05_ep008_s0136_approach,A_occlusion_medium/A_occlusion_medium_libero_goal_t05_ep008_s0136_approach,136,libero_goal,5,0.4688735036657582,0.47
8.020611763000488,5.177350044250488,9.07508565671742,8.045401573181152,9.119883921239284,8.6611496925354,0.12184918616076508,0.030822694301605225,59.75076079482423,A_occlusion_medium,1.7136282860341783,1.9049584493948037,A_occlusion_medium_libero_goal_t5_ep9,9,True,A_occlusion,25,0.0,0.0,approach,medium,A_occlusion_medium_libero_goal_t05_ep009_s0024_approach,A_occlusion_medium/A_occlusion_medium_libero_goal_t05_ep009_s0024_approach,24,libero_goal,5,1.1116520805124066,0.39
7.166927337646484,3.849565029144287,9.756874057464302,8.990216255187988,9.756874057464302,nan,0.14793986260005507,0.07609423249959946,28.9150962236679,B_camera_shift_strong,1.2489396839456959,1.6711151824706298,B_camera_shift_strong_libero_goal_t5_ep0,0,False,B_camera_shift,0,1.154002718505169,1.4912359903271348,approach,strong,B_camera_shift_strong_libero_goal_t05_ep000_s0136_approach,B_camera_shift_strong/B_camera_shift_strong_libero_goal_t05_ep000_s0136_approach,136,libero_goal,5,1.3380271312952294,0.46
10.12712287902832,1.4352664947509766,10.934037659317255,10.336274147033691,10.934037659317255,nan,0.1722524426606101,0.021855346858501434,0.7114319327674469,B_camera_shift_strong,0.3452410445322054,0.5709593840010465,B_camera_shift_strong_libero_goal_t5_ep1,1,False,B_camera_shift,0,0.0,0.0,approach,strong,B_camera_shift_strong_libero_goal_t05_ep001_s0112_approach,B_camera_shift_strong/B_camera_shift_strong_libero_goal_t05_ep001_s0112_approach,112,libero_goal,5,1.6537992600928575,0.42
9.865554809570312,2.8954532146453857,10.829794102348387,9.663236618041992,10.829794102348387,nan,0.18176569128159717,0.10509027540683746,18.888631700903094,B_camera_shift_strong,1.471154049386384,1.4881549828104186,B_camera_shift_strong_libero_goal_t5_ep2,2,False,B_camera_shift,0,1.220031076941445,1.500884713415444,approach,strong,B_camera_shift_strong_libero_goal_t05_ep002_s0176_approach,B_camera_shift_strong/B_camera_shift_strong_libero_goal_t05_ep002_s0176_approach,176,libero_goal,5,1.0115561884434372,0.49
9.222169876098633,2.527106761932373,10.62390756700188,9.858816146850586,10.62390756700188,nan,0.1763768668082457,0.1697572022676468,17.086796146863772,B_camera_shift_strong,0.8773421694887577,2.0151094225238104,B_camera_shift_strong_libero_goal_t5_ep3,3,False,B_camera_shift,0,0.738278299331674,2.1203110326934653,approach,strong,B_camera_shift_strong_libero_goal_t05_ep003_s0168_approach,B_camera_shift_strong/B_camera_shift_strong_libero_goal_t05_ep003_s0168_approach,168,libero_goal,5,2.296834111710428,0.49
8.99555492401123,3.9479284286499023,10.506973769515753,9.411481857299805,10.506973769515753,nan,0.1700802952393298,0.06094205379486084,36.74464131993964,B_camera_shift_strong,0.8451829917355612,1.1622446303742444,B_camera_shift_strong_libero_goal_t5_ep4,4,False,B_camera_shift,0,0.8070192745232868,1.1660503007580365,approach,strong,B_camera_shift_strong_libero_goal_t05_ep004_s0136_approach,B_camera_shift_strong/B_camera_shift_strong_libero_goal_t05_ep004_s0136_approach,136,libero_goal,5,1.3751396345395042,0.48
9.938477516174316,3.860959053039551,10.590390076860785,9.600532531738281,10.590390076860785,nan,0.17597855240422314,0.04438203573226929,22.32130961297173,B_camera_shift_strong,0.8029926031685762,0.5263745078239065,B_camera_shift_strong_libero_goal_t5_ep5,5,False,B_camera_shift,0,0.7997829535992196,0.6285354476165935,approach,strong,B_camera_shift_strong_libero_goal_t05_ep005_s0152_approach,B_camera_shift_strong/B_camera_shift_strong_libero_goal_t05_ep005_s0152_approach,152,libero_goal,5,0.6555160106666662,0.46
5.580332279205322,3.8505074977874756,9.015376896597445,7.8211517333984375,9.015376896597445,nan,0.1353458721411237,0.06892061233520508,16.71670403100346,B_camera_shift_strong,2.345988269369045,0.8926101192468562,B_camera_shift_strong_libero_goal_t5_ep6,6,False,B_camera_shift,0,1.8884554283651511,0.9653405439625996,approach,strong,B_camera_shift_strong_libero_goal_t05_ep006_s0160_approach,B_camera_shift_strong/B_camera_shift_strong_libero_goal_t05_ep006_s0160_approach,160,libero_goal,5,0.3804836242795554,0.44
7.340610027313232,2.907960891723633,8.880296659655869,8.149160385131836,8.880296659655869,nan,0.12322798762558201,0.03553017973899841,16.42523302652205,B_camera_shift_strong,2.469951782721321,0.6417458049534027,B_camera_shift_strong_libero_goal_t5_ep7,7,False,B_camera_shift,0,1.2575315316129236,0.8513180609928557,approach,strong,B_camera_shift_strong_libero_goal_t05_ep007_s0176_approach,B_camera_shift_strong/B_camera_shift_strong_libero_goal_t05_ep007_s0176_approach,176,libero_goal,5,0.25982118737813814,0.45
12.024481773376465,3.805583953857422,11.55691703595221,10.893198013305664,11.55691703595221,nan,0.19599615313024318,0.03350946307182312,25.88802558281384,B_camera_shift_strong,0.6281320069141677,2.607258840860488,B_camera_shift_strong_libero_goal_t5_ep8,8,True,B_camera_shift,0,0.6364010514531774,2.6140446441377168,approach,strong,B_camera_shift_strong_libero_goal_t05_ep008_s0096_approach,B_camera_shift_strong/B_camera_shift_strong_libero_goal_t05_ep008_s0096_approach,96,libero_goal,5,4.150813542632866,0.48
8.13711166381836,3.1371359825134277,9.397307315841317,8.272476196289062,9.397307315841317,nan,0.13979505257151528,0.08459693193435669,25.148106550142074,B_camera_shift_strong,0.8250861931255885,2.2045617386038314,B_camera_shift_strong_libero_goal_t5_ep9,9,False,B_camera_shift,0,0.8150693522481692,2.1470181613738677,approach,strong,B_camera_shift_strong_libero_goal_t05_ep009_s0144_approach,B_camera_shift_strong/B_camera_shift_strong_libero_goal_t05_ep009_s0144_approach,144,libero_goal,5,2.6719168942247338,0.45
7.020613670349121,3.0599942207336426,8.473850699141622,7.176135063171387,8.473850699141622,nan,0.11481231192762119,0.10972476005554199,41.26175412801349,ID,7.083092770494642,4.355348808611635,ID_libero_goal_t5_ep0,0,False,ID,0,0.0,0.0,approach,none,ID_libero_goal_t05_ep000_s0112_approach,ID/ID_libero_goal_t05_ep000_s0112_approach,112,libero_goal,5,0.6148936558835276,0.38
6.848637580871582,3.033452033996582,7.68895317055285,7.040059566497803,7.68895317055285,nan,0.09104113751306049,0.03567039966583252,34.367121971034756,ID,0.971531579401165,1.8909006789819116,ID_libero_goal_t5_ep1,1,False,ID,0,0.5813282392592721,1.1054949483209995,approach,none,ID_libero_goal_t05_ep001_s0120_approach,ID/ID_libero_goal_t05_ep001_s0120_approach,120,libero_goal,5,1.9463090228599977,0.48
6.007465362548828,3.141892671585083,7.603161960840225,6.284067153930664,7.603161960840225,nan,0.09455184780403847,0.0200636088848114,20.026493066676665,ID,1.6121768959646852,1.2684375020584935,ID_libero_goal_t5_ep1,1,False,ID,0,0.13813554793802812,0.145279829415818,manipulation,none,ID_libero_goal_t05_ep001_s0144_manipulation,ID/ID_libero_goal_t05_ep001_s0144_manipulation,144,libero_goal,5,0.7867855600917126,0.43
6.6842041015625,2.0701801776885986,7.983371178619564,7.147918701171875,7.983371178619564,nan,0.09946688375004707,0.011817246675491333,13.04411219923903,ID,0.7743035041642332,0.9855047755298303,ID_libero_goal_t5_ep1,1,False,ID,0,0.9830978356666028,0.5882695057206843,pre_grasp,none,ID_libero_goal_t05_ep001_s0216_pre_grasp,ID/ID_libero_goal_t05_ep001_s0216_pre_grasp,216,libero_goal,5,1.2727629026986818,0.49
8.441574096679688,5.143471717834473,8.375649152323604,7.55721378326416,8.375649152323604,nan,0.10253758904694917,0.0354880690574646,76.5638141748203,ID,0.5300213337152062,2.1844585639313894,ID_libero_goal_t5_ep2,2,True,ID,0,0.0,0.0,approach,none,ID_libero_goal_t05_ep002_s0024_approach,ID/ID_libero_goal_t05_ep002_s0024_approach,24,libero_goal,5,4.1214540339713075,0.41
7.406487941741943,2.9206225872039795,7.470106065273285,7.041287899017334,7.470106065273285,nan,0.08267183721664624,0.015853077173233032,15.590094552619387,ID,0.2491730924573873,2.145590300662154,ID_libero_goal_t5_ep3,3,True,ID,0,0.23648611732147992,2.1738127484554544,approach,none,ID_libero_goal_t05_ep003_s0088_approach,ID/ID_libero_goal_t05_ep003_s0088_approach,88,libero_goal,5,8.610842685708873,0.52
7.167141437530518,3.992506504058838,8.29961484670639,7.614046573638916,8.29961484670639,nan,0.10114849276695388,0.03221561014652252,64.11500769558705,ID,0.2215520476717531,1.1338272963400495,ID_libero_goal_t5_ep4,4,True,ID,0,0.17518152671122755,0.35873789993928495,approach,none,ID_libero_goal_t05_ep004_s0048_approach,ID/ID_libero_goal_t05_ep004_s0048_approach,48,libero_goal,5,5.117656587944989,0.42
7.434554100036621,4.0078325271606445,8.514728091657162,7.918201923370361,8.514728091657162,nan,0.10569173551467692,0.014454960823059082,69.90993456084313,ID,1.297128087389081,1.5358792128436545,ID_libero_goal_t5_ep5,5,True,ID,0,0.0,0.0,approach,none,ID_libero_goal_t05_ep005_s0040_approach,ID/ID_libero_goal_t05_ep005_s0040_approach,40,libero_goal,5,1.1840613334764363,0.4
9.012676239013672,5.533007621765137,8.484199112281203,7.887845039367676,8.484199112281203,nan,0.10082248941957979,0.012212544679641724,82.61748137635774,ID,0.43232475503744167,0.9978219411180143,ID_libero_goal_t5_ep6,6,True,ID,0,0.0,0.0,approach,none,ID_libero_goal_t05_ep006_s0024_approach,ID/ID_libero_goal_t05_ep006_s0024_approach,24,libero_goal,5,2.308037949461389,0.38
7.855775833129883,5.121269226074219,7.9873592257499695,7.664628982543945,7.9873592257499695,nan,0.08955538417255375,0.017858386039733887,72.84461268638344,ID,0.45555318791193794,1.3128771981463077,ID_libero_goal_t5_ep7,7,True,ID,0,0.0,0.0,approach,none,ID_libero_goal_t05_ep007_s0032_approach,ID/ID_libero_goal_t05_ep007_s0032_approach,32,libero_goal,5,2.8819405351194627,0.4
7.051711082458496,3.4315996170043945,8.270485395565629,7.43689489364624,8.270485395565629,nan,0.10089357651260956,0.0220954567193985,65.16680967122073,ID,0.22326486402099555,1.076943911670251,ID_libero_goal_t5_ep8,8,True,ID,0,0.025498978238172616,0.9173396156621162,approach,none,ID_libero_goal_t05_ep008_s0048_approach,ID/ID_libero_goal_t05_ep008_s0048_approach,48,libero_goal,5,4.823615737266104,0.42
7.345614433288574,1.3186366558074951,9.566029383800924,7.419548034667969,9.566029383800924,nan,0.15590324589718155,0.007012426853179932,1.4716979808275472,ID,0.07655669145573668,0.11363772636811459,ID_libero_goal_t5_ep9,9,False,ID,0,0.0,0.0,approach,none,ID_libero_goal_t05_ep009_s0120_approach,ID/ID_libero_goal_t05_ep009_s0120_approach,120,libero_goal,5,1.4843604681351377,0.41
8.907093048095703,3.4316933155059814,9.33065595664084,8.848323822021484,9.018566451547466,12.214362983703614,0.12571181925047178,0.02447447180747986,78.36043693300765,A_occlusion_medium,0.4516719006130767,1.0657090783918357,A_occlusion_medium_libero_goal_t8_ep0,0,True,A_occlusion,25,0.0,0.0,approach,medium,A_occlusion_medium_libero_goal_t08_ep000_s0024_approach,A_occlusion_medium/A_occlusion_medium_libero_goal_t08_ep000_s0024_approach,24,libero_goal,8,2.3594761528120207,0.39
7.720422744750977,2.8028674125671387,9.693470865488052,8.16775131225586,9.51115726289295,11.378048553466797,0.15321821355529505,0.021041929721832275,43.30036009799827,A_occlusion_medium,0.4108113078048279,0.8514118711957934,A_occlusion_medium_libero_goal_t8_ep0,0,True,A_occlusion,25,0.0,0.0,pre_grasp,medium,A_occlusion_medium_libero_goal_t08_ep000_s0040_pre_grasp,A_occlusion_medium/A_occlusion_medium_libero_goal_t08_ep000_s0040_pre_grasp,40,libero_goal,8,2.0725132317932453,0.4
7.838443756103516,3.499718189239502,10.88541591912508,9.090002059936523,10.34903181992568,15.84160499572754,0.19135114308738885,0.027033984661102295,89.67550410205004,A_occlusion_medium,1.4019803219294962,1.271508379096287,A_occlusion_medium_libero_goal_t8_ep0,0,True,A_occlusion,25,1.4488063201755548,1.3409928857128237,manipulation,medium,A_occlusion_medium_libero_goal_t08_ep000_s0064_manipulation,A_occlusion_medium/A_occlusion_medium_libero_goal_t08_ep000_s0064_manipulation,64,libero_goal,8,0.9069373936335673,0.47
8.333612442016602,3.922776699066162,9.018644619733095,7.857606887817383,8.609686001038655,12.797422256469726,0.12066479417705907,0.017987363040447235,82.96357381987426,A_occlusion_medium,0.30886847733675676,1.4993184209205719,A_occlusion_medium_libero_goal_t8_ep1,1,True,A_occlusion,25,0.0,0.0,approach,medium,A_occlusion_medium_libero_goal_t08_ep001_s0024_approach,A_occlusion_medium/A_occlusion_medium_libero_goal_t08_ep001_s0024_approach,24,libero_goal,8,4.854229327151042,0.39
6.9315996170043945,2.5365829467773438,9.15291503816843,7.528287887573242,9.034489276605251,10.247169075012208,0.1396655277556248,0.0233648419380188,38.381892939013596,A_occlusion_medium,0.5392938799513126,1.2012783202585113,A_occlusion_medium_libero_goal_t8_ep1,1,True,A_occlusion,25,0.0,0.0,pre_grasp,medium,A_occlusion_medium_libero_goal_t08_ep001_s0040_pre_grasp,A_occlusion_medium/A_occlusion_medium_libero_goal_t08_ep001_s0040_pre_grasp,40,libero_goal,8,2.2275022300771568,0.41
8.343851089477539,3.1208596229553223,10.767851501703262,8.561302185058594,10.452214067632502,13.68434139251709,0.19156958821427497,0.047658324241638184,90.79693721651435,A_occlusion_medium,1.0266415224217118,3.3934798925250917,A_occlusion_medium_libero_goal_t8_ep1,1,True,A_occlusion,25,1.0850514191567513,4.034905188911027,manipulation,medium,A_occlusion_medium_libero_goal_t08_ep001_s0064_manipulation,A_occlusion_medium/A_occlusion_medium_libero_goal_t08_ep001_s0064_manipulation,64,libero_goal,8,3.305418511147222,0.46
7.398846626281738,4.1099748611450195,8.82104135863483,7.772117614746094,8.557703457869492,11.254283561706544,0.11918645328975418,0.0859299898147583,65.39071902356699,A_occlusion_medium,0.49803910619933817,4.132357449757759,A_occlusion_medium_libero_goal_t8_ep2,2,True,A_occlusion,25,0.0,0.0,approach,medium,A_occlusion_medium_libero_goal_t08_ep002_s0024_approach,A_occlusion_medium/A_occlusion_medium_libero_goal_t08_ep002_s0024_approach,24,libero_goal,8,8.297254971186538,0.4
6.881688117980957,2.671614408493042,8.856100241653621,7.286571502685547,8.442625626857147,12.676605682373047,0.1277597749794791,0.03194737434387207,55.7936714253803,A_occlusion_medium,0.48498748087829163,2.558781892399704,A_occlusion_medium_libero_goal_t8_ep2,2,True,A_occlusion,25,0.0,0.0,pre_grasp,medium,A_occlusion_medium_libero_goal_t08_ep002_s0040_pre_grasp,A_occlusion_medium/A_occlusion_medium_libero_goal_t08_ep002_s0040_pre_grasp,40,libero_goal,8,5.275975140153843,0.4
6.647407531738281,3.0637590885162354,8.671274080872536,6.969573020935059,8.353377577546356,11.608637771606446,0.12189198027362919,0.07639366388320923,81.18360888246166,A_occlusion_medium,1.3739751888764087,1.4617641756294333,A_occlusion_medium_libero_goal_t8_ep2,2,True,A_occlusion,25,1.409707774102808,1.3474563000497275,manipulation,medium,A_occlusion_medium_libero_goal_t08_ep002_s0064_manipulation,A_occlusion_medium/A_occlusion_medium_libero_goal_t08_ep002_s0064_manipulation,64,libero_goal,8,1.06389415723352,0.47
8.193153381347656,3.740954875946045,9.112735415808856,7.957137107849121,8.759015433199995,12.381108055114746,0.1260470559497973,0.0192478746175766,69.45987781905441,A_occlusion_medium,0.5897575072919876,1.051327938338723,A_occlusion_medium_libero_goal_t8_ep3,3,True,A_occlusion,25,0.0,0.0,approach,medium,A_occlusion_medium_libero_goal_t08_ep003_s0024_approach,A_occlusion_medium/A_occlusion_medium_libero_goal_t08_ep003_s0024_approach,24,libero_goal,8,1.7826444349409747,0.4
7.074179649353027,2.654331684112549,9.456429669633508,7.460565567016602,9.214915232224898,11.688023071289063,0.15179007636929429,0.04633183777332306,52.20817647386582,A_occlusion_medium,0.4928501059988675,2.4802415469231938,A_occlusion_medium_libero_goal_t8_ep3,3,True,A_occlusion,25,0.0,0.0,pre_grasp,medium,A_occlusion_medium_libero_goal_t08_ep003_s0040_pre_grasp,A_occlusion_medium/A_occlusion_medium_libero_goal_t08_ep003_s0040_pre_grasp,40,libero_goal,8,5.032446004848567,0.4
6.802937984466553,3.5227084159851074,10.112613604404032,7.962259769439697,9.404671591597719,16.653997802734374,0.17296921239001248,0.05061569809913635,84.57250311332433,A_occlusion_medium,1.4276818907972346,2.2788368631883427,A_occlusion_medium_libero_goal_t8_ep3,3,True,A_occlusion,25,1.4925127911818057,2.4056285357873595,manipulation,medium,A_occlusion_medium_libero_goal_t08_ep003_s0064_manipulation,A_occlusion_medium/A_occlusion_medium_libero_goal_t08_ep003_s0064_manipulation,64,libero_goal,8,1.5961797077329412,0.46
8.114290237426758,4.214132308959961,8.952400133013725,8.134876251220703,8.639565566917518,11.842991523742675,0.11969356278636391,0.08347868919372559,65.8880848509488,A_occlusion_medium,0.6582216324926263,3.416848272794971,A_occlusion_medium_libero_goal_t8_ep4,4,True,A_occlusion,25,0.0,0.0,approach,medium,A_occlusion_medium_libero_goal_t08_ep004_s0024_approach,A_occlusion_medium/A_occlusion_medium_libero_goal_t08_ep004_s0024_approach,24,libero_goal,8,5.191030048428631,0.4
6.9981584548950195,2.818917751312256,9.10176757350564,7.466281414031982,8.667224401003354,13.116946487426757,0.13476149132513254,0.02858912944793701,64.84628529756733,A_occlusion_medium,0.8163888250021903,1.9055052186312598,A_occlusion_medium_libero_goal_t8_ep4,4,True,A_occlusion,25,0.0,0.0,pre_grasp,medium,A_occlusion_medium_libero_goal_t08_ep004_s0040_pre_grasp,A_occlusion_medium/A_occlusion_medium_libero_goal_t08_ep004_s0040_pre_grasp,40,libero_goal,8,2.334065778798659,0.4
7.087618827819824,3.147517681121826,9.677033523097634,7.682398796081543,9.125546684512845,14.772771911621094,0.15588950287912243,0.07537603378295898,84.85329948500473,A_occlusion_medium,1.2340819073511737,0.9865529744434945,A_occlusion_medium_libero_goal_t8_ep4,4,True,A_occlusion,25,1.2931416468158379,0.9348653217582451,manipulation,medium,A_occlusion_medium_libero_goal_t08_ep004_s0064_manipulation,A_occlusion_medium/A_occlusion_medium_libero_goal_t08_ep004_s0064_manipulation,64,libero_goal,8,0.7994226060416251,0.43
7.855262756347656,4.44144344329834,9.149108892306685,8.015544891357422,8.89385765868348,11.507630290985107,0.12902270448875583,0.07340365648269653,75.65417539722338,A_occlusion_medium,0.3856509913169515,2.77832400870253,A_occlusion_medium_libero_goal_t8_ep5,5,True,A_occlusion,25,0.0,0.0,approach,medium,A_occlusion_medium_libero_goal_t08_ep005_s0024_approach,A_occlusion_medium/A_occlusion_medium_libero_goal_t08_ep005_s0024_approach,24,libero_goal,8,7.204244436698812,0.38
7.282726287841797,2.6829049587249756,9.485395703464746,7.521397590637207,9.190654907391702,12.208800659179687,0.1487681779757011,0.03219632804393768,45.018591141558126,A_occlusion_medium,0.3360193473850752,2.205175310703899,A_occlusion_medium_libero_goal_t8_ep5,5,True,A_occlusion,25,0.0,0.0,pre_grasp,medium,A_occlusion_medium_libero_goal_t08_ep005_s0040_pre_grasp,A_occlusion_medium/A_occlusion_medium_libero_goal_t08_ep005_s0040_pre_grasp,40,libero_goal,8,6.562643871148252,0.4
7.337004661560059,3.341419219970703,10.910152968019247,7.896571159362793,10.183199535716664,17.627202682495117,0.20630315247496941,0.0391351580619812,80.41415349022964,A_occlusion_medium,1.0031943981405178,2.1031568899203186,A_occlusion_medium_libero_goal_t8_ep5,5,True,A_occlusion,25,1.0548513667950596,1.9715672631715682,manipulation,medium,A_occlusion_medium_libero_goal_t08_ep005_s0064_manipulation,A_occlusion_medium/A_occlusion_medium_libero_goal_t08_ep005_s0064_manipulation,64,libero_goal,8,2.096459962115666,0.49
8.107147216796875,3.704080104827881,9.726476715877652,8.209156036376953,9.3777185229512,12.949002418518067,0.14696218286822185,0.0687410831451416,69.84893221542917,A_occlusion_medium,0.4773450825822841,2.332547953418594,A_occlusion_medium_libero_goal_t8_ep6,6,False,A_occlusion,25,3.8254086557667954e-14,2.6959828111930084e-14,approach,medium,A_occlusion_medium_libero_goal_t08_ep006_s0024_approach,A_occlusion_medium/A_occlusion_medium_libero_goal_t08_ep006_s0024_approach,24,libero_goal,8,4.886502529365666,0.41
6.810439586639404,2.98624324798584,9.475290825590491,7.52610969543457,9.173005725398209,12.268405151367187,0.14876187075595393,0.02368733286857605,50.11811002220308,A_occlusion_medium,0.4818617348357696,1.2478243020980107,A_occlusion_medium_libero_goal_t8_ep6,6,False,A_occlusion,25,2.0196168035148775e-13,2.0377847023501353e-13,pre_grasp,medium,A_occlusion_medium_libero_goal_t08_ep006_s0040_pre_grasp,A_occlusion_medium/A_occlusion_medium_libero_goal_t08_ep006_s0040_pre_grasp,40,libero_goal,8,2.5895899422752464,0.4
7.514125823974609,3.251002788543701,10.39154141023755,8.173627853393555,9.757188784611689,16.25295967102051,0.17614143925340078,0.08192342519760132,78.21674109911031,A_occlusion_medium,1.1456280869381563,0.6513916599137081,A_occlusion_medium_libero_goal_t8_ep6,6,False,A_occlusion,25,1.1920871699041762,0.5986432986483681,manipulation,medium,A_occlusion_medium_libero_goal_t08_ep006_s0064_manipulation,A_occlusion_medium/A_occlusion_medium_libero_goal_t08_ep006_s0064_manipulation,64,libero_goal,8,0.5685891148624324,0.49
8.122907638549805,4.404354095458984,8.829025756567717,8.044865608215332,8.64323127218139,10.545766792297364,0.1138156398141655,0.05452674627304077,56.908153812384185,A_occlusion_medium,0.8703346994708241,3.3931787033208454,A_occlusion_medium_libero_goal_t8_ep7,7,True,A_occlusion,25,0.0,0.0,approach,medium,A_occlusion_medium_libero_goal_t08_ep007_s0024_approach,A_occlusion_medium/A_occlusion_medium_libero_goal_t08_ep007_s0024_approach,24,libero_goal,8,3.898705527177012,0.41
7.298426151275635,2.316061019897461,9.539775980636477,7.532824516296387,9.112390524381167,13.488817596435547,0.15149310253025816,0.023976042866706848,34.89082692574934,A_occlusion_medium,0.5144296418916997,1.375364716588891,A_occlusion_medium_libero_goal_t8_ep7,7,True,A_occlusion,25,0.0,0.0,pre_grasp,medium,A_occlusion_medium_libero_goal_t08_ep007_s0048_pre_grasp,A_occlusion_medium/A_occlusion_medium_libero_goal_t08_ep007_s0048_pre_grasp,48,libero_goal,8,2.6735720584282343,0.41
7.134787559509277,3.0794382095336914,9.541213631629944,7.690472602844238,9.113428933279854,13.493944244384766,0.14736695811722855,0.07506263256072998,70.64261049676033,A_occlusion_medium,1.0441601064977692,0.591182215360487,A_occlusion_medium_libero_goal_t8_ep7,7,True,A_occlusion,25,1.1041750486076118,0.7094196379887113,manipulation,medium,A_occlusion_medium_libero_goal_t08_ep007_s0072_manipulation,A_occlusion_medium/A_occlusion_medium_libero_goal_t08_ep007_s0072_manipulation,72,libero_goal,8,0.5661796612239658,0.45
6.944380760192871,4.031075477600098,8.457605159841478,7.391128063201904,8.335386000670395,9.586910190582275,0.10913251534088346,0.04718676209449768,55.006573398436295,A_occlusion_medium,0.8363588463211619,1.5018874989833446,A_occlusion_medium_libero_goal_t8_ep8,8,False,A_occlusion,25,0.0,0.0,approach,medium,A_occlusion_medium_libero_goal_t08_ep008_s0024_approach,A_occlusion_medium/A_occlusion_medium_libero_goal_t08_ep008_s0024_approach,24,libero_goal,8,1.7957453377693093,0.39
6.9657745361328125,2.501209259033203,8.95018333569169,7.499873161315918,8.671148428153167,11.528465881347657,0.12722910544251448,0.016244694590568542,28.477410509734202,A_occlusion_medium,0.43787552611525005,1.5604698180326204,A_occlusion_medium_libero_goal_t8_ep8,8,False,A_occlusion,25,0.0,0.0,pre_grasp,medium,A_occlusion_medium_libero_goal_t08_ep008_s0048_pre_grasp,A_occlusion_medium/A_occlusion_medium_libero_goal_t08_ep008_s0048_pre_grasp,48,libero_goal,8,3.563729244876546,0.41
6.737154006958008,3.3356986045837402,9.762235030531883,7.400665283203125,9.36603914401232,13.423085021972657,0.16247706067890022,0.052765995264053345,76.74980517093756,A_occlusion_medium,0.9576984441522604,1.323144327808161,A_occlusion_medium_libero_goal_t8_ep8,8,False,A_occlusion,25,0.9382907834511007,1.4031174659843353,manipulation,medium,A_occlusion_medium_libero_goal_t08_ep008_s0072_manipulation,A_occlusion_medium/A_occlusion_medium_libero_goal_t08_ep008_s0072_manipulation,72,libero_goal,8,1.3815876342781235,0.48
7.997908592224121,4.102194786071777,8.87556103989482,7.800689220428467,8.58490142161712,11.561255912780762,0.11933148011661905,0.04814612865447998,62.93480516066302,A_occlusion_medium,0.8416360813092464,2.8983532693055825,A_occlusion_medium_libero_goal_t8_ep9,9,False,A_occlusion,25,0.0,0.0,approach,medium,A_occlusion_medium_libero_goal_t08_ep009_s0024_approach,A_occlusion_medium/A_occlusion_medium_libero_goal_t08_ep009_s0024_approach,24,libero_goal,8,3.4437131839653468,0.38
7.2903900146484375,2.748227119445801,9.376215705648065,7.958697319030762,8.922332955645276,13.570092315673827,0.1390541877225299,0.01977527141571045,62.347647851160396,A_occlusion_medium,0.9873796076836708,1.6048779020922987,A_occlusion_medium_libero_goal_t8_ep9,9,False,A_occlusion,25,0.0,0.0,pre_grasp,medium,A_occlusion_medium_libero_goal_t08_ep009_s0040_pre_grasp,A_occlusion_medium/A_occlusion_medium_libero_goal_t08_ep009_s0040_pre_grasp,40,libero_goal,8,1.6253909738497023,0.39
7.136025428771973,3.5414013862609863,9.83636181615293,7.910947799682617,9.406448638800418,13.808759574890138,0.15448756381640233,0.06450337171554565,86.8289230212697,A_occlusion_medium,1.3972470920188484,1.1198599305178298,A_occlusion_medium_libero_goal_t8_ep9,9,False,A_occlusion,25,1.444060387582794,1.077396040014334,manipulation,medium,A_occlusion_medium_libero_goal_t08_ep009_s0064_manipulation,A_occlusion_medium/A_occlusion_medium_libero_goal_t08_ep009_s0064_manipulation,64,libero_goal,8,0.8014759428840689,0.47
13.190120697021484,4.842458724975586,13.578417725861073,12.097383499145508,13.578417725861073,nan,0.2733767753358003,0.06355470418930054,87.97175614206462,B_camera_shift_strong,0.4215775683932972,2.776006718119563,B_camera_shift_strong_libero_goal_t8_ep0,0,True,B_camera_shift,0,0.0,0.0,approach,strong,B_camera_shift_strong_libero_goal_t08_ep000_s0016_approach,B_camera_shift_strong/B_camera_shift_strong_libero_goal_t08_ep000_s0016_approach,16,libero_goal,8,6.584806513068023,0.39
9.736509323120117,2.6394693851470947,11.256646139547229,10.832953453063965,11.256646139547229,nan,0.18504243540876342,0.013748712837696075,26.22124507979816,B_camera_shift_strong,0.7885021751084694,0.8200063027035508,B_camera_shift_strong_libero_goal_t8_ep0,0,True,B_camera_shift,0,0.9252820761565609,1.1761429615857153,pre_grasp,strong,B_camera_shift_strong_libero_goal_t08_ep000_s0032_pre_grasp,B_camera_shift_strong/B_camera_shift_strong_libero_goal_t08_ep000_s0032_pre_grasp,32,libero_goal,8,1.0399543952947847,0.43
11.108628273010254,3.6200199127197266,11.825172798708081,10.921221733093262,11.825172798708081,nan,0.20391040157594217,0.02003532648086548,92.6861624312729,B_camera_shift_strong,0.2664193514299851,1.0180508927145329,B_camera_shift_strong_libero_goal_t8_ep0,0,True,B_camera_shift,0,0.26640601177430495,1.0510643886612059,manipulation,strong,B_camera_shift_strong_libero_goal_t08_ep000_s0056_manipulation,B_camera_shift_strong/B_camera_shift_strong_libero_goal_t08_ep000_s0056_manipulation,56,libero_goal,8,3.8212347836229767,0.47
13.332658767700195,3.9873719215393066,12.820056404918432,11.305727005004883,12.820056404918432,nan,0.24734779406687998,0.06465566158294678,89.09971321980525,B_camera_shift_strong,0.4005692508436865,2.0596347312711836,B_camera_shift_strong_libero_goal_t8_ep1,1,True,B_camera_shift,0,0.0,0.0,approach,strong,B_camera_shift_strong_libero_goal_t08_ep001_s0016_approach,B_camera_shift_strong/B_camera_shift_strong_libero_goal_t08_ep001_s0016_approach,16,libero_goal,8,5.141769436703247,0.4
10.669502258300781,2.398146152496338,12.272445430979133,11.785736083984375,12.272445430979133,nan,0.22535356841278573,0.012163683772087097,36.04700430597492,B_camera_shift_strong,0.7897021034380951,0.5150837145252097,B_camera_shift_strong_libero_goal_t8_ep1,1,True,B_camera_shift,0,1.8368303362477676,1.7726392527913293,pre_grasp,strong,B_camera_shift_strong_libero_goal_t08_ep001_s0032_pre_grasp,B_camera_shift_strong/B_camera_shift_strong_libero_goal_t08_ep001_s0032_pre_grasp,32,libero_goal,8,0.6522506553834794,0.44
12.194328308105469,2.6224498748779297,12.873780583962798,12.088768005371094,12.873780583962798,nan,0.24205554560554177,0.025444475933909416,93.54509943938116,B_camera_shift_strong,0.3267171181622459,0.7562891316385799,B_camera_shift_strong_libero_goal_t8_ep1,1,True,B_camera_shift,0,0.3311438734202324,0.8594942782225782,manipulation,strong,B_camera_shift_strong_libero_goal_t08_ep001_s0056_manipulation,B_camera_shift_strong/B_camera_shift_strong_libero_goal_t08_ep001_s0056_manipulation,56,libero_goal,8,2.3148133036084473,0.45
12.253664016723633,4.311810493469238,13.129529297351837,11.646966934204102,13.129529297351837,nan,0.2574262359037068,0.028290197253227234,89.02540628138905,B_camera_shift_strong,0.5866744691483854,1.4336139374274017,B_camera_shift_strong_libero_goal_t8_ep2,2,True,B_camera_shift,0,0.0,0.0,approach,strong,B_camera_shift_strong_libero_goal_t08_ep002_s0016_approach,B_camera_shift_strong/B_camera_shift_strong_libero_goal_t08_ep002_s0016_approach,16,libero_goal,8,2.443627621137887,0.4
11.935823440551758,1.9611507654190063,13.34180142171681,12.132076263427734,13.34180142171681,nan,0.26521895411076385,0.01605336368083954,11.495594827453413,B_camera_shift_strong,1.4239004855894046,1.056535109357823,B_camera_shift_strong_libero_goal_t8_ep2,2,True,B_camera_shift,0,5.792426132250614,4.579579512457442,pre_grasp,strong,B_camera_shift_strong_libero_goal_t08_ep002_s0032_pre_grasp,B_camera_shift_strong/B_camera_shift_strong_libero_goal_t08_ep002_s0032_pre_grasp,32,libero_goal,8,0.7420006665146156,0.58
12.24359130859375,3.3914499282836914,12.716947451233864,11.370752334594727,12.716947451233864,nan,0.23791614408828451,0.03746473789215088,93.02782236790966,B_camera_shift_strong,1.141702793436714,1.2992973317168537,B_camera_shift_strong_libero_goal_t8_ep2,2,True,B_camera_shift,0,1.184315920783886,1.570019283713031,manipulation,strong,B_camera_shift_strong_libero_goal_t08_ep002_s0048_manipulation,B_camera_shift_strong/B_camera_shift_strong_libero_goal_t08_ep002_s0048_manipulation,48,libero_goal,8,1.1380346436796864,0.5
12.13836669921875,4.600647449493408,12.87060847133398,11.462211608886719,12.87060847133398,nan,0.24611199283172283,0.025923609733581543,86.63984974491893,B_camera_shift_strong,0.5879491267727893,1.3597894649643176,B_camera_shift_strong_libero_goal_t8_ep3,3,True,B_camera_shift,0,0.0,0.0,approach,strong,B_camera_shift_strong_libero_goal_t08_ep003_s0016_approach,B_camera_shift_strong/B_camera_shift_strong_libero_goal_t08_ep003_s0016_approach,16,libero_goal,8,2.312767215810158,0.4
10.425189971923828,3.2224531173706055,12.408304374665022,11.366735458374023,12.408304374665022,nan,0.23005621269793253,0.015891872346401215,51.89362922108007,B_camera_shift_strong,0.8468747233561281,1.1344092216583865,B_camera_shift_strong_libero_goal_t8_ep3,3,True,B_camera_shift,0,0.0,0.0,pre_grasp,strong,B_camera_shift_strong_libero_goal_t08_ep003_s0024_pre_grasp,B_camera_shift_strong/B_camera_shift_strong_libero_goal_t08_ep003_s0024_pre_grasp,24,libero_goal,8,1.339524241747081,0.4
12.767413139343262,3.016589879989624,13.151549914851785,12.27928352355957,13.151549914851785,nan,0.2564327320543643,0.030949294567108154,99.79159323272309,B_camera_shift_strong,0.6118520380610436,2.111106956933361,B_camera_shift_strong_libero_goal_t8_ep3,3,True,B_camera_shift,0,0.6283971046787603,2.211922976587909,manipulation,strong,B_camera_shift_strong_libero_goal_t08_ep003_s0048_manipulation,B_camera_shift_strong/B_camera_shift_strong_libero_goal_t08_ep003_s0048_manipulation,48,libero_goal,8,3.450355356539221,0.47
12.542831420898438,4.521218776702881,13.194864938035607,11.590065956115723,13.194864938035607,nan,0.2613415517994761,0.026652276515960693,86.99347637789356,B_camera_shift_strong,0.48841671161272887,1.8263275451531193,B_camera_shift_strong_libero_goal_t8_ep4,4,False,B_camera_shift,0,0.0,0.0,approach,strong,B_camera_shift_strong_libero_goal_t08_ep004_s0016_approach,B_camera_shift_strong/B_camera_shift_strong_libero_goal_t08_ep004_s0016_approach,16,libero_goal,8,3.7392814408881963,0.4
11.058171272277832,3.6181163787841797,11.911548629403114,10.73455810546875,11.911548629403114,nan,0.20838487803462513,0.016719967126846313,68.1643058321641,B_camera_shift_strong,0.44508416524212974,0.9652819336464304,B_camera_shift_strong_libero_goal_t8_ep4,4,False,B_camera_shift,0,0.2042082164722794,0.20844017818193025,pre_grasp,strong,B_camera_shift_strong_libero_goal_t08_ep004_s0024_pre_grasp,B_camera_shift_strong/B_camera_shift_strong_libero_goal_t08_ep004_s0024_pre_grasp,24,libero_goal,8,2.168762694851902,0.45
12.904407501220703,4.666672706604004,13.25571120902896,11.764814376831055,13.25571120902896,nan,0.2631128825235993,0.030154943466186523,88.93340771326253,B_camera_shift_strong,0.5050154596187922,1.6876544185469229,B_camera_shift_strong_libero_goal_t8_ep5,5,True,B_camera_shift,0,0.0,0.0,approach,strong,B_camera_shift_strong_libero_goal_t08_ep005_s0016_approach,B_camera_shift_strong/B_camera_shift_strong_libero_goal_t08_ep005_s0016_approach,16,libero_goal,8,3.3417876352158373,0.4
11.056755065917969,2.1243317127227783,12.214575430378318,11.748218536376953,12.214575430378318,nan,0.22376577540455403,0.016098469495773315,11.231383095890827,B_camera_shift_strong,0.07097361539452907,0.12221977482593176,B_camera_shift_strong_libero_goal_t8_ep5,5,True,B_camera_shift,0,0.06193483431065835,0.07672930581422883,pre_grasp,strong,B_camera_shift_strong_libero_goal_t08_ep005_s0032_pre_grasp,B_camera_shift_strong/B_camera_shift_strong_libero_goal_t08_ep005_s0032_pre_grasp,32,libero_goal,8,1.7220452156274535,0.63
11.537290573120117,2.950448989868164,12.254546783864498,11.444637298583984,12.254546783864498,nan,0.2212539063170498,0.019647717475891113,95.02642383740435,B_camera_shift_strong,0.2637458536557457,1.4592145367542189,B_camera_shift_strong_libero_goal_t8_ep5,5,True,B_camera_shift,0,0.24681575842690098,1.5102316678416414,manipulation,strong,B_camera_shift_strong_libero_goal_t08_ep005_s0056_manipulation,B_camera_shift_strong/B_camera_shift_strong_libero_goal_t08_ep005_s0056_manipulation,56,libero_goal,8,5.532653941391847,0.45
12.733043670654297,4.657893657684326,13.034647239372134,11.50039291381836,13.034647239372134,nan,0.2530285850607558,0.04646003246307373,86.61774459689534,B_camera_shift_strong,0.43245173520206187,2.1728718772491207,B_camera_shift_strong_libero_goal_t8_ep6,6,True,B_camera_shift,0,2.977365464230169e-13,2.656309594696679e-13,approach,strong,B_camera_shift_strong_libero_goal_t08_ep006_s0016_approach,B_camera_shift_strong/B_camera_shift_strong_libero_goal_t08_ep006_s0016_approach,16,libero_goal,8,5.024541932370447,0.4
10.613059997558594,3.7415568828582764,11.357926776632667,10.692035675048828,11.357926776632667,nan,0.19168516711483763,0.011864498257637024,72.54997229584897,B_camera_shift_strong,0.8346656027685587,0.3118488437665498,B_camera_shift_strong_libero_goal_t8_ep6,6,True,B_camera_shift,0,1.8116338410857617e-13,1.0884428350841409e-13,pre_grasp,strong,B_camera_shift_strong_libero_goal_t08_ep006_s0024_pre_grasp,B_camera_shift_strong/B_camera_shift_strong_libero_goal_t08_ep006_s0024_pre_grasp,24,libero_goal,8,0.3736212954411411,0.41
12.446422576904297,3.3464832305908203,13.106277642771602,11.859254837036133,13.106277642771602,nan,0.25421320969619327,0.057387709617614746,95.20829538088064,B_camera_shift_strong,0.664726559691081,2.273888021636759,B_camera_shift_strong_libero_goal_t8_ep6,6,True,B_camera_shift,0,0.6755620040805503,2.418452858514323,manipulation,strong,B_camera_shift_strong_libero_goal_t08_ep006_s0048_manipulation,B_camera_shift_strong/B_camera_shift_strong_libero_goal_t08_ep006_s0048_manipulation,48,libero_goal,8,3.420787071744967,0.55
12.564271926879883,5.171735763549805,13.006738115102053,11.315631866455078,13.006738115102053,nan,0.2520779266205608,0.025866150856018066,82.68072960027314,B_camera_shift_strong,0.7183673660554807,1.4469926975600058,B_camera_shift_strong_libero_goal_t8_ep7,7,True,B_camera_shift,0,0.0,0.0,approach,strong,B_camera_shift_strong_libero_goal_t08_ep007_s0016_approach,B_camera_shift_strong/B_camera_shift_strong_libero_goal_t08_ep007_s0016_approach,16,libero_goal,8,2.014279553796229,0.42
10.404083251953125,2.5338666439056396,12.53207728266716,11.919652938842773,12.53207728266716,nan,0.23359926979345844,0.01511189341545105,11.186111597933198,B_camera_shift_strong,0.1528325296120303,0.37488684043785153,B_camera_shift_strong_libero_goal_t8_ep7,7,True,B_camera_shift,0,0.09878217375689463,0.14670710366827508,pre_grasp,strong,B_camera_shift_strong_libero_goal_t08_ep007_s0032_pre_grasp,B_camera_shift_strong/B_camera_shift_strong_libero_goal_t08_ep007_s0032_pre_grasp,32,libero_goal,8,2.452925704949806,0.65
11.731581687927246,4.026679992675781,12.534675115719438,11.410148620605469,12.534675115719438,nan,0.23333221966377451,0.06285044550895691,85.81277981070942,B_camera_shift_strong,1.3352906107610316,3.024313316769186,B_camera_shift_strong_libero_goal_t8_ep7,7,True,B_camera_shift,0,1.3750827242364478,3.233942067701609,manipulation,strong,B_camera_shift_strong_libero_goal_t08_ep007_s0048_manipulation,B_camera_shift_strong/B_camera_shift_strong_libero_goal_t08_ep007_s0048_manipulation,48,libero_goal,8,2.2649101943774754,0.51
12.147420883178711,4.593211650848389,12.627366973087192,10.928150177001953,12.627366973087192,nan,0.23990610116524724,0.016334891319274902,81.22149127783592,B_camera_shift_strong,0.897030270444565,0.8378182644408385,B_camera_shift_strong_libero_goal_t8_ep8,8,True,B_camera_shift,0,0.0,0.0,approach,strong,B_camera_shift_strong_libero_goal_t08_ep008_s0016_approach,B_camera_shift_strong/B_camera_shift_strong_libero_goal_t08_ep008_s0016_approach,16,libero_goal,8,0.9339910725929225,0.39
10.330744743347168,3.043790102005005,12.116998549550772,11.12906265258789,12.116998549550772,nan,0.2202639682173536,0.025154173374176025,26.398176689825725,B_camera_shift_strong,0.31285247590982485,0.535139575909131,B_camera_shift_strong_libero_goal_t8_ep8,8,True,B_camera_shift,0,0.09726263947118492,0.18009526161639342,pre_grasp,strong,B_camera_shift_strong_libero_goal_t08_ep008_s0024_pre_grasp,B_camera_shift_strong/B_camera_shift_strong_libero_goal_t08_ep008_s0024_pre_grasp,24,libero_goal,8,1.7105173112434537,0.62
11.432743072509766,3.3964436054229736,12.62704018689692,11.747278213500977,12.62704018689692,nan,0.23054635573583848,0.012304604053497314,87.42388816118265,B_camera_shift_strong,0.3023085853279377,0.5155368556852705,B_camera_shift_strong_libero_goal_t8_ep8,8,True,B_camera_shift,0,0.30566427347916275,0.563676423118839,manipulation,strong,B_camera_shift_strong_libero_goal_t08_ep008_s0088_manipulation,B_camera_shift_strong/B_camera_shift_strong_libero_goal_t08_ep008_s0088_manipulation,88,libero_goal,8,1.7053331618949144,0.5
12.816305160522461,4.8754987716674805,13.119624942541122,11.581660270690918,13.119624942541122,nan,0.2567043517030434,0.04657578468322754,86.21672162029925,B_camera_shift_strong,0.5056984407121291,3.1092025001765435,B_camera_shift_strong_libero_goal_t8_ep9,9,True,B_camera_shift,0,0.0,0.0,approach,strong,B_camera_shift_strong_libero_goal_t08_ep009_s0016_approach,B_camera_shift_strong/B_camera_shift_strong_libero_goal_t08_ep009_s0016_approach,16,libero_goal,8,6.148333176187248,0.4
11.304414749145508,3.850351333618164,11.4697130266577,10.706968307495117,11.4697130266577,nan,0.19228654576344725,0.013174690306186676,77.98270105546298,B_camera_shift_strong,0.7552314300488873,0.7414124771279713,B_camera_shift_strong_libero_goal_t8_ep9,9,True,B_camera_shift,0,0.4070361030468725,0.25829475791108264,pre_grasp,strong,B_camera_shift_strong_libero_goal_t08_ep009_s0024_pre_grasp,B_camera_shift_strong/B_camera_shift_strong_libero_goal_t08_ep009_s0024_pre_grasp,24,libero_goal,8,0.9817023598713027,0.39
11.987876892089844,3.3241758346557617,12.334665562957525,11.66935920715332,12.334665562957525,nan,0.22584192859745258,0.06741327047348022,96.32370449656668,B_camera_shift_strong,0.9153194873148829,2.8138484416449194,B_camera_shift_strong_libero_goal_t8_ep9,9,True,B_camera_shift,0,0.950053004491631,3.006263064983371,manipulation,strong,B_camera_shift_strong_libero_goal_t08_ep009_s0048_manipulation,B_camera_shift_strong/B_camera_shift_strong_libero_goal_t08_ep009_s0048_manipulation,48,libero_goal,8,3.0741708011695765,0.48
8.468038558959961,4.410187721252441,8.434115368872881,7.718771457672119,8.434115368872881,nan,0.10197521903958044,0.03544628620147705,88.85208865424815,ID,0.8297828522818191,1.8654121100215024,ID_libero_goal_t8_ep0,0,True,ID,0,0.0,0.0,approach,none,ID_libero_goal_t08_ep000_s0016_approach,ID/ID_libero_goal_t08_ep000_s0016_approach,16,libero_goal,8,2.248072619109695,0.39
8.638593673706055,3.4775421619415283,8.13737142458558,7.618568420410156,8.13737142458558,nan,0.09548527091824688,0.01586204767227173,83.17460361570406,ID,0.6635193617547345,1.0149341006797217,ID_libero_goal_t8_ep0,0,True,ID,0,0.0,0.0,pre_grasp,none,ID_libero_goal_t08_ep000_s0032_pre_grasp,ID/ID_libero_goal_t08_ep000_s0032_pre_grasp,32,libero_goal,8,1.5296224333162494,0.4
7.883980751037598,2.89229154586792,8.426661523990333,8.177030563354492,8.426661523990333,nan,0.10146782546674062,0.01636335253715515,103.57528480815776,ID,0.4745567550083026,0.9525434450907659,ID_libero_goal_t8_ep0,0,True,ID,0,0.4827117444918266,0.9455958061521867,manipulation,none,ID_libero_goal_t08_ep000_s0056_manipulation,ID/ID_libero_goal_t08_ep000_s0056_manipulation,56,libero_goal,8,2.007227660417774,0.51
7.599325180053711,4.105913162231445,8.092824749648571,7.48992919921875,8.092824749648571,nan,0.09448460815240001,0.023351922631263733,86.01502375570911,ID,0.3750179949539958,1.2472703633603912,ID_libero_goal_t8_ep1,1,True,ID,0,0.0,0.0,approach,none,ID_libero_goal_t08_ep001_s0016_approach,ID/ID_libero_goal_t08_ep001_s0016_approach,16,libero_goal,8,3.3258947041018563,0.41
7.1815714836120605,2.781423568725586,7.592062476091087,7.0221333503723145,7.592062476091087,nan,0.08447691520901089,0.017059803009033203,76.16456583557665,ID,0.3055870318543125,0.49198414675855884,ID_libero_goal_t8_ep1,1,True,ID,0,0.05712633446340174,0.10293948639188154,pre_grasp,none,ID_libero_goal_t08_ep001_s0032_pre_grasp,ID/ID_libero_goal_t08_ep001_s0032_pre_grasp,32,libero_goal,8,1.6099640870660716,0.44
7.251880645751953,2.9338598251342773,7.969791058450937,6.831674098968506,7.969791058450937,nan,0.09486566541765708,0.028248101472854614,97.98171432899726,ID,0.36746376295751415,1.377426060377661,ID_libero_goal_t8_ep1,1,True,ID,0,0.3536924021633536,1.3617497134371075,manipulation,none,ID_libero_goal_t08_ep001_s0056_manipulation,ID/ID_libero_goal_t08_ep001_s0056_manipulation,56,libero_goal,8,3.748467738128828,0.54
7.328059673309326,4.704718589782715,8.11328008864075,7.002595901489258,8.11328008864075,nan,0.10015053612576523,0.04651796817779541,89.15007776332831,ID,0.6972312467453161,3.12754462490388,ID_libero_goal_t8_ep2,2,True,ID,0,0.0,0.0,approach,none,ID_libero_goal_t08_ep002_s0016_approach,ID/ID_libero_goal_t08_ep002_s0016_approach,16,libero_goal,8,4.485663314005642,0.39
7.454056739807129,3.2879955768585205,7.8183432864025235,7.146219253540039,7.8183432864025235,nan,0.08906346150450879,0.021268784999847412,79.87449868715021,ID,0.676972475884412,1.6616570315708736,ID_libero_goal_t8_ep2,2,True,ID,0,0.0,0.0,pre_grasp,none,ID_libero_goal_t08_ep002_s0032_pre_grasp,ID/ID_libero_goal_t08_ep002_s0032_pre_grasp,32,libero_goal,8,2.4545414928428926,0.39
7.047914505004883,2.5586390495300293,8.489444445818663,7.176499366760254,8.489444445818663,nan,0.11187530780126431,0.02125909924507141,97.52060247678837,ID,0.4662136989606161,0.2999908277603523,ID_libero_goal_t8_ep2,2,True,ID,0,0.46830413497854567,0.30964868162171905,manipulation,none,ID_libero_goal_t08_ep002_s0056_manipulation,ID/ID_libero_goal_t08_ep002_s0056_manipulation,56,libero_goal,8,0.6434620613447362,0.44
8.015836715698242,3.6671316623687744,8.139646789059043,7.535356521606445,8.139646789059043,nan,0.09652360464311681,0.021851658821105957,90.44199796254549,ID,0.4656292725136004,1.2567566609607768,ID_libero_goal_t8_ep3,3,True,ID,0,0.0,0.0,approach,none,ID_libero_goal_t08_ep003_s0016_approach,ID/ID_libero_goal_t08_ep003_s0016_approach,16,libero_goal,8,2.6990499419773237,0.39
6.8201727867126465,2.5912294387817383,7.900539267808199,7.183421611785889,7.900539267808199,nan,0.0923170616626003,0.015450239181518555,37.475289623728436,ID,0.17023832739255326,0.470986985996068,ID_libero_goal_t8_ep3,3,True,ID,0,0.010473746252721412,0.08887566520677025,pre_grasp,none,ID_libero_goal_t08_ep003_s0032_pre_grasp,ID/ID_libero_goal_t08_ep003_s0032_pre_grasp,32,libero_goal,8,2.766633067946075,0.47
8.034162521362305,2.8634352684020996,8.390749409794807,7.9364399909973145,8.390749409794807,nan,0.10231914757655121,0.039479613304138184,97.34546172805875,ID,1.1482467545972745,1.9543628983057424,ID_libero_goal_t8_ep3,3,True,ID,0,1.1799775462919866,1.96287981385466,manipulation,none,ID_libero_goal_t08_ep003_s0048_manipulation,ID/ID_libero_goal_t08_ep003_s0048_manipulation,48,libero_goal,8,1.7020408640224702,0.53
7.743122100830078,3.637388229370117,7.976626008749008,7.341870307922363,7.976626008749008,nan,0.09176646981392533,0.02737480401992798,86.72580650069975,ID,0.6067454185940528,0.7866914187388773,ID_libero_goal_t8_ep4,4,True,ID,0,0.0,0.0,approach,none,ID_libero_goal_t08_ep004_s0016_approach,ID/ID_libero_goal_t08_ep004_s0016_approach,16,libero_goal,8,1.2965757871922532,0.41
6.876869201660156,3.0088329315185547,7.741122355684638,7.0908942222595215,7.741122355684638,nan,0.08760192406201445,0.02128082513809204,66.76257894642114,ID,0.4095360325204241,1.5208743141230487,ID_libero_goal_t8_ep4,4,True,ID,0,0.03962115962133935,0.11550845665400178,pre_grasp,none,ID_libero_goal_t08_ep004_s0032_pre_grasp,ID/ID_libero_goal_t08_ep004_s0032_pre_grasp,32,libero_goal,8,3.713652019244975,0.45
7.000008583068848,2.678575277328491,8.154138061217964,7.14875602722168,8.154138061217964,nan,0.10089766461571158,0.036431968212127686,101.74732998482833,ID,0.5070435618252759,2.1998687337862424,ID_libero_goal_t8_ep4,4,True,ID,0,0.5138922764801577,2.2091696617527057,manipulation,none,ID_libero_goal_t08_ep004_s0056_manipulation,ID/ID_libero_goal_t08_ep004_s0056_manipulation,56,libero_goal,8,4.338618807952252,0.59
7.6686811447143555,4.4955902099609375,7.761277288198471,7.10301399230957,7.761277288198471,nan,0.08688130110497157,0.05097797513008118,91.00541177390339,ID,0.6938015090349469,2.6575244225986903,ID_libero_goal_t8_ep5,5,True,ID,0,0.0,0.0,approach,none,ID_libero_goal_t08_ep005_s0016_approach,ID/ID_libero_goal_t08_ep005_s0016_approach,16,libero_goal,8,3.830381439059151,0.39
7.210726261138916,2.8509812355041504,7.716166688129306,7.061260223388672,7.716166688129306,nan,0.08719625859793771,0.02675807476043701,77.47622483244714,ID,0.7039032442291274,1.6382766883740343,ID_libero_goal_t8_ep5,5,True,ID,0,0.0,0.0,pre_grasp,none,ID_libero_goal_t08_ep005_s0032_pre_grasp,ID/ID_libero_goal_t08_ep005_s0032_pre_grasp,32,libero_goal,8,2.327417442390362,0.39
7.064707279205322,2.6821937561035156,8.316274706274271,7.217514514923096,8.316274706274271,nan,0.10297384799691041,0.029576241970062256,94.007048493035,ID,0.40276310475229743,1.9288790224774608,ID_libero_goal_t8_ep5,5,True,ID,0,0.4134963547430301,1.9907930701551908,manipulation,none,ID_libero_goal_t08_ep005_s0056_manipulation,ID/ID_libero_goal_t08_ep005_s0056_manipulation,56,libero_goal,8,4.789115486791514,0.52
7.867548942565918,4.445687294006348,7.95489923004061,7.173287391662598,7.95489923004061,nan,0.09199383193736584,0.01953628659248352,93.85995427923127,ID,0.8377141460302778,0.8633813778283054,ID_libero_goal_t8_ep6,6,True,ID,0,1.356395739721875e-13,1.5808191657746502e-13,approach,none,ID_libero_goal_t08_ep006_s0016_approach,ID/ID_libero_goal_t08_ep006_s0016_approach,16,libero_goal,8,1.0306396065049854,0.4
6.503129959106445,2.4116077423095703,7.459333150647581,6.68532657623291,7.459333150647581,nan,0.08180307781632169,0.011937201023101807,51.44036504464752,ID,0.36458372888079893,0.9470673790432492,ID_libero_goal_t8_ep6,6,True,ID,0,1.1228095426014008e-13,8.744920092880852e-14,pre_grasp,none,ID_libero_goal_t08_ep006_s0032_pre_grasp,ID/ID_libero_goal_t08_ep006_s0032_pre_grasp,32,libero_goal,8,2.5976677070876466,0.42
6.854827880859375,3.9502952098846436,8.361557433381677,7.317277908325195,8.361557433381677,nan,0.10627811783977832,0.02623164653778076,84.05755321863877,ID,0.29806290147052783,0.4040749740650919,ID_libero_goal_t8_ep6,6,True,ID,0,0.29776458247983517,0.4050237572036724,manipulation,none,ID_libero_goal_t08_ep006_s0056_manipulation,ID/ID_libero_goal_t08_ep006_s0056_manipulation,56,libero_goal,8,1.3556701356376162,0.54
7.8458476066589355,3.955684185028076,8.051001623272896,7.309331893920898,8.051001623272896,nan,0.0935889940994832,0.013478375971317291,83.59336349187835,ID,0.36111128518329244,0.5893977325758945,ID_libero_goal_t8_ep7,7,True,ID,0,0.0,0.0,approach,none,ID_libero_goal_t08_ep007_s0024_approach,ID/ID_libero_goal_t08_ep007_s0024_approach,24,libero_goal,8,1.63217754957929,0.38
6.51236629486084,2.3232040405273438,7.392898875288665,6.75662899017334,7.392898875288665,nan,0.08122468182095074,0.018333375453948975,27.075957955219277,ID,0.4907021975760753,0.973514751783958,ID_libero_goal_t8_ep7,7,True,ID,0,0.13011496368173636,0.22748641124313274,pre_grasp,none,ID_libero_goal_t08_ep007_s0040_pre_grasp,ID/ID_libero_goal_t08_ep007_s0040_pre_grasp,40,libero_goal,8,1.9839217280722092,0.4
7.439777374267578,2.9313466548919678,8.319982837885618,7.399910926818848,8.319982837885618,nan,0.10248934364652278,0.014506399631500244,93.07978207891773,ID,0.6555283828487602,0.909577217645519,ID_libero_goal_t8_ep7,7,True,ID,0,0.6775413275308507,0.9268125994568558,manipulation,none,ID_libero_goal_t08_ep007_s0056_manipulation,ID/ID_libero_goal_t08_ep007_s0056_manipulation,56,libero_goal,8,1.3875481847067046,0.43
8.365222930908203,4.6088666915893555,8.39564399421215,7.751049995422363,8.39564399421215,nan,0.10177894448939169,0.045244112610816956,92.69408322476549,ID,0.6013593335396396,1.667056100708331,ID_libero_goal_t8_ep8,8,True,ID,0,0.0,0.0,approach,none,ID_libero_goal_t08_ep008_s0016_approach,ID/ID_libero_goal_t08_ep008_s0016_approach,16,libero_goal,8,2.772146381924318,0.37
7.342936038970947,2.668851375579834,7.78077941108495,7.122221946716309,7.78077941108495,nan,0.08862450148852985,0.994284987449646,52.09082054093373,ID,0.4373083093737126,1.4782902207776176,ID_libero_goal_t8_ep8,8,True,ID,0,0.0414184335169814,0.31394539714143765,pre_grasp,none,ID_libero_goal_t08_ep008_s0032_pre_grasp,ID/ID_libero_goal_t08_ep008_s0032_pre_grasp,32,libero_goal,8,3.380430211570273,0.47
7.213447570800781,3.183554172515869,8.447237247601151,7.292027950286865,8.447237247601151,nan,0.10767075985645365,0.020567089319229126,90.55155052372382,ID,0.47343344687884414,1.7426048990868452,ID_libero_goal_t8_ep8,8,True,ID,0,0.4871647669016604,1.7149709166236269,manipulation,none,ID_libero_goal_t08_ep008_s0056_manipulation,ID/ID_libero_goal_t08_ep008_s0056_manipulation,56,libero_goal,8,3.6807811331775073,0.49
7.919105052947998,4.829964637756348,7.847761927172542,7.182222366333008,7.847761927172542,nan,0.08836766681719908,0.04540359973907471,92.35523049740853,ID,0.7647584470589516,1.8604608979612314,ID_libero_goal_t8_ep9,9,True,ID,0,0.0,0.0,approach,none,ID_libero_goal_t08_ep009_s0016_approach,ID/ID_libero_goal_t08_ep009_s0016_approach,16,libero_goal,8,2.432743182002169,0.41
7.411574363708496,2.9376134872436523,7.821575662121177,7.286438941955566,7.821575662121177,nan,0.08870711025419935,0.013232707977294922,84.00342528410565,ID,0.41322725850730685,0.801124019975895,ID_libero_goal_t8_ep9,9,True,ID,0,0.0,0.0,pre_grasp,none,ID_libero_goal_t08_ep009_s0032_pre_grasp,ID/ID_libero_goal_t08_ep009_s0032_pre_grasp,32,libero_goal,8,1.938700808048773,0.41
7.002805709838867,3.024169921875,7.84468803089112,7.069937705993652,7.84468803089112,nan,0.09034578923901047,0.014870747923851013,100.15064110676741,ID,0.40715810564624366,0.8861985193097534,ID_libero_goal_t8_ep9,9,True,ID,0,0.4115085623712669,0.9060136203034356,manipulation,none,ID_libero_goal_t08_ep009_s0056_manipulation,ID/ID_libero_goal_t08_ep009_s0056_manipulation,56,libero_goal,8,2.1765464251366775,0.53
6.639325141906738,2.2381715774536133,8.456434836611152,6.675753593444824,7.611851642658184,16.260383548736574,0.1265652540690786,0.02090957760810852,57.61655188037205,A_occlusion_medium,0.576673458996781,1.832760126344515,A_occlusion_medium_libero_object_t0_ep0,0,False,A_occlusion,25,0.0,0.0,approach,medium,A_occlusion_medium_libero_object_t00_ep000_s0024_approach,A_occlusion_medium/A_occlusion_medium_libero_object_t00_ep000_s0024_approach,24,libero_object,0,3.1781593165964406,0.36
6.006032943725586,1.3494515419006348,8.658046416472644,6.225241661071777,7.74913632766509,17.056375637054444,0.14732871965088287,0.03393790125846863,25.740999554910523,A_occlusion_medium,0.26890418527039245,1.873455968971908,A_occlusion_medium_libero_object_t0_ep0,0,False,A_occlusion,25,0.18057842174706792,1.3510662515484926,pre_grasp,medium,A_occlusion_medium_libero_object_t00_ep000_s0048_pre_grasp,A_occlusion_medium/A_occlusion_medium_libero_object_t00_ep000_s0048_pre_grasp,48,libero_object,0,6.967001897304362,0.44
6.107316017150879,1.971856951713562,7.554032473824918,5.992830276489258,6.723582210994902,15.227392902374268,0.10017538439238101,0.03605759143829346,54.63187355959555,A_occlusion_medium,0.5341929167137375,2.5413892517454593,A_occlusion_medium_libero_object_t0_ep0,0,False,A_occlusion,25,0.5455566170251857,2.0320963417755884,manipulation,medium,A_occlusion_medium_libero_object_t00_ep000_s0064_manipulation,A_occlusion_medium/A_occlusion_medium_libero_object_t00_ep000_s0064_manipulation,64,libero_object,0,4.7574371958723205,0.45
6.509593963623047,1.977918267250061,7.016948738601059,6.371937274932861,6.391342982069238,12.797545928955078,0.07822083393307426,0.017369136214256287,59.68710511127326,A_occlusion_medium,0.43756631886082625,0.6311750695186201,A_occlusion_medium_libero_object_t0_ep1,1,False,A_occlusion,25,0.0,0.0,approach,medium,A_occlusion_medium_libero_object_t00_ep001_s0024_approach,A_occlusion_medium/A_occlusion_medium_libero_object_t00_ep001_s0024_approach,24,libero_object,0,1.442467215396836,0.34
5.907295227050781,1.359119176864624,8.163145495578647,6.041232109069824,7.248167836820924,16.6175390625,0.12965985483305026,0.01722045987844467,24.532413897675408,A_occlusion_medium,0.2666852597497455,0.9646798975572096,A_occlusion_medium_libero_object_t0_ep1,1,False,A_occlusion,25,0.1533689546627226,0.745670133741127,pre_grasp,medium,A_occlusion_medium_libero_object_t00_ep001_s0056_pre_grasp,A_occlusion_medium/A_occlusion_medium_libero_object_t00_ep001_s0056_pre_grasp,56,libero_object,0,3.6172974031727683,0.42
6.5530619621276855,1.8584020137786865,8.148926134221256,6.647727012634277,7.310105062666393,15.899632835388184,0.11655491942348169,0.058034151792526245,65.07516688576258,A_occlusion_medium,0.5425484310734573,2.770425893240347,A_occlusion_medium_libero_object_t0_ep1,1,False,A_occlusion,25,0.548387861252647,2.848525129451307,manipulation,medium,A_occlusion_medium_libero_object_t00_ep001_s0072_manipulation,A_occlusion_medium/A_occlusion_medium_libero_object_t00_ep001_s0072_manipulation,72,libero_object,0,5.106319979137956,0.47
6.662881851196289,2.2419142723083496,7.8048432022333145,6.852333068847656,7.303554266562194,12.436752967834472,0.10043352251063427,0.021050244569778442,57.83191143917533,A_occlusion_medium,0.5482857295631255,1.4548482529480233,A_occlusion_medium_libero_object_t0_ep2,2,True,A_occlusion,25,0.0,0.0,approach,medium,A_occlusion_medium_libero_object_t00_ep002_s0024_approach,A_occlusion_medium/A_occlusion_medium_libero_object_t00_ep002_s0024_approach,24,libero_object,0,2.65344905859076,0.37
6.038155555725098,1.120367407798767,8.381704710423946,5.829989433288574,7.5365655143539625,16.190790882110594,0.14152723820688456,0.9938603639602661,19.987559435574756,A_occlusion_medium,0.7414436725360026,1.8544042721805198,A_occlusion_medium_libero_object_t0_ep2,2,True,A_occlusion,25,0.9606347408524806,1.8892896404385462,pre_grasp,medium,A_occlusion_medium_libero_object_t00_ep002_s0056_pre_grasp,A_occlusion_medium/A_occlusion_medium_libero_object_t00_ep002_s0056_pre_grasp,56,libero_object,0,2.5010723550149048,0.43
5.773899555206299,1.8168880939483643,8.0442547746934,6.080901622772217,7.32285675290343,14.709972496032714,0.12364377510667561,0.9380632638931274,59.30447367886603,A_occlusion_medium,1.6460901838304582,4.278349988900611,A_occlusion_medium_libero_object_t0_ep2,2,True,A_occlusion,25,1.6499018037245659,4.337649927497835,manipulation,medium,A_occlusion_medium_libero_object_t00_ep002_s0080_manipulation,A_occlusion_medium/A_occlusion_medium_libero_object_t00_ep002_s0080_manipulation,80,libero_object,0,2.5990981727045317,0.45
6.2213134765625,1.9868800640106201,8.380994189996272,6.572869300842285,7.664930699191568,14.997420845031739,0.125713978563585,0.02927960455417633,56.53518290100504,A_occlusion_medium,0.4115275787664774,1.7816360724193512,A_occlusion_medium_libero_object_t0_ep3,3,True,A_occlusion,25,0.0,0.0,approach,medium,A_occlusion_medium_libero_object_t00_ep003_s0024_approach,A_occlusion_medium/A_occlusion_medium_libero_object_t00_ep003_s0024_approach,24,libero_object,0,4.329323633083522,0.37
5.632396697998047,1.4956457614898682,8.651135506574064,5.743839263916016,7.614370189703904,18.230847034454346,0.158868072267221,0.029390960931777954,24.54621395489327,A_occlusion_medium,0.12045295614709965,0.18274740707570122,A_occlusion_medium_libero_object_t0_ep3,3,True,A_occlusion,25,0.02143223181346095,0.052597447900286864,pre_grasp,medium,A_occlusion_medium_libero_object_t00_ep003_s0056_pre_grasp,A_occlusion_medium/A_occlusion_medium_libero_object_t00_ep003_s0056_pre_grasp,56,libero_object,0,1.5171683030553962,0.53
5.726166248321533,2.0189900398254395,7.946226305793971,5.709040641784668,6.979334415811481,16.880307369232177,0.12170714746070331,0.06794095039367676,81.63668512493739,A_occlusion_medium,0.6375813110089276,1.6070852761665415,A_occlusion_medium_libero_object_t0_ep3,3,True,A_occlusion,25,0.62712021970204,1.671127355784867,manipulation,medium,A_occlusion_medium_libero_object_t00_ep003_s0072_manipulation,A_occlusion_medium/A_occlusion_medium_libero_object_t00_ep003_s0072_manipulation,72,libero_object,0,2.5205965865333195,0.52
5.804633140563965,2.0626401901245117,6.985249304678291,5.754560470581055,6.442214554522461,12.002890396118165,0.08468177383205205,0.03656172752380371,48.89847449904156,A_occlusion_medium,0.582762948998134,2.298190386383452,A_occlusion_medium_libero_object_t0_ep4,4,True,A_occlusion,25,0.0,0.0,approach,medium,A_occlusion_medium_libero_object_t00_ep004_s0032_approach,A_occlusion_medium/A_occlusion_medium_libero_object_t00_ep004_s0032_approach,32,libero_object,0,3.9436110177121275,0.37
5.513990879058838,1.0133082866668701,7.772716145496815,5.358400821685791,6.845579119987818,16.33946226119995,0.12203619060011613,0.022349953651428223,13.6574333315758,A_occlusion_medium,0.21939952678559083,0.6356636396433086,A_occlusion_medium_libero_object_t0_ep4,4,True,A_occlusion,25,0.07770782135530686,0.3698302696744009,pre_grasp,medium,A_occlusion_medium_libero_object_t00_ep004_s0064_pre_grasp,A_occlusion_medium/A_occlusion_medium_libero_object_t00_ep004_s0064_pre_grasp,64,libero_object,0,2.8972881070272947,0.49
5.544980049133301,1.7307839393615723,7.654687179252505,5.716550827026367,6.803181516143667,15.522599506378175,0.11002028653567884,0.11786621809005737,54.369425991555225,A_occlusion_medium,0.9456687191847554,5.050327771868367,A_occlusion_medium_libero_object_t0_ep4,4,True,A_occlusion,25,0.971185156298804,5.0958317451749675,manipulation,medium,A_occlusion_medium_libero_object_t00_ep004_s0088_manipulation,A_occlusion_medium/A_occlusion_medium_libero_object_t00_ep004_s0088_manipulation,88,libero_object,0,5.3404830565001316,0.45
6.480613708496094,2.0532608032226562,7.702417920809239,6.490909099578857,7.104008552315947,13.231720485687255,0.10175815566017449,0.01451912522315979,56.98291535660438,A_occlusion_medium,0.586868615949819,1.236332861039369,A_occlusion_medium_libero_object_t0_ep5,5,True,A_occlusion,25,0.0,0.0,approach,medium,A_occlusion_medium_libero_object_t00_ep005_s0024_approach,A_occlusion_medium/A_occlusion_medium_libero_object_t00_ep005_s0024_approach,24,libero_object,0,2.106660379237392,0.36
5.483988285064697,1.5787924528121948,8.350371518637985,5.488727569580078,7.585897686677578,15.414109725952148,0.1470091654578715,0.03356039524078369,35.863050668015774,A_occlusion_medium,0.091281508222741,1.5292020523962986,A_occlusion_medium_libero_object_t0_ep5,5,True,A_occlusion,25,0.04347530304234967,0.17965102943623398,pre_grasp,medium,A_occlusion_medium_libero_object_t00_ep005_s0048_pre_grasp,A_occlusion_medium/A_occlusion_medium_libero_object_t00_ep005_s0048_pre_grasp,48,libero_object,0,16.752594059519797,0.46
5.510011672973633,1.7648499011993408,7.9277502610348165,5.693704605102539,7.079774048937348,15.76305046081543,0.12144108253223436,0.040889471769332886,70.76324916654322,A_occlusion_medium,0.7850113154737967,1.469133932438684,A_occlusion_medium_libero_object_t0_ep5,5,True,A_occlusion,25,0.7823916598290106,1.4775286685265112,manipulation,medium,A_occlusion_medium_libero_object_t00_ep005_s0064_manipulation,A_occlusion_medium/A_occlusion_medium_libero_object_t00_ep005_s0064_manipulation,64,libero_object,0,1.8714812175057407,0.54
6.31427526473999,2.1524100303649902,7.1711680153384805,6.384707450866699,6.685482804393356,11.658899364471436,0.081244652068399,0.014453351497650146,68.10740131955906,A_occlusion_medium,0.467873539510897,1.0372398580374893,A_occlusion_medium_libero_object_t0_ep6,6,True,A_occlusion,25,0.0,0.0,approach,medium,A_occlusion_medium_libero_object_t00_ep006_s0024_approach,A_occlusion_medium/A_occlusion_medium_libero_object_t00_ep006_s0024_approach,24,libero_object,0,2.216923528357242,0.37
5.307819366455078,1.233479619026184,7.616126392502338,5.606887340545654,6.84377828666142,14.752622890472413,0.11307742689653337,0.023228079080581665,24.76577724831821,A_occlusion_medium,0.0982463462514294,0.5661416532557954,A_occlusion_medium_libero_object_t0_ep6,6,True,A_occlusion,25,0.08427370277788897,0.29507633914079034,pre_grasp,medium,A_occlusion_medium_libero_object_t00_ep006_s0056_pre_grasp,A_occlusion_medium/A_occlusion_medium_libero_object_t00_ep006_s0056_pre_grasp,56,libero_object,0,5.762470309144534,0.53
5.601228713989258,1.8179529905319214,7.682787997182459,5.300972938537598,6.748864584154897,16.312240333557128,0.11524139117173682,0.08886957168579102,75.17670294039566,A_occlusion_medium,0.8828318510490472,3.352440166810497,A_occlusion_medium_libero_object_t0_ep6,6,True,A_occlusion,25,0.8820499225690676,3.357302361140541,manipulation,medium,A_occlusion_medium_libero_object_t00_ep006_s0120_manipulation,A_occlusion_medium/A_occlusion_medium_libero_object_t00_ep006_s0120_manipulation,120,libero_object,0,3.7973711107351593,0.48
6.707051753997803,1.8913679122924805,7.643683910369873,6.858544826507568,7.160787254184871,12.105649013519287,0.09362732545394613,0.034137874841690063,61.51246835426558,A_occlusion_medium,0.6256130249067348,3.2029556262060113,A_occlusion_medium_libero_object_t0_ep7,7,True,A_occlusion,25,0.0,0.0,approach,medium,A_occlusion_medium_libero_object_t00_ep007_s0024_approach,A_occlusion_medium/A_occlusion_medium_libero_object_t00_ep007_s0024_approach,24,libero_object,0,5.119707388898276,0.38
6.515931129455566,1.6753069162368774,9.395619888789952,6.642243385314941,8.545176971526374,17.25371244430542,0.17823375978442635,0.04873660206794739,60.00238556852235,A_occlusion_medium,0.4854696790828295,2.6770410668417477,A_occlusion_medium_libero_object_t0_ep7,7,True,A_occlusion,25,0.1135301611357904,0.09546777344048844,pre_grasp,medium,A_occlusion_medium_libero_object_t00_ep007_s0048_pre_grasp,A_occlusion_medium/A_occlusion_medium_libero_object_t00_ep007_s0048_pre_grasp,48,libero_object,0,5.5143321657066835,0.4
6.208484649658203,2.263739585876465,8.479780649766326,6.20423698425293,7.629232633681524,16.338844318389892,0.13634740765715717,0.09936639666557312,88.91290304108102,A_occlusion_medium,0.6105651027998089,6.597387940663654,A_occlusion_medium_libero_object_t0_ep7,7,True,A_occlusion,25,0.6115238581321564,6.710327874464234,manipulation,medium,A_occlusion_medium_libero_object_t00_ep007_s0072_manipulation,A_occlusion_medium/A_occlusion_medium_libero_object_t00_ep007_s0072_manipulation,72,libero_object,0,10.805379983904508,0.42
7.116661071777344,2.187897205352783,8.245214828290045,7.1008405685424805,7.5193665481749035,14.952052936553955,0.11101281300146877,0.0611230731010437,54.64789869260872,A_occlusion_medium,0.5553038353569967,4.550062991892209,A_occlusion_medium_libero_object_t0_ep8,8,True,A_occlusion,25,0.0,0.0,approach,medium,A_occlusion_medium_libero_object_t00_ep008_s0024_approach,A_occlusion_medium/A_occlusion_medium_libero_object_t00_ep008_s0024_approach,24,libero_object,0,8.193825978109876,0.37
5.935000419616699,2.0388617515563965,8.8356903931126,5.784502029418945,7.887518809471295,17.596795825958253,0.16280325836965387,0.02754804491996765,51.87409566692698,A_occlusion_medium,0.4904938125344131,2.102172939703071,A_occlusion_medium_libero_object_t0_ep8,8,True,A_occlusion,25,0.03898611807187827,0.06724701550236618,pre_grasp,medium,A_occlusion_medium_libero_object_t00_ep008_s0048_pre_grasp,A_occlusion_medium/A_occlusion_medium_libero_object_t00_ep008_s0048_pre_grasp,48,libero_object,0,4.285829680176816,0.43
5.932138442993164,2.374255657196045,8.776538874488324,6.235421180725098,7.800116422888521,17.79868232727051,0.14773024423973244,0.0744282603263855,94.87657287490862,A_occlusion_medium,0.525557159350045,5.257658426567271,A_occlusion_medium_libero_object_t0_ep8,8,True,A_occlusion,25,0.5266956414888732,5.3069871550626795,manipulation,medium,A_occlusion_medium_libero_object_t00_ep008_s0072_manipulation,A_occlusion_medium/A_occlusion_medium_libero_object_t00_ep008_s0072_manipulation,72,libero_object,0,10.003970706191884,0.42
6.260767459869385,2.265341281890869,7.4143290389329195,6.529640197753906,6.915099371047247,12.027211170196534,0.0900263211295882,0.033011019229888916,71.98861965823787,A_occlusion_medium,0.5429154279113445,2.158571482967879,A_occlusion_medium_libero_object_t0_ep9,9,True,A_occlusion,25,0.0,0.0,approach,medium,A_occlusion_medium_libero_object_t00_ep009_s0024_approach,A_occlusion_medium/A_occlusion_medium_libero_object_t00_ep009_s0024_approach,24,libero_object,0,3.9758890095868913,0.37
5.685285568237305,1.4129540920257568,8.319220987148583,5.836513519287109,7.439615281629356,16.44677770614624,0.14275208147211568,0.030887246131896973,41.74671894730822,A_occlusion_medium,0.6783851516286283,1.9031837692792877,A_occlusion_medium_libero_object_t0_ep9,9,True,A_occlusion,25,0.018937697393802407,0.016743089195011572,pre_grasp,medium,A_occlusion_medium_libero_object_t00_ep009_s0056_pre_grasp,A_occlusion_medium/A_occlusion_medium_libero_object_t00_ep009_s0056_pre_grasp,56,libero_object,0,2.8054620074013012,0.41
5.549582481384277,2.242279052734375,8.058964431285858,5.8462982177734375,7.272174139559527,15.328906726837157,0.12382773479164016,0.020023703575134277,79.61742362502629,A_occlusion_medium,0.7250961313577685,0.6656252725859987,A_occlusion_medium_libero_object_t0_ep9,9,True,A_occlusion,25,0.7191189069539018,0.66272327401153,manipulation,medium,A_occlusion_medium_libero_object_t00_ep009_s0072_manipulation,A_occlusion_medium/A_occlusion_medium_libero_object_t00_ep009_s0072_manipulation,72,libero_object,0,0.9179821044412297,0.46
8.847857475280762,2.4889912605285645,10.079560562036932,8.614203453063965,10.079560562036932,nan,0.16556271183128107,0.124839186668396,64.40346086400322,B_camera_shift_strong,0.9236942025305256,9.550278599306369,B_camera_shift_strong_libero_object_t0_ep0,0,False,B_camera_shift,0,0.0,0.0,approach,strong,B_camera_shift_strong_libero_object_t00_ep000_s0024_approach,B_camera_shift_strong/B_camera_shift_strong_libero_object_t00_ep000_s0024_approach,24,libero_object,0,10.339221111427033,0.37
7.485859394073486,1.9803125858306885,9.338320270180702,7.912947177886963,9.338320270180702,nan,0.13914931489004065,0.017071835696697235,32.345915984886325,B_camera_shift_strong,0.8225349240349292,0.862751659536429,B_camera_shift_strong_libero_object_t0_ep0,0,False,B_camera_shift,0,0.0,0.0,pre_grasp,strong,B_camera_shift_strong_libero_object_t00_ep000_s0040_pre_grasp,B_camera_shift_strong/B_camera_shift_strong_libero_object_t00_ep000_s0040_pre_grasp,40,libero_object,0,1.0488936509883584,0.4
8.086557388305664,2.5780704021453857,9.742638766765594,7.853370189666748,9.742638766765594,nan,0.15695684994755577,0.030039668083190918,61.21154612179073,B_camera_shift_strong,0.375756303328044,2.357692086814295,B_camera_shift_strong_libero_object_t0_ep1,1,True,B_camera_shift,0,0.0,0.0,approach,strong,B_camera_shift_strong_libero_object_t00_ep001_s0024_approach,B_camera_shift_strong/B_camera_shift_strong_libero_object_t00_ep001_s0024_approach,24,libero_object,0,6.274524381713365,0.37
7.328796863555908,2.3630895614624023,9.604670661501586,7.463611125946045,9.604670661501586,nan,0.16968073304302234,0.01485249400138855,57.98010330523133,B_camera_shift_strong,0.48365936375387597,0.3578483250421199,B_camera_shift_strong_libero_object_t0_ep1,1,True,B_camera_shift,0,0.0205593580442069,0.024811890105439955,pre_grasp,strong,B_camera_shift_strong_libero_object_t00_ep001_s0040_pre_grasp,B_camera_shift_strong/B_camera_shift_strong_libero_object_t00_ep001_s0040_pre_grasp,40,libero_object,0,0.7398767642266124,0.47
7.66086483001709,2.470545768737793,10.10171689465642,8.077462196350098,10.10171689465642,nan,0.17605995196816768,0.11922881007194519,95.31074893551957,B_camera_shift_strong,0.49437217382376736,7.004321177029084,B_camera_shift_strong_libero_object_t0_ep1,1,True,B_camera_shift,0,0.5028214349823169,7.1271972002659325,manipulation,strong,B_camera_shift_strong_libero_object_t00_ep001_s0064_manipulation,B_camera_shift_strong/B_camera_shift_strong_libero_object_t00_ep001_s0064_manipulation,64,libero_object,0,14.168113716541757,0.41
8.281028747558594,2.4784317016601562,9.492695138789713,8.013456344604492,9.492695138789713,nan,0.14675046485950818,0.032803237438201904,63.18193963921158,B_camera_shift_strong,0.4970369343983094,2.1701968743652036,B_camera_shift_strong_libero_object_t0_ep2,2,True,B_camera_shift,0,0.0,0.0,approach,strong,B_camera_shift_strong_libero_object_t00_ep002_s0024_approach,B_camera_shift_strong/B_camera_shift_strong_libero_object_t00_ep002_s0024_approach,24,libero_object,0,4.366268830690312,0.38
7.652915000915527,2.55161714553833,9.787588322535157,7.828141212463379,9.787588322535157,nan,0.1677519728673499,0.009712502360343933,62.03028426163365,B_camera_shift_strong,0.5321849376697334,0.5817347689261224,B_camera_shift_strong_libero_object_t0_ep2,2,True,B_camera_shift,0,0.0,0.0,pre_grasp,strong,B_camera_shift_strong_libero_object_t00_ep002_s0040_pre_grasp,B_camera_shift_strong/B_camera_shift_strong_libero_object_t00_ep002_s0040_pre_grasp,40,libero_object,0,1.0931064142351563,0.37
7.889812469482422,2.582594156265259,9.583271962590516,8.036060333251953,9.583271962590516,nan,0.1544269680013289,0.07506078481674194,94.83952495789411,B_camera_shift_strong,0.5009624391021121,3.448202938438243,B_camera_shift_strong_libero_object_t0_ep2,2,True,B_camera_shift,0,0.5040385269558528,3.5009440005533405,manipulation,strong,B_camera_shift_strong_libero_object_t00_ep002_s0064_manipulation,B_camera_shift_strong/B_camera_shift_strong_libero_object_t00_ep002_s0064_manipulation,64,libero_object,0,6.883156638686417,0.45
8.385527610778809,2.447091579437256,10.318082449026406,8.322090148925781,10.318082449026406,nan,0.18106164692600368,0.10172052681446075,59.477442383221536,B_camera_shift_strong,0.4870935740149865,8.822435351086762,B_camera_shift_strong_libero_object_t0_ep3,3,True,B_camera_shift,0,0.0,0.0,approach,strong,B_camera_shift_strong_libero_object_t00_ep003_s0024_approach,B_camera_shift_strong/B_camera_shift_strong_libero_object_t00_ep003_s0024_approach,24,libero_object,0,18.112403492342768,0.37
7.545052528381348,2.5247292518615723,10.052988831885159,8.420984268188477,10.052988831885159,nan,0.17215765468485747,0.03152056038379669,33.77059210769106,B_camera_shift_strong,0.40982896012540815,1.4572471674273635,B_camera_shift_strong_libero_object_t0_ep3,3,True,B_camera_shift,0,0.31219975515741644,1.0040806283066261,pre_grasp,strong,B_camera_shift_strong_libero_object_t00_ep003_s0048_pre_grasp,B_camera_shift_strong/B_camera_shift_strong_libero_object_t00_ep003_s0048_pre_grasp,48,libero_object,0,3.5557447355146503,0.43
8.044694900512695,2.6395020484924316,9.704148762859404,8.226869583129883,9.704148762859404,nan,0.15737987434157139,0.0702904462814331,73.29560396588931,B_camera_shift_strong,0.3708482943237495,2.79819672011798,B_camera_shift_strong_libero_object_t0_ep3,3,True,B_camera_shift,0,0.3776356173585967,2.736208958592034,manipulation,strong,B_camera_shift_strong_libero_object_t00_ep003_s0064_manipulation,B_camera_shift_strong/B_camera_shift_strong_libero_object_t00_ep003_s0064_manipulation,64,libero_object,0,7.545394607303121,0.42
8.399944305419922,2.4459362030029297,9.593886652961373,7.896903038024902,9.593886652961373,nan,0.14902648910085844,0.061068445444107056,62.323347574680106,B_camera_shift_strong,0.5279475677838453,3.9819855592022173,B_camera_shift_strong_libero_object_t0_ep4,4,True,B_camera_shift,0,0.0,0.0,approach,strong,B_camera_shift_strong_libero_object_t00_ep004_s0024_approach,B_camera_shift_strong/B_camera_shift_strong_libero_object_t00_ep004_s0024_approach,24,libero_object,0,7.542388301772686,0.34
7.464421272277832,2.358786106109619,9.963720687665045,7.858093738555908,9.963720687665045,nan,0.18062272680449265,0.0201299786567688,59.42444829046785,B_camera_shift_strong,1.6887492904076495,8.801547164860576,B_camera_shift_strong_libero_object_t0_ep4,4,True,B_camera_shift,0,0.18310553509715313,4.506384327113223,pre_grasp,strong,B_camera_shift_strong_libero_object_t00_ep004_s0040_pre_grasp,B_camera_shift_strong/B_camera_shift_strong_libero_object_t00_ep004_s0040_pre_grasp,40,libero_object,0,5.2118731980257165,0.42
7.886643409729004,2.5675363540649414,9.974534671753645,8.113877296447754,9.974534671753645,nan,0.1697314252291163,0.07693350315093994,69.68841756509605,B_camera_shift_strong,0.6985961249898507,3.705075436474841,B_camera_shift_strong_libero_object_t0_ep4,4,True,B_camera_shift,0,0.7000265203548981,3.7357508693469565,manipulation,strong,B_camera_shift_strong_libero_object_t00_ep004_s0056_manipulation,B_camera_shift_strong/B_camera_shift_strong_libero_object_t00_ep004_s0056_manipulation,56,libero_object,0,5.303601471492086,0.4
8.322845458984375,2.827012062072754,9.700439773499966,8.16944694519043,9.700439773499966,nan,0.15586591484336978,0.09542804956436157,62.38510294735493,B_camera_shift_strong,0.5436257043633019,7.8855913417458785,B_camera_shift_strong_libero_object_t0_ep5,5,False,B_camera_shift,0,0.0,0.0,approach,strong,B_camera_shift_strong_libero_object_t00_ep005_s0016_approach,B_camera_shift_strong/B_camera_shift_strong_libero_object_t00_ep005_s0016_approach,16,libero_object,0,14.505552769955084,0.36
7.649292945861816,2.3145339488983154,9.51398781966418,7.918417930603027,9.51398781966418,nan,0.1503293423729207,0.01868647336959839,66.50456765287632,B_camera_shift_strong,0.3586437606721977,1.3816372160786567,B_camera_shift_strong_libero_object_t0_ep5,5,False,B_camera_shift,0,0.0,0.0,pre_grasp,strong,B_camera_shift_strong_libero_object_t00_ep005_s0032_pre_grasp,B_camera_shift_strong/B_camera_shift_strong_libero_object_t00_ep005_s0032_pre_grasp,32,libero_object,0,3.8523944024262016,0.35
8.348177909851074,2.206338882446289,9.373989335261285,7.693706512451172,9.373989335261285,nan,0.1448670698267249,0.06626299023628235,60.71101845396878,B_camera_shift_strong,0.5327218963621204,4.843888084683584,B_camera_shift_strong_libero_object_t0_ep6,6,False,B_camera_shift,0,0.0,0.0,approach,strong,B_camera_shift_strong_libero_object_t00_ep006_s0024_approach,B_camera_shift_strong/B_camera_shift_strong_libero_object_t00_ep006_s0024_approach,24,libero_object,0,9.092714449625188,0.36
8.264836311340332,1.4989168643951416,10.68501550052315,8.29588508605957,10.68501550052315,nan,0.2036416997315086,0.021670013666152954,17.215018693289224,B_camera_shift_strong,0.2941405727909882,0.36038703963503016,B_camera_shift_strong_libero_object_t0_ep6,6,False,B_camera_shift,0,0.2805013296756494,0.5588791476665838,pre_grasp,strong,B_camera_shift_strong_libero_object_t00_ep006_s0048_pre_grasp,B_camera_shift_strong/B_camera_shift_strong_libero_object_t00_ep006_s0048_pre_grasp,48,libero_object,0,1.2252204319025233,0.53
8.369397163391113,2.530506134033203,9.666082228533924,8.490852355957031,9.666082228533924,nan,0.14981415264720832,0.04243321716785431,89.06116256998065,B_camera_shift_strong,0.34422946515873365,1.9327240170959767,B_camera_shift_strong_libero_object_t0_ep6,6,False,B_camera_shift,0,0.3460597548463357,1.963857833612728,manipulation,strong,B_camera_shift_strong_libero_object_t00_ep006_s0064_manipulation,B_camera_shift_strong/B_camera_shift_strong_libero_object_t00_ep006_s0064_manipulation,64,libero_object,0,5.614638526672157,0.43
8.299555778503418,2.5500810146331787,9.412346962839365,7.792050361633301,9.412346962839365,nan,0.14705528843622828,0.0633431077003479,59.62605195621184,B_camera_shift_strong,0.5031946195760063,4.516954888945957,B_camera_shift_strong_libero_object_t0_ep7,7,True,B_camera_shift,0,0.0,0.0,approach,strong,B_camera_shift_strong_libero_object_t00_ep007_s0024_approach,B_camera_shift_strong/B_camera_shift_strong_libero_object_t00_ep007_s0024_approach,24,libero_object,0,8.976556412212755,0.36
7.614729881286621,2.340470314025879,9.628073524683714,7.981788635253906,9.628073524683714,nan,0.157897456255924,0.013593591749668121,48.769339944702686,B_camera_shift_strong,1.1701936977353593,4.186993829280563,B_camera_shift_strong_libero_object_t0_ep7,7,True,B_camera_shift,0,0.018813325304101448,0.02046535062787244,pre_grasp,strong,B_camera_shift_strong_libero_object_t00_ep007_s0040_pre_grasp,B_camera_shift_strong/B_camera_shift_strong_libero_object_t00_ep007_s0040_pre_grasp,40,libero_object,0,3.578034847891871,0.45
7.641014099121094,2.850456714630127,9.66346866544336,7.96799898147583,9.66346866544336,nan,0.15905504731510992,0.0773516297340393,96.06118341522956,B_camera_shift_strong,0.4434081317917204,4.325316256915053,B_camera_shift_strong_libero_object_t0_ep7,7,True,B_camera_shift,0,0.44503901689178854,4.393614314799287,manipulation,strong,B_camera_shift_strong_libero_object_t00_ep007_s0064_manipulation,B_camera_shift_strong/B_camera_shift_strong_libero_object_t00_ep007_s0064_manipulation,64,libero_object,0,9.754706661416753,0.44
7.8242034912109375,2.549325466156006,9.853010904043913,8.021808624267578,9.853010904043913,nan,0.16498302302186266,0.07939201593399048,57.616682065819894,B_camera_shift_strong,0.4642600448788204,6.716471971958725,B_camera_shift_strong_libero_object_t0_ep8,8,False,B_camera_shift,0,0.0,0.0,approach,strong,B_camera_shift_strong_libero_object_t00_ep008_s0016_approach,B_camera_shift_strong/B_camera_shift_strong_libero_object_t00_ep008_s0016_approach,16,libero_object,0,14.467047177647684,0.36
7.940465927124023,2.6371536254882812,10.518835215829313,8.30736255645752,10.518835215829313,nan,0.19930472800937157,0.01048414409160614,32.41015645293032,B_camera_shift_strong,10.458925406716581,5.634067865627717,B_camera_shift_strong_libero_object_t0_ep8,8,False,B_camera_shift,0,14.525659392039003,7.8095769810405,pre_grasp,strong,B_camera_shift_strong_libero_object_t00_ep008_s0040_pre_grasp,B_camera_shift_strong/B_camera_shift_strong_libero_object_t00_ep008_s0040_pre_grasp,40,libero_object,0,0.538685156126039,0.53
8.284650802612305,2.6436362266540527,9.766963141039014,8.29730224609375,9.766963141039014,nan,0.1584147321213539,0.020046114921569824,51.0787390228591,B_camera_shift_strong,0.26897214623440685,0.7237121502850586,B_camera_shift_strong_libero_object_t0_ep8,8,False,B_camera_shift,0,0.27067429450968783,0.74981113925899,manipulation,strong,B_camera_shift_strong_libero_object_t00_ep008_s0056_manipulation,B_camera_shift_strong/B_camera_shift_strong_libero_object_t00_ep008_s0056_manipulation,56,libero_object,0,2.6906583466614786,0.44
7.984375953674316,2.3904833793640137,9.874529344961047,7.862117767333984,9.874529344961047,nan,0.16432839196084623,0.0820433497428894,60.84341921983852,B_camera_shift_strong,0.34735666649832525,5.877140506785769,B_camera_shift_strong_libero_object_t0_ep9,9,True,B_camera_shift,0,0.0,0.0,approach,strong,B_camera_shift_strong_libero_object_t00_ep009_s0024_approach,B_camera_shift_strong/B_camera_shift_strong_libero_object_t00_ep009_s0024_approach,24,libero_object,0,16.919613393440095,0.36
7.622159957885742,2.016720771789551,9.75100891571492,7.942366600036621,9.75100891571492,nan,0.16866731953587474,0.01736302673816681,24.33641468275079,B_camera_shift_strong,0.2256084908839914,0.2930067901010971,B_camera_shift_strong_libero_object_t0_ep9,9,True,B_camera_shift,0,0.11117757059307647,0.21760325071599299,pre_grasp,strong,B_camera_shift_strong_libero_object_t00_ep009_s0048_pre_grasp,B_camera_shift_strong/B_camera_shift_strong_libero_object_t00_ep009_s0048_pre_grasp,48,libero_object,0,1.2987400826671993,0.58
7.848320007324219,2.8444418907165527,10.048879759386182,8.058541297912598,10.048879759386182,nan,0.17329121832968963,0.08516967296600342,96.89659923084582,B_camera_shift_strong,0.45787514336186025,4.122298470133465,B_camera_shift_strong_libero_object_t0_ep9,9,True,B_camera_shift,0,0.4606712111761992,4.18217564208512,manipulation,strong,B_camera_shift_strong_libero_object_t00_ep009_s0064_manipulation,B_camera_shift_strong/B_camera_shift_strong_libero_object_t00_ep009_s0064_manipulation,64,libero_object,0,9.003106042984298,0.56
5.337974548339844,1.8588199615478516,6.06034927116707,5.700937271118164,6.06034927116707,nan,0.0550964424960984,0.03540310263633728,61.534247380052534,ID,0.4901851960069135,2.724810548104811,ID_libero_object_t0_ep0,0,True,ID,0,0.0,0.0,approach,none,ID_libero_object_t00_ep000_s0024_approach,ID/ID_libero_object_t00_ep000_s0024_approach,24,libero_object,0,5.558736922904503,0.36
5.890627861022949,2.023953437805176,6.784559760242701,5.781641006469727,6.784559760242701,nan,0.07352072351717263,0.012427657842636108,67.3995927658913,ID,2.9916992801226403,1.6299760090374402,ID_libero_object_t0_ep0,0,True,ID,0,0.6737102423667896,0.4353963445339423,pre_grasp,none,ID_libero_object_t00_ep000_s0040_pre_grasp,ID/ID_libero_object_t00_ep000_s0040_pre_grasp,40,libero_object,0,0.544832837935042,0.43
5.928271293640137,2.324502944946289,6.526651193387806,5.895707130432129,6.526651193387806,nan,0.06625538278336972,0.011743523180484772,95.16224545477874,ID,0.4299958980259923,0.6003581973694487,ID_libero_object_t0_ep0,0,True,ID,0,0.4331396458783534,0.5987925128538505,manipulation,none,ID_libero_object_t00_ep000_s0056_manipulation,ID/ID_libero_object_t00_ep000_s0056_manipulation,56,libero_object,0,1.3961951733157194,0.65
5.60816764831543,1.860770583152771,5.905785467475653,5.558995246887207,5.905785467475653,nan,0.05239551538965745,0.015927612781524658,57.095353069828,ID,0.6019456468369272,1.0938009893181186,ID_libero_object_t0_ep1,1,True,ID,0,0.0,0.0,approach,none,ID_libero_object_t00_ep001_s0024_approach,ID/ID_libero_object_t00_ep001_s0024_approach,24,libero_object,0,1.8171092274954848,0.35
5.691572189331055,2.179800033569336,7.231018018443137,5.848535060882568,7.231018018443137,nan,0.09011599730339791,0.011807948350906372,87.32596892845247,ID,0.38748138828240997,0.6861156725417441,ID_libero_object_t0_ep1,1,True,ID,0,0.0,0.0,pre_grasp,none,ID_libero_object_t00_ep001_s0040_pre_grasp,ID/ID_libero_object_t00_ep001_s0040_pre_grasp,40,libero_object,0,1.7707061378692053,0.37
5.802173137664795,2.5298805236816406,6.09313961211592,5.3912458419799805,6.09313961211592,nan,0.057487862548102876,0.007834509015083313,91.03442269891659,ID,0.5035703864643165,0.21851362352881956,ID_libero_object_t0_ep1,1,True,ID,0,0.4952283735046241,0.22870313648827575,manipulation,none,ID_libero_object_t00_ep001_s0064_manipulation,ID/ID_libero_object_t00_ep001_s0064_manipulation,64,libero_object,0,0.43392866102205485,0.55
5.45350456237793,1.8087666034698486,5.955337586812675,5.718613624572754,5.955337586812675,nan,0.053271049471067526,0.014583200216293335,57.16160031128426,ID,0.4784115855022417,0.9755115476771418,ID_libero_object_t0_ep2,2,True,ID,0,0.0,0.0,approach,none,ID_libero_object_t00_ep002_s0024_approach,ID/ID_libero_object_t00_ep002_s0024_approach,24,libero_object,0,2.039063386504403,0.37
5.472972869873047,1.7894757986068726,6.187781658489257,5.529580116271973,6.187781658489257,nan,0.06031129356296442,0.011152826249599457,55.873929817405866,ID,0.10295211686103761,0.3420219378133345,ID_libero_object_t0_ep2,2,True,ID,0,0.048909102590338906,0.035884088673964844,pre_grasp,none,ID_libero_object_t00_ep002_s0048_pre_grasp,ID/ID_libero_object_t00_ep002_s0048_pre_grasp,48,libero_object,0,3.322145753204743,0.46
5.692770957946777,2.3030457496643066,6.190961629152298,5.8001389503479,6.190961629152298,nan,0.057490259988473735,0.008676230907440186,95.77218401406178,ID,0.44799835908757957,0.6485119071744446,ID_libero_object_t0_ep2,2,True,ID,0,0.45067600355792026,0.6773844182239621,manipulation,none,ID_libero_object_t00_ep002_s0064_manipulation,ID/ID_libero_object_t00_ep002_s0064_manipulation,64,libero_object,0,1.447576523483798,0.52
5.6563310623168945,1.8249707221984863,5.963619771879166,5.629117012023926,5.963619771879166,nan,0.05347998326798822,0.015124797821044922,55.333251379254634,ID,0.5683610991790252,1.0830982524351167,ID_libero_object_t0_ep3,3,True,ID,0,0.0,0.0,approach,none,ID_libero_object_t00_ep003_s0024_approach,ID/ID_libero_object_t00_ep003_s0024_approach,24,libero_object,0,1.9056516253480553,0.37
5.286849021911621,1.5306942462921143,6.069727316498756,5.450131416320801,6.069727316498756,nan,0.05763526907528751,0.01100766658782959,30.228297925055042,ID,0.2826569814720827,0.3876650567184175,ID_libero_object_t0_ep3,3,True,ID,0,0.2349171509822976,0.1734424327937644,pre_grasp,none,ID_libero_object_t00_ep003_s0048_pre_grasp,ID/ID_libero_object_t00_ep003_s0048_pre_grasp,48,libero_object,0,1.371503561311137,0.58
5.278092384338379,2.2651543617248535,5.878402394708246,5.148155689239502,5.878402394708246,nan,0.05429310220777286,0.010521411895751953,90.42242347681832,ID,0.3570732794574895,0.5940529717620494,ID_libero_object_t0_ep3,3,True,ID,0,0.36047664869654455,0.5930569113667891,manipulation,none,ID_libero_object_t00_ep003_s0064_manipulation,ID/ID_libero_object_t00_ep003_s0064_manipulation,64,libero_object,0,1.6636724334697044,0.52
5.411788463592529,1.820371150970459,6.119877588935196,5.704379081726074,6.119877588935196,nan,0.05727855965352749,0.013797551393508911,49.27927627537348,ID,0.44101799444952866,0.9048319323273631,ID_libero_object_t0_ep4,4,True,ID,0,0.0,0.0,approach,none,ID_libero_object_t00_ep004_s0024_approach,ID/ID_libero_object_t00_ep004_s0024_approach,24,libero_object,0,2.0516893725770973,0.36
5.820369720458984,1.8289823532104492,6.32480040891096,5.884824752807617,6.32480040891096,nan,0.0593714952907203,0.008903741836547852,56.292579949982375,ID,0.31350054495546603,0.36588604512374845,ID_libero_object_t0_ep4,4,True,ID,0,0.20871468563942672,0.102310255373542,pre_grasp,none,ID_libero_object_t00_ep004_s0048_pre_grasp,ID/ID_libero_object_t00_ep004_s0048_pre_grasp,48,libero_object,0,1.1670985936427127,0.49
5.828446388244629,2.365711212158203,6.601511491462588,5.770914077758789,6.601511491462588,nan,0.06937000128023385,0.014346182346343994,94.14054250841698,ID,0.47361461069956273,0.6929642565647601,ID_libero_object_t0_ep4,4,True,ID,0,0.47954970259597046,0.7242039620946702,manipulation,none,ID_libero_object_t00_ep004_s0064_manipulation,ID/ID_libero_object_t00_ep004_s0064_manipulation,64,libero_object,0,1.4631395250691321,0.5
5.474542617797852,1.712658405303955,6.070707866922021,5.626835346221924,6.070707866922021,nan,0.056842608168531816,0.04530376195907593,53.879082986204466,ID,0.43591684558337035,3.623728219124324,ID_libero_object_t0_ep5,5,True,ID,0,0.0,0.0,approach,none,ID_libero_object_t00_ep005_s0024_approach,ID/ID_libero_object_t00_ep005_s0024_approach,24,libero_object,0,8.312888698473744,0.35
5.362944602966309,1.0588159561157227,5.8184300870634615,5.336930274963379,5.8184300870634615,nan,0.05283899663001541,0.007893584668636322,10.183459452616754,ID,0.2935780791869899,0.12224314529142738,ID_libero_object_t0_ep5,5,True,ID,0,0.28781889260328813,0.10511798936647461,pre_grasp,none,ID_libero_object_t00_ep005_s0048_pre_grasp,ID/ID_libero_object_t00_ep005_s0048_pre_grasp,48,libero_object,0,0.4163905753111987,0.62
5.575503826141357,2.329436779022217,6.081657879985869,5.6099066734313965,6.081657879985869,nan,0.057088959630702076,0.02681642770767212,95.32510776579782,ID,0.47115476317039046,1.3729912419751156,ID_libero_object_t0_ep5,5,True,ID,0,0.47416157448701046,1.3718319200578122,manipulation,none,ID_libero_object_t00_ep005_s0064_manipulation,ID/ID_libero_object_t00_ep005_s0064_manipulation,64,libero_object,0,2.914098188748611,0.55
5.342319011688232,1.7940338850021362,5.896149153355509,5.38385009765625,5.896149153355509,nan,0.05187707471832265,0.02503359317779541,63.48246111937716,ID,0.4212721019407413,2.1632496921044946,ID_libero_object_t0_ep6,6,True,ID,0,0.0,0.0,approach,none,ID_libero_object_t00_ep006_s0024_approach,ID/ID_libero_object_t00_ep006_s0024_approach,24,libero_object,0,5.135041418927832,0.35
5.979072093963623,1.7656497955322266,6.499342853203416,5.904658317565918,6.499342853203416,nan,0.06572365464662004,0.010994493961334229,44.32005287730892,ID,0.18370280089485633,0.4518349782234094,ID_libero_object_t0_ep6,6,True,ID,0,0.048971414355464225,0.09562755652032406,pre_grasp,none,ID_libero_object_t00_ep006_s0048_pre_grasp,ID/ID_libero_object_t00_ep006_s0048_pre_grasp,48,libero_object,0,2.459597654594393,0.45
5.585904121398926,2.279237747192383,6.48439874779433,5.388772010803223,6.48439874779433,nan,0.07008855876007997,0.013426065444946289,95.97264529750609,ID,0.4822117898767461,0.49009669664798744,ID_libero_object_t0_ep6,6,True,ID,0,0.48638197376155096,0.49692854313330376,manipulation,none,ID_libero_object_t00_ep006_s0064_manipulation,ID/ID_libero_object_t00_ep006_s0064_manipulation,64,libero_object,0,1.0163515429045331,0.46
5.736042022705078,1.8200123310089111,6.18869414832443,5.704824447631836,6.18869414832443,nan,0.060013190651558475,0.011189520359039307,57.9560320524712,ID,0.5453224504690062,0.5502026120464008,ID_libero_object_t0_ep7,7,True,ID,0,0.0,0.0,approach,none,ID_libero_object_t00_ep007_s0024_approach,ID/ID_libero_object_t00_ep007_s0024_approach,24,libero_object,0,1.0089491301397868,0.35
5.583655834197998,1.8443288803100586,6.333580781240016,5.575021743774414,6.333580781240016,nan,0.06328224601510027,0.019789576530456543,45.01634588151168,ID,0.1291721362670205,1.07043593618937,ID_libero_object_t0_ep7,7,True,ID,0,0.06860899137567174,0.3197761681345654,pre_grasp,none,ID_libero_object_t00_ep007_s0048_pre_grasp,ID/ID_libero_object_t00_ep007_s0048_pre_grasp,48,libero_object,0,8.2868950465958,0.5
5.729595184326172,2.1275768280029297,6.426643938291818,5.459012985229492,6.426643938291818,nan,0.06837833129414185,0.01602405309677124,96.92263948851081,ID,0.29935857783179287,0.5783719269307803,ID_libero_object_t0_ep7,7,True,ID,0,0.30162798079249836,0.5768629986437858,manipulation,none,ID_libero_object_t00_ep007_s0064_manipulation,ID/ID_libero_object_t00_ep007_s0064_manipulation,64,libero_object,0,1.9320372615337675,0.51
5.2371931076049805,1.7867474555969238,6.209935240447521,5.727397918701172,6.209935240447521,nan,0.05898281726798884,0.02054738998413086,58.32834561213463,ID,0.45130607868872624,1.7718870211430353,ID_libero_object_t0_ep8,8,True,ID,0,0.0,0.0,approach,none,ID_libero_object_t00_ep008_s0024_approach,ID/ID_libero_object_t00_ep008_s0024_approach,24,libero_object,0,3.9261315209652583,0.38
5.742596626281738,1.8753423690795898,6.826902969740331,6.165167808532715,6.826902969740331,nan,0.07242766126990789,0.010765820741653442,72.14330682912615,ID,0.1260550819096792,0.13568770839372893,ID_libero_object_t0_ep8,8,True,ID,0,0.036060293239699504,0.03907083014710717,pre_grasp,none,ID_libero_object_t00_ep008_s0040_pre_grasp,ID/ID_libero_object_t00_ep008_s0040_pre_grasp,40,libero_object,0,1.0764160106686669,0.43
5.902073860168457,2.196333169937134,6.112495243549347,5.43996000289917,6.112495243549347,nan,0.05709383486006717,0.01621869206428528,91.73117828819568,ID,0.3342114349970435,0.7457253981134627,ID_libero_object_t0_ep8,8,True,ID,0,0.33756121605343625,0.7507317739367441,manipulation,none,ID_libero_object_t00_ep008_s0056_manipulation,ID/ID_libero_object_t00_ep008_s0056_manipulation,56,libero_object,0,2.2312982741600678,0.55
5.394942760467529,2.0440354347229004,6.158239900134504,5.576050758361816,6.158239900134504,nan,0.058406851682277265,0.008417658507823944,58.5436175157102,ID,0.5090808283177389,0.498202129458277,ID_libero_object_t0_ep9,9,True,ID,0,0.0,0.0,approach,none,ID_libero_object_t00_ep009_s0024_approach,ID/ID_libero_object_t00_ep009_s0024_approach,24,libero_object,0,0.9786307040958296,0.38
5.591269493103027,1.7121437788009644,6.113132907543331,5.536760330200195,6.113132907543331,nan,0.05784251506220381,0.007651627063751221,53.463254241083675,ID,5.585402689526177,1.367637194846121,ID_libero_object_t0_ep9,9,True,ID,0,3.585221676773093,1.2137786350658821,pre_grasp,none,ID_libero_object_t00_ep009_s0048_pre_grasp,ID/ID_libero_object_t00_ep009_s0048_pre_grasp,48,libero_object,0,0.2448591929478483,0.47
5.460555076599121,2.377810001373291,6.174636444076896,5.520083427429199,6.174636444076896,nan,0.06014910931680976,0.0076736509799957275,96.42549927007805,ID,0.5092711869693513,0.23155822586501684,ID_libero_object_t0_ep9,9,True,ID,0,0.5166727368163216,0.24263209363184393,manipulation,none,ID_libero_object_t00_ep009_s0064_manipulation,ID/ID_libero_object_t00_ep009_s0064_manipulation,64,libero_object,0,0.45468550310691813,0.43
6.828923225402832,1.7933857440948486,7.082725319545716,6.91542387008667,6.795925569224667,9.732755012512207,0.0767675642864881,0.032097846269607544,55.98903258346233,A_occlusion_medium,0.42928133436749766,1.94604601599779,A_occlusion_medium_libero_object_t6_ep0,0,True,A_occlusion,25,0.0,0.0,approach,medium,A_occlusion_medium_libero_object_t06_ep000_s0024_approach,A_occlusion_medium/A_occlusion_medium_libero_object_t06_ep000_s0024_approach,24,libero_object,6,4.533264924889154,0.36
6.927757263183594,2.1055328845977783,9.54089961387217,7.1632537841796875,8.667466747812378,17.61141929626465,0.17546566152942203,0.028688371181488037,46.23315622937638,A_occlusion_medium,0.27099283648579126,0.6171166561134421,A_occlusion_medium_libero_object_t6_ep0,0,True,A_occlusion,25,0.7695684279648517,0.9424610541079442,pre_grasp,medium,A_occlusion_medium_libero_object_t06_ep000_s0048_pre_grasp,A_occlusion_medium/A_occlusion_medium_libero_object_t06_ep000_s0048_pre_grasp,48,libero_object,6,2.2772434287051677,0.4
6.900872230529785,1.794046401977539,8.140477860812098,6.839222431182861,7.467783893341626,14.356170120239257,0.1090636914089549,0.03532840311527252,78.32845440244198,A_occlusion_medium,1.3073246076906428,1.8526094778121538,A_occlusion_medium_libero_object_t6_ep0,0,True,A_occlusion,25,1.3034382310093926,1.862064590438109,manipulation,medium,A_occlusion_medium_libero_object_t06_ep000_s0064_manipulation,A_occlusion_medium/A_occlusion_medium_libero_object_t06_ep000_s0064_manipulation,64,libero_object,6,1.417099828851798,0.42
6.471512794494629,1.9708256721496582,7.126806451007724,6.809392929077148,6.85754124942796,9.614816913604736,0.07903514272945247,0.01986771821975708,60.88905451796383,A_occlusion_medium,0.45715843428749786,1.4400580501180098,A_occlusion_medium_libero_object_t6_ep1,1,True,A_occlusion,25,0.0,0.0,approach,medium,A_occlusion_medium_libero_object_t06_ep001_s0024_approach,A_occlusion_medium/A_occlusion_medium_libero_object_t06_ep001_s0024_approach,24,libero_object,6,3.150019647701361,0.36
7.072274208068848,2.5854523181915283,9.628633118234575,6.884541034698486,8.95992922576475,15.807457084655761,0.18716681920982478,0.04079589247703552,74.41008242566498,A_occlusion_medium,0.41944410091478507,1.3628277159162236,A_occlusion_medium_libero_object_t6_ep1,1,True,A_occlusion,25,0.0,0.0,pre_grasp,medium,A_occlusion_medium_libero_object_t06_ep001_s0048_pre_grasp,A_occlusion_medium/A_occlusion_medium_libero_object_t06_ep001_s0048_pre_grasp,48,libero_object,6,3.249128341402274,0.38
6.698358535766602,2.228476047515869,8.692954929545522,6.827463150024414,8.228250266153575,12.98682601928711,0.1343208454196917,0.12945491075515747,93.14584353104624,A_occlusion_medium,0.5020336962467541,2.3739785433584277,A_occlusion_medium_libero_object_t6_ep1,1,True,A_occlusion,25,0.5018647420732901,2.3686262752881664,manipulation,medium,A_occlusion_medium_libero_object_t06_ep001_s0072_manipulation,A_occlusion_medium/A_occlusion_medium_libero_object_t06_ep001_s0072_manipulation,72,libero_object,6,4.728723512199459,0.42
6.523521423339844,2.19161319732666,7.836482712998986,6.989853382110596,7.316375792284549,12.64227066040039,0.09804917634240999,0.05791968107223511,62.95972012910829,A_occlusion_medium,0.5515681021126256,4.08301484523368,A_occlusion_medium_libero_object_t6_ep2,2,True,A_occlusion,25,0.0,0.0,approach,medium,A_occlusion_medium_libero_object_t06_ep002_s0024_approach,A_occlusion_medium/A_occlusion_medium_libero_object_t06_ep002_s0024_approach,24,libero_object,6,7.402557960829943,0.35
7.104792594909668,2.07919979095459,9.786288719624281,6.970911026000977,8.881009568383684,18.1510680770874,0.1894022716545858,0.037206560373306274,70.28594091168138,A_occlusion_medium,0.319557167263127,1.142274653202356,A_occlusion_medium_libero_object_t6_ep2,2,True,A_occlusion,25,0.0,0.0,pre_grasp,medium,A_occlusion_medium_libero_object_t06_ep002_s0040_pre_grasp,A_occlusion_medium/A_occlusion_medium_libero_object_t06_ep002_s0040_pre_grasp,40,libero_object,6,3.5745549473524845,0.36
6.56065559387207,2.564891815185547,9.000914607197046,6.732390403747559,8.253681455339704,15.905348930358887,0.14982434676832657,0.07200431823730469,90.9132121788957,A_occlusion_medium,0.6821759970211897,1.5823460981983237,A_occlusion_medium_libero_object_t6_ep2,2,True,A_occlusion,25,0.6824502164482352,1.5866919634646564,manipulation,medium,A_occlusion_medium_libero_object_t06_ep002_s0064_manipulation,A_occlusion_medium/A_occlusion_medium_libero_object_t06_ep002_s0064_manipulation,64,libero_object,6,2.3195569839863084,0.42
6.821180820465088,2.016868829727173,7.304678106680512,6.831623077392578,6.920227828996006,10.856998672485352,0.08342194877101711,0.04388013482093811,71.93520000507488,A_occlusion_medium,0.3751515687457115,3.0887425136312676,A_occlusion_medium_libero_object_t6_ep3,3,True,A_occlusion,25,0.0,0.0,approach,medium,A_occlusion_medium_libero_object_t06_ep003_s0024_approach,A_occlusion_medium/A_occlusion_medium_libero_object_t06_ep003_s0024_approach,24,libero_object,6,8.233318932820206,0.35
6.626340866088867,1.3136091232299805,9.398611671291292,6.819876670837402,8.260347282731688,19.91617462158203,0.17046435424990034,0.03139948844909668,26.89565177505229,A_occlusion_medium,0.49978843528803923,0.7064057381466285,A_occlusion_medium_libero_object_t6_ep3,3,True,A_occlusion,25,0.0,0.0,pre_grasp,medium,A_occlusion_medium_libero_object_t06_ep003_s0056_pre_grasp,A_occlusion_medium/A_occlusion_medium_libero_object_t06_ep003_s0056_pre_grasp,56,libero_object,6,1.4134095314540664,0.4
6.625769138336182,2.2385036945343018,8.56488268263638,6.7026777267456055,7.996095704825926,13.820474357604981,0.1327933040928021,0.10392612218856812,88.77421289872512,A_occlusion_medium,0.7816866734308827,2.5279468059374515,A_occlusion_medium_libero_object_t6_ep3,3,True,A_occlusion,25,0.7811349560685965,2.52493448206115,manipulation,medium,A_occlusion_medium_libero_object_t06_ep003_s0080_manipulation,A_occlusion_medium/A_occlusion_medium_libero_object_t06_ep003_s0080_manipulation,80,libero_object,6,3.2339643131462115,0.41
6.314702033996582,2.699057102203369,8.534189666621387,6.878366470336914,7.927432053016894,14.140630016326904,0.12857030260293997,0.06623449921607971,71.29326061342432,A_occlusion_medium,0.6488980589807446,5.490732324994444,A_occlusion_medium_libero_object_t6_ep4,4,True,A_occlusion,25,0.0,0.0,approach,medium,A_occlusion_medium_libero_object_t06_ep004_s0024_approach,A_occlusion_medium/A_occlusion_medium_libero_object_t06_ep004_s0024_approach,24,libero_object,6,8.46162544178203,0.36
7.203248023986816,1.908221960067749,9.8270382611081,7.269399642944336,9.030761911755516,17.184631729125975,0.18389244452427436,0.03848618268966675,80.12863833037437,A_occlusion_medium,0.395050931654378,3.291518460021719,A_occlusion_medium_libero_object_t6_ep4,4,True,A_occlusion,25,0.0,0.0,pre_grasp,medium,A_occlusion_medium_libero_object_t06_ep004_s0040_pre_grasp,A_occlusion_medium/A_occlusion_medium_libero_object_t06_ep004_s0040_pre_grasp,40,libero_object,6,8.331883806064281,0.37
6.936468601226807,2.0556960105895996,8.497849174775183,6.97698974609375,7.947356076467605,13.584405403137207,0.12725658487307231,0.03431040048599243,76.96671757145533,A_occlusion_medium,0.9565739332985164,0.8912862639891546,A_occlusion_medium_libero_object_t6_ep4,4,True,A_occlusion,25,0.9559997455309314,0.8946337224157443,manipulation,medium,A_occlusion_medium_libero_object_t06_ep004_s0064_manipulation,A_occlusion_medium/A_occlusion_medium_libero_object_t06_ep004_s0064_manipulation,64,libero_object,6,0.9317484336163825,0.43
7.077695369720459,2.0188512802124023,7.970004542730749,7.206808090209961,7.509414756452882,12.225854167938232,0.10233683992429804,0.0890723466873169,64.48317865890058,A_occlusion_medium,0.652944186342408,6.095227941696432,A_occlusion_medium_libero_object_t6_ep5,5,True,A_occlusion,25,0.0,0.0,approach,medium,A_occlusion_medium_libero_object_t06_ep005_s0024_approach,A_occlusion_medium/A_occlusion_medium_libero_object_t06_ep005_s0024_approach,24,libero_object,6,9.334990752946311,0.34
6.624057769775391,1.7017338275909424,9.641370125114918,6.864746570587158,8.720272997240999,18.15230758666992,0.18368692940683848,0.024066507816314697,42.59532765538869,A_occlusion_medium,0.1776942254934748,0.6222353637486155,A_occlusion_medium_libero_object_t6_ep5,5,True,A_occlusion,25,0.11034751989523828,0.4224576674225342,pre_grasp,medium,A_occlusion_medium_libero_object_t06_ep005_s0048_pre_grasp,A_occlusion_medium/A_occlusion_medium_libero_object_t06_ep005_s0048_pre_grasp,48,libero_object,6,3.5017196648940345,0.38
7.006730079650879,2.1261792182922363,8.658284600824118,6.9799323081970215,7.92834506509624,15.402925910949707,0.13028488481558168,0.047457873821258545,85.39259860896698,A_occlusion_medium,0.7278791037804458,1.7808345121788587,A_occlusion_medium_libero_object_t6_ep5,5,True,A_occlusion,25,0.7271398672495314,1.7990714336503661,manipulation,medium,A_occlusion_medium_libero_object_t06_ep005_s0064_manipulation,A_occlusion_medium/A_occlusion_medium_libero_object_t06_ep005_s0064_manipulation,64,libero_object,6,2.4466075518991977,0.41
6.91916561126709,1.8307915925979614,7.328312040306628,6.891045570373535,6.97481776625563,10.594599132537843,0.08247266693401875,0.019913628697395325,56.48655710656625,A_occlusion_medium,0.49940946515783474,1.2848489532498508,A_occlusion_medium_libero_object_t6_ep6,6,True,A_occlusion,25,0.0,0.0,approach,medium,A_occlusion_medium_libero_object_t06_ep006_s0024_approach,A_occlusion_medium/A_occlusion_medium_libero_object_t06_ep006_s0024_approach,24,libero_object,6,2.5727364875709426,0.35
7.13313102722168,2.2720437049865723,9.894945221021771,7.074180603027344,9.079697276606705,17.427836227416993,0.19417576242344012,0.07251647114753723,71.10739623665819,A_occlusion_medium,0.7617218879732158,2.616731383636091,A_occlusion_medium_libero_object_t6_ep6,6,True,A_occlusion,25,0.0,0.0,pre_grasp,medium,A_occlusion_medium_libero_object_t06_ep006_s0048_pre_grasp,A_occlusion_medium/A_occlusion_medium_libero_object_t06_ep006_s0048_pre_grasp,48,libero_object,6,3.4352844849957918,0.36
6.53131628036499,2.221982717514038,8.251069579273462,6.523677349090576,7.778281641212892,12.619630126953124,0.12438732849252558,0.12566983699798584,88.9459416135673,A_occlusion_medium,0.5776131905105147,2.033987486255757,A_occlusion_medium_libero_object_t6_ep6,6,True,A_occlusion,25,0.5775678732500157,2.036227413771737,manipulation,medium,A_occlusion_medium_libero_object_t06_ep006_s0072_manipulation,A_occlusion_medium/A_occlusion_medium_libero_object_t06_ep006_s0072_manipulation,72,libero_object,6,3.5213660623955763,0.43
6.410571098327637,2.4425954818725586,7.677345562260598,6.945385932922363,7.190449619190002,12.17626407623291,0.09305187197148863,0.03590667247772217,65.19614577718667,A_occlusion_medium,0.4868818666112764,2.6410043083096477,A_occlusion_medium_libero_object_t6_ep7,7,True,A_occlusion,25,0.0,0.0,approach,medium,A_occlusion_medium_libero_object_t06_ep007_s0024_approach,A_occlusion_medium/A_occlusion_medium_libero_object_t06_ep007_s0024_approach,24,libero_object,6,5.424322591209194,0.36
6.603304862976074,1.9337530136108398,9.864559719339013,6.7077484130859375,8.714422797743893,20.49182487487793,0.19589471961024119,0.04554855823516846,66.9385505752875,A_occlusion_medium,0.25616647918480195,2.882061296616332,A_occlusion_medium_libero_object_t6_ep7,7,True,A_occlusion,25,0.0,0.0,pre_grasp,medium,A_occlusion_medium_libero_object_t06_ep007_s0040_pre_grasp,A_occlusion_medium/A_occlusion_medium_libero_object_t06_ep007_s0040_pre_grasp,40,libero_object,6,11.250735481816005,0.36
6.370063781738281,2.076878309249878,8.554969154763967,6.399720191955566,8.049678708051706,13.223852882385254,0.14595026396918373,0.09704679250717163,86.28379799258609,A_occlusion_medium,0.43042155723256476,2.3096782578383785,A_occlusion_medium_libero_object_t6_ep7,7,True,A_occlusion,25,0.4263930408969328,2.2599093713259695,manipulation,medium,A_occlusion_medium_libero_object_t06_ep007_s0064_manipulation,A_occlusion_medium/A_occlusion_medium_libero_object_t06_ep007_s0064_manipulation,64,libero_object,6,5.366084061143844,0.39
6.781933307647705,2.015961170196533,7.564109141007066,6.930644512176514,7.078435893698688,12.051729946136474,0.0899884467295406,0.03199779987335205,63.61260479272393,A_occlusion_medium,0.5736455762924657,2.246492111844964,A_occlusion_medium_libero_object_t6_ep8,8,True,A_occlusion,25,0.0,0.0,approach,medium,A_occlusion_medium_libero_object_t06_ep008_s0024_approach,A_occlusion_medium/A_occlusion_medium_libero_object_t06_ep008_s0024_approach,24,libero_object,6,3.9161674118787575,0.35
6.742240905761719,1.519275188446045,9.506885542534292,7.076837539672852,8.397869761372025,19.754191360473634,0.17089997690729677,0.019222557544708252,35.15974217477487,A_occlusion_medium,0.6479907071320664,0.569586119186226,A_occlusion_medium_libero_object_t6_ep8,8,True,A_occlusion,25,4.473091406157736,2.4388932936297976,pre_grasp,medium,A_occlusion_medium_libero_object_t06_ep008_s0056_pre_grasp,A_occlusion_medium/A_occlusion_medium_libero_object_t06_ep008_s0056_pre_grasp,56,libero_object,6,0.8790035303239915,0.38
6.7121381759643555,2.349346876144409,8.704654556233436,6.821527481079102,8.09838449851775,14.306589889526368,0.13691506022273967,0.023885637521743774,84.71760978833663,A_occlusion_medium,0.7967178713167832,1.6800658102577948,A_occlusion_medium_libero_object_t6_ep8,8,True,A_occlusion,25,0.7972150624424049,1.6823267936055026,manipulation,medium,A_occlusion_medium_libero_object_t06_ep008_s0072_manipulation,A_occlusion_medium/A_occlusion_medium_libero_object_t06_ep008_s0072_manipulation,72,libero_object,6,2.1087336819507385,0.4
6.578704833984375,2.3143458366394043,7.795210735872388,6.847113609313965,7.319679741219525,12.189117126464843,0.09926689095143794,0.028524845838546753,63.8477416541883,A_occlusion_medium,0.6063028357848136,2.073153492736841,A_occlusion_medium_libero_object_t6_ep9,9,True,A_occlusion,25,0.0,0.0,approach,medium,A_occlusion_medium_libero_object_t06_ep009_s0024_approach,A_occlusion_medium/A_occlusion_medium_libero_object_t06_ep009_s0024_approach,24,libero_object,6,3.419336625818844,0.34
6.834914207458496,2.401721239089966,9.13351524528116,6.450135231018066,8.402510992892378,15.887994537353515,0.1663303275970678,0.01646694540977478,64.2133864486483,A_occlusion_medium,0.5084251662167338,1.20182800251585,A_occlusion_medium_libero_object_t6_ep9,9,True,A_occlusion,25,0.0,0.0,pre_grasp,medium,A_occlusion_medium_libero_object_t06_ep009_s0048_pre_grasp,A_occlusion_medium/A_occlusion_medium_libero_object_t06_ep009_s0048_pre_grasp,48,libero_object,6,2.3638247718121987,0.36
6.579887390136719,2.104628562927246,8.23577652266249,6.626887321472168,7.6169535045499925,13.953701210021972,0.12188224137540084,0.10888132452964783,82.78379531077157,A_occlusion_medium,1.1189092020077624,4.57541711470716,A_occlusion_medium_libero_object_t6_ep9,9,True,A_occlusion,25,1.1180543402212741,4.60794421231471,manipulation,medium,A_occlusion_medium_libero_object_t06_ep009_s0072_manipulation,A_occlusion_medium/A_occlusion_medium_libero_object_t06_ep009_s0072_manipulation,72,libero_object,6,4.089176410826782,0.43
8.509428977966309,2.662020206451416,9.621413925662637,8.563074111938477,9.621413925662637,nan,0.14760421517173325,0.08202773332595825,67.51507428939433,B_camera_shift_strong,0.3494973296400295,4.6194897461197995,B_camera_shift_strong_libero_object_t6_ep0,0,False,B_camera_shift,0,0.0,0.0,approach,strong,B_camera_shift_strong_libero_object_t06_ep000_s0016_approach,B_camera_shift_strong/B_camera_shift_strong_libero_object_t06_ep000_s0016_approach,16,libero_object,6,13.217525154992511,0.35
8.487467765808105,2.1845808029174805,9.7198385335505,8.486093521118164,9.7198385335505,nan,0.15025789042845994,0.022191986441612244,53.46062471234862,B_camera_shift_strong,1.3157099755393098,1.318554738120655,B_camera_shift_strong_libero_object_t6_ep0,0,False,B_camera_shift,0,0.0,0.0,pre_grasp,strong,B_camera_shift_strong_libero_object_t06_ep000_s0024_pre_grasp,B_camera_shift_strong/B_camera_shift_strong_libero_object_t06_ep000_s0024_pre_grasp,24,libero_object,6,1.0021621501958888,0.35
8.489473342895508,2.7272562980651855,10.70812162104994,8.412496566772461,10.70812162104994,nan,0.1998625600663251,0.1358480155467987,72.63801119246185,B_camera_shift_strong,0.5505270490004444,10.934350106507758,B_camera_shift_strong_libero_object_t6_ep1,1,True,B_camera_shift,0,0.0,0.0,approach,strong,B_camera_shift_strong_libero_object_t06_ep001_s0016_approach,B_camera_shift_strong/B_camera_shift_strong_libero_object_t06_ep001_s0016_approach,16,libero_object,6,19.861603760179516,0.34
7.485067367553711,2.295372247695923,9.845803645439446,7.827538013458252,9.845803645439446,nan,0.1718159215773424,0.03274953365325928,53.92707096869653,B_camera_shift_strong,0.10129981589001734,1.9251958967151026,B_camera_shift_strong_libero_object_t6_ep1,1,True,B_camera_shift,0,0.6855139273940578,22.520491393603418,pre_grasp,strong,B_camera_shift_strong_libero_object_t06_ep001_s0040_pre_grasp,B_camera_shift_strong/B_camera_shift_strong_libero_object_t06_ep001_s0040_pre_grasp,40,libero_object,6,19.004929868829333,0.4
8.174200057983398,2.4724435806274414,9.66355100646615,8.053582191467285,9.66355100646615,nan,0.15505493442682497,0.03416317701339722,94.46902524220222,B_camera_shift_strong,0.41236662698550064,1.9931533483836301,B_camera_shift_strong_libero_object_t6_ep1,1,True,B_camera_shift,0,0.4180822466843974,2.0010550569965035,manipulation,strong,B_camera_shift_strong_libero_object_t06_ep001_s0064_manipulation,B_camera_shift_strong/B_camera_shift_strong_libero_object_t06_ep001_s0064_manipulation,64,libero_object,6,4.833449697309555,0.41
8.619112014770508,2.5072240829467773,9.700428489595652,8.552389144897461,9.700428489595652,nan,0.15065985517337183,0.046146243810653687,72.00094924103328,B_camera_shift_strong,0.38586383034292665,3.4725956872427246,B_camera_shift_strong_libero_object_t6_ep2,2,False,B_camera_shift,0,0.0,0.0,approach,strong,B_camera_shift_strong_libero_object_t06_ep002_s0016_approach,B_camera_shift_strong/B_camera_shift_strong_libero_object_t06_ep002_s0016_approach,16,libero_object,6,8.99953666078664,0.35
8.450672149658203,1.643967866897583,9.422966768033803,8.431615829467773,9.422966768033803,nan,0.14005805579398012,0.07153022289276123,14.42189865526979,B_camera_shift_strong,0.16636502589024885,1.0864326261890815,B_camera_shift_strong_libero_object_t6_ep2,2,False,B_camera_shift,0,0.0,0.0,pre_grasp,strong,B_camera_shift_strong_libero_object_t06_ep002_s0024_pre_grasp,B_camera_shift_strong/B_camera_shift_strong_libero_object_t06_ep002_s0024_pre_grasp,24,libero_object,6,6.530414793466279,0.41
8.887901306152344,3.269102096557617,10.097707734443247,8.508469581604004,10.097707734443247,nan,0.1681318932642036,0.14802186191082,75.37354738159358,B_camera_shift_strong,0.5872647017679306,11.295513733244562,B_camera_shift_strong_libero_object_t6_ep3,3,True,B_camera_shift,0,0.0,0.0,approach,strong,B_camera_shift_strong_libero_object_t06_ep003_s0016_approach,B_camera_shift_strong/B_camera_shift_strong_libero_object_t06_ep003_s0016_approach,16,libero_object,6,19.234109762156642,0.35
8.05766773223877,2.0167274475097656,10.237749006599188,8.199071884155273,10.237749006599188,nan,0.18288376793531114,0.023505836725234985,44.6869784044229,B_camera_shift_strong,0.21751998978367468,0.35266006457203963,B_camera_shift_strong_libero_object_t6_ep3,3,True,B_camera_shift,0,0.2119408631808041,0.15040120811023616,pre_grasp,strong,B_camera_shift_strong_libero_object_t06_ep003_s0040_pre_grasp,B_camera_shift_strong/B_camera_shift_strong_libero_object_t06_ep003_s0040_pre_grasp,40,libero_object,6,1.6212765774895577,0.41
7.729765892028809,2.4191489219665527,9.192390019074082,7.710498809814453,9.192390019074082,nan,0.13793155626729958,0.035369038581848145,103.4460532040105,B_camera_shift_strong,0.4016631115817,1.9211634390589991,B_camera_shift_strong_libero_object_t6_ep3,3,True,B_camera_shift,0,0.4139483413205909,1.9553264465532934,manipulation,strong,B_camera_shift_strong_libero_object_t06_ep003_s0104_manipulation,B_camera_shift_strong/B_camera_shift_strong_libero_object_t06_ep003_s0104_manipulation,104,libero_object,6,4.783021850061594,0.43
8.850364685058594,3.03605318069458,10.203051491640508,8.735589981079102,10.203051491640508,nan,0.1713378581374688,0.07368147373199463,71.29257778454304,B_camera_shift_strong,0.46081287805116977,5.903653407921332,B_camera_shift_strong_libero_object_t6_ep4,4,True,B_camera_shift,0,0.0,0.0,approach,strong,B_camera_shift_strong_libero_object_t06_ep004_s0016_approach,B_camera_shift_strong/B_camera_shift_strong_libero_object_t06_ep004_s0016_approach,16,libero_object,6,12.811389805095194,0.35
7.801548004150391,2.38034725189209,10.534073674120009,8.233431816101074,10.534073674120009,nan,0.20014405183052797,0.016808748245239258,54.79237049215526,B_camera_shift_strong,0.29790817792733354,0.5188238932721259,B_camera_shift_strong_libero_object_t6_ep4,4,True,B_camera_shift,0,0.24737591824502206,0.24341097120062857,pre_grasp,strong,B_camera_shift_strong_libero_object_t06_ep004_s0040_pre_grasp,B_camera_shift_strong/B_camera_shift_strong_libero_object_t06_ep004_s0040_pre_grasp,40,libero_object,6,1.7415563979538642,0.38
8.091143608093262,2.320272922515869,10.076407345943153,8.672338485717773,10.076407345943153,nan,0.16380935952736225,0.1033443808555603,89.08612369385042,B_camera_shift_strong,0.5877159090752299,3.2056733081532727,B_camera_shift_strong_libero_object_t6_ep4,4,True,B_camera_shift,0,0.5743388178924252,3.384728808215447,manipulation,strong,B_camera_shift_strong_libero_object_t06_ep004_s0064_manipulation,B_camera_shift_strong/B_camera_shift_strong_libero_object_t06_ep004_s0064_manipulation,64,libero_object,6,5.454460664842976,0.4
8.582839965820312,2.8968114852905273,9.85684024170041,8.31702709197998,9.85684024170041,nan,0.16039087666347052,0.0983453094959259,67.97594389576273,B_camera_shift_strong,1.0274973785031603,9.207321826045531,B_camera_shift_strong_libero_object_t6_ep5,5,True,B_camera_shift,0,0.0,0.0,approach,strong,B_camera_shift_strong_libero_object_t06_ep005_s0016_approach,B_camera_shift_strong/B_camera_shift_strong_libero_object_t06_ep005_s0016_approach,16,libero_object,6,8.9609200166122,0.37
7.350980758666992,2.048236608505249,9.821118419989944,7.554539680480957,9.821118419989944,nan,0.17038601773597073,0.019864141941070557,52.01909375985833,B_camera_shift_strong,0.16056146493987844,0.513029961594233,B_camera_shift_strong_libero_object_t6_ep5,5,True,B_camera_shift,0,0.0,0.0,pre_grasp,strong,B_camera_shift_strong_libero_object_t06_ep005_s0040_pre_grasp,B_camera_shift_strong/B_camera_shift_strong_libero_object_t06_ep005_s0040_pre_grasp,40,libero_object,6,3.1952247183739564,0.38
7.64577579498291,2.340360641479492,9.143706682138145,7.7066874504089355,9.143706682138145,nan,0.13583431157554107,0.07256823778152466,93.79328207581052,B_camera_shift_strong,0.29105180648386253,2.8411444848018927,B_camera_shift_strong_libero_object_t6_ep5,5,True,B_camera_shift,0,0.2918140857795782,2.942881721417604,manipulation,strong,B_camera_shift_strong_libero_object_t06_ep005_s0064_manipulation,B_camera_shift_strong/B_camera_shift_strong_libero_object_t06_ep005_s0064_manipulation,64,libero_object,6,9.761645251837393,0.39
8.608043670654297,2.8754963874816895,9.895654088817537,8.653865814208984,9.895654088817537,nan,0.15604544358538022,0.09119373559951782,74.92716690057684,B_camera_shift_strong,0.16543256624639,5.042826421373815,B_camera_shift_strong_libero_object_t6_ep6,6,False,B_camera_shift,0,0.0,0.0,approach,strong,B_camera_shift_strong_libero_object_t06_ep006_s0016_approach,B_camera_shift_strong/B_camera_shift_strong_libero_object_t06_ep006_s0016_approach,16,libero_object,6,30.48267058774383,0.37
9.02963638305664,2.106955051422119,10.231442090123892,9.16748046875,10.231442090123892,nan,0.16348743689179096,0.023590505123138428,48.607634332268944,B_camera_shift_strong,1.8709940579580895,1.986641717020639,B_camera_shift_strong_libero_object_t6_ep6,6,False,B_camera_shift,0,0.0,0.0,pre_grasp,strong,B_camera_shift_strong_libero_object_t06_ep006_s0024_pre_grasp,B_camera_shift_strong/B_camera_shift_strong_libero_object_t06_ep006_s0024_pre_grasp,24,libero_object,6,1.0618108104462725,0.38
9.005941390991211,2.1314806938171387,10.190552682615817,8.986942291259766,10.190552682615817,nan,0.16397364374892393,0.06274741888046265,67.67243661756065,B_camera_shift_strong,0.35198207818666455,4.284829593286386,B_camera_shift_strong_libero_object_t6_ep7,7,False,B_camera_shift,0,0.0,0.0,approach,strong,B_camera_shift_strong_libero_object_t06_ep007_s0016_approach,B_camera_shift_strong/B_camera_shift_strong_libero_object_t06_ep007_s0016_approach,16,libero_object,6,12.17343114558815,0.36
8.452579498291016,1.5925095081329346,9.798643956892192,8.595590591430664,9.798643956892192,nan,0.15019778077334547,0.024657011032104492,7.19486532187243,B_camera_shift_strong,0.2241839498512331,0.546293595121592,B_camera_shift_strong_libero_object_t6_ep7,7,False,B_camera_shift,0,0.0,0.0,pre_grasp,strong,B_camera_shift_strong_libero_object_t06_ep007_s0024_pre_grasp,B_camera_shift_strong/B_camera_shift_strong_libero_object_t06_ep007_s0024_pre_grasp,24,libero_object,6,2.4368095730497594,0.42
8.855430603027344,2.746821641921997,9.757377765141428,8.560285568237305,9.757377765141428,nan,0.1551214894364147,0.10084551572799683,75.15248754538479,B_camera_shift_strong,0.40706889840106286,5.885816595953231,B_camera_shift_strong_libero_object_t6_ep8,8,False,B_camera_shift,0,0.0,0.0,approach,strong,B_camera_shift_strong_libero_object_t06_ep008_s0016_approach,B_camera_shift_strong/B_camera_shift_strong_libero_object_t06_ep008_s0016_approach,16,libero_object,6,14.459018163933163,0.36
8.62859058380127,2.173445701599121,10.19716458581388,8.856895446777344,10.19716458581388,nan,0.16454969056762245,0.019890576601028442,63.70872504633207,B_camera_shift_strong,0.4173834498715931,1.3529555388957661,B_camera_shift_strong_libero_object_t6_ep8,8,False,B_camera_shift,0,0.0,0.0,pre_grasp,strong,B_camera_shift_strong_libero_object_t06_ep008_s0024_pre_grasp,B_camera_shift_strong/B_camera_shift_strong_libero_object_t06_ep008_s0024_pre_grasp,24,libero_object,6,3.2415169775227057,0.38
8.914306640625,3.143871307373047,9.892485938966274,8.439367294311523,9.892485938966274,nan,0.16335915786169966,0.1162412166595459,67.58911582704144,B_camera_shift_strong,0.5000112271071865,10.110746724402425,B_camera_shift_strong_libero_object_t6_ep9,9,True,B_camera_shift,0,0.0,0.0,approach,strong,B_camera_shift_strong_libero_object_t06_ep009_s0016_approach,B_camera_shift_strong/B_camera_shift_strong_libero_object_t06_ep009_s0016_approach,16,libero_object,6,20.22103940125129,0.37
7.337095260620117,2.0734081268310547,9.66695821704343,7.698856830596924,9.66695821704343,nan,0.16482664131926894,0.009737372398376465,57.87428727279442,B_camera_shift_strong,0.30911851919581274,0.339910118642384,B_camera_shift_strong_libero_object_t6_ep9,9,True,B_camera_shift,0,0.0,0.0,pre_grasp,strong,B_camera_shift_strong_libero_object_t06_ep009_s0040_pre_grasp,B_camera_shift_strong/B_camera_shift_strong_libero_object_t06_ep009_s0040_pre_grasp,40,libero_object,6,1.099610982631119,0.38
7.9122538566589355,2.4373245239257812,9.48277815617621,8.001845359802246,9.48277815617621,nan,0.14913758833811688,0.04587647318840027,90.52852451330183,B_camera_shift_strong,0.35342540685943885,2.0155837371972525,B_camera_shift_strong_libero_object_t6_ep9,9,True,B_camera_shift,0,0.35910673055943904,2.083234266169925,manipulation,strong,B_camera_shift_strong_libero_object_t06_ep009_s0064_manipulation,B_camera_shift_strong/B_camera_shift_strong_libero_object_t06_ep009_s0064_manipulation,64,libero_object,6,5.702996157259492,0.43
5.83268928527832,1.7442240715026855,6.607829155400395,5.843667507171631,6.607829155400395,nan,0.06908982964416531,0.03823843598365784,56.97224657475344,ID,0.46929731360699517,2.805735126309841,ID_libero_object_t6_ep0,0,True,ID,0,0.0,0.0,approach,none,ID_libero_object_t06_ep000_s0024_approach,ID/ID_libero_object_t06_ep000_s0024_approach,24,libero_object,6,5.978587656394417,0.36
6.1787238121032715,2.005063533782959,6.590945135802031,5.9974446296691895,6.590945135802031,nan,0.06719757127205488,0.01781022548675537,53.05126324311063,ID,0.2795751564813658,0.7753513616845042,ID_libero_object_t6_ep0,0,True,ID,0,0.0,0.0,pre_grasp,none,ID_libero_object_t06_ep000_s0048_pre_grasp,ID/ID_libero_object_t06_ep000_s0048_pre_grasp,48,libero_object,6,2.7733199596230316,0.41
5.948349475860596,2.1760292053222656,6.2534218253567815,5.731371879577637,6.2534218253567815,nan,0.059607746692351075,0.010363161563873291,99.7005050907615,ID,0.39164976200767126,0.23618546644250915,ID_libero_object_t6_ep0,0,True,ID,0,0.4049873213819793,0.2546116471775659,manipulation,none,ID_libero_object_t06_ep000_s0072_manipulation,ID/ID_libero_object_t06_ep000_s0072_manipulation,72,libero_object,6,0.6030527510901001,0.43
5.668846130371094,1.8462510108947754,6.033314723521471,5.581414222717285,6.033314723521471,nan,0.05460811839334525,0.014562860131263733,56.82755954352361,ID,0.4397291720314897,1.0960937630154393,ID_libero_object_t6_ep1,1,True,ID,0,0.0,0.0,approach,none,ID_libero_object_t06_ep001_s0024_approach,ID/ID_libero_object_t06_ep001_s0024_approach,24,libero_object,6,2.492656463867597,0.36
5.226391315460205,1.4832570552825928,6.134889256209135,5.229043483734131,6.134889256209135,nan,0.06208307483826026,0.01706014573574066,18.57226807624804,ID,0.32412248177238,0.18338970932207832,ID_libero_object_t6_ep1,1,True,ID,0,1.3247608157861583,2.2968458135459744,pre_grasp,none,ID_libero_object_t06_ep001_s0056_pre_grasp,ID/ID_libero_object_t06_ep001_s0056_pre_grasp,56,libero_object,6,0.565803730488731,0.45
5.724334716796875,2.066087245941162,5.984485789202154,5.47274112701416,5.984485789202154,nan,0.054561459928441046,0.009856343269348145,100.59269696100685,ID,0.319422950435501,0.1934012255392297,ID_libero_object_t6_ep1,1,True,ID,0,0.31648002820843457,0.17472515192633553,manipulation,none,ID_libero_object_t06_ep001_s0072_manipulation,ID/ID_libero_object_t06_ep001_s0072_manipulation,72,libero_object,6,0.6054706628798795,0.44
5.783034324645996,1.702859878540039,6.37882926966995,5.590425491333008,6.37882926966995,nan,0.06381079527635544,0.03022339940071106,51.978776822979476,ID,0.6673125176136111,2.1619276671972814,ID_libero_object_t6_ep2,2,True,ID,0,0.0,0.0,approach,none,ID_libero_object_t06_ep002_s0024_approach,ID/ID_libero_object_t06_ep002_s0024_approach,24,libero_object,6,3.2397529045739946,0.35
6.288808345794678,2.227285385131836,7.066019541583955,6.243314266204834,7.066019541583955,nan,0.07971403086524999,0.014137566089630127,42.852126936698326,ID,0.16862054822673514,0.740739071614438,ID_libero_object_t6_ep2,2,True,ID,0,0.0,0.0,pre_grasp,none,ID_libero_object_t06_ep002_s0048_pre_grasp,ID/ID_libero_object_t06_ep002_s0048_pre_grasp,48,libero_object,6,4.392934784071543,0.38
5.696727275848389,1.9272229671478271,6.930421819910407,5.8536858558654785,6.930421819910407,nan,0.07895467207777512,0.007781259715557098,93.30925516022864,ID,0.3878016864699488,0.3399474106678404,ID_libero_object_t6_ep2,2,True,ID,0,0.4186309195827223,0.3491270393883356,manipulation,none,ID_libero_object_t06_ep002_s0072_manipulation,ID/ID_libero_object_t06_ep002_s0072_manipulation,72,libero_object,6,0.8766011663391343,0.43
5.662497043609619,2.2565724849700928,6.198256226722151,5.743897438049316,6.198256226722151,nan,0.057425808882770435,0.007811754941940308,72.54847941711985,ID,0.5672654064839877,0.49229020023808595,ID_libero_object_t6_ep3,3,True,ID,0,0.0,0.0,approach,none,ID_libero_object_t06_ep003_s0024_approach,ID/ID_libero_object_t06_ep003_s0024_approach,24,libero_object,6,0.8678304627976321,0.37
5.488931655883789,1.6662572622299194,6.15400664601475,5.780077934265137,6.15400664601475,nan,0.058245993914821985,0.012105390429496765,33.36617694868306,ID,0.2685044524819336,0.1507092556092806,ID_libero_object_t6_ep3,3,True,ID,0,1.8304481765060805,1.1831760377147218,pre_grasp,none,ID_libero_object_t06_ep003_s0056_pre_grasp,ID/ID_libero_object_t06_ep003_s0056_pre_grasp,56,libero_object,6,0.5612914579858639,0.45
5.828901290893555,1.9475669860839844,6.25728291971609,5.822028160095215,6.25728291971609,nan,0.05922387108026278,0.01043027639389038,100.47736867822874,ID,0.3293601042446533,0.5042762241085278,ID_libero_object_t6_ep3,3,True,ID,0,0.32545163006504935,0.4881814775154667,manipulation,none,ID_libero_object_t06_ep003_s0072_manipulation,ID/ID_libero_object_t06_ep003_s0072_manipulation,72,libero_object,6,1.531078651025518,0.44
5.891521453857422,2.1154727935791016,6.525419880636036,5.802806854248047,6.525419880636036,nan,0.06679437795710386,0.04214179515838623,73.76455399590076,ID,0.6875620719123603,2.8649811441884183,ID_libero_object_t6_ep4,4,True,ID,0,0.0,0.0,approach,none,ID_libero_object_t06_ep004_s0024_approach,ID/ID_libero_object_t06_ep004_s0024_approach,24,libero_object,6,4.166869088953472,0.36
6.673713684082031,2.195941925048828,7.03164049051702,6.460639476776123,7.03164049051702,nan,0.07583004375614769,0.013206712901592255,79.9391183699596,ID,0.31577747452703187,0.2712881972911445,ID_libero_object_t6_ep4,4,True,ID,0,0.0,0.0,pre_grasp,none,ID_libero_object_t06_ep004_s0040_pre_grasp,ID/ID_libero_object_t06_ep004_s0040_pre_grasp,40,libero_object,6,0.8591119353825889,0.38
5.805130481719971,2.102797508239746,6.812961744144559,6.028424263000488,6.812961744144559,nan,0.07542678758649451,0.01541927456855774,103.31442094118646,ID,0.5174813947351228,0.8014928616218003,ID_libero_object_t6_ep4,4,True,ID,0,0.5270796862510022,0.7655872820435139,manipulation,none,ID_libero_object_t06_ep004_s0064_manipulation,ID/ID_libero_object_t06_ep004_s0064_manipulation,64,libero_object,6,1.5488341605634948,0.43
5.722618579864502,1.764734148979187,6.331557039637119,5.635288715362549,6.331557039637119,nan,0.06278340907207274,0.02734154462814331,56.84170792152059,ID,0.41817601670938237,2.2555360717181503,ID_libero_object_t6_ep5,5,True,ID,0,0.0,0.0,approach,none,ID_libero_object_t06_ep005_s0024_approach,ID/ID_libero_object_t06_ep005_s0024_approach,24,libero_object,6,5.393748042910047,0.36
5.595756530761719,1.7154278755187988,6.416583907324821,5.9121294021606445,6.416583907324821,nan,0.06445526901444108,0.9881470203399658,29.513746923529084,ID,0.1596612453198606,0.14491113029355454,ID_libero_object_t6_ep5,5,True,ID,0,0.22460198004382484,0.3050698193017733,pre_grasp,none,ID_libero_object_t06_ep005_s0048_pre_grasp,ID/ID_libero_object_t06_ep005_s0048_pre_grasp,48,libero_object,6,0.9076161845239519,0.42
5.884561538696289,2.181309938430786,6.301436332985759,5.710872173309326,6.301436332985759,nan,0.05997825220557168,0.013162583112716675,95.76859537158464,ID,0.3178714556065843,0.502586221952702,ID_libero_object_t6_ep5,5,True,ID,0,0.31792046933011014,0.5039340820058625,manipulation,none,ID_libero_object_t06_ep005_s0064_manipulation,ID/ID_libero_object_t06_ep005_s0064_manipulation,64,libero_object,6,1.5810989413743746,0.4
5.687246322631836,1.7126381397247314,6.048262822907418,5.771787166595459,6.048262822907418,nan,0.05495462947762306,0.00906670093536377,48.54409681316164,ID,0.36117307420333006,0.5506825670505315,ID_libero_object_t6_ep6,6,True,ID,0,0.0,0.0,approach,none,ID_libero_object_t06_ep006_s0024_approach,ID/ID_libero_object_t06_ep006_s0024_approach,24,libero_object,6,1.5247054843864498,0.34
5.434130668640137,1.601189136505127,6.053420054726303,5.430769920349121,6.053420054726303,nan,0.05765811278468394,0.011024221777915955,18.5432110555639,ID,0.20345108626944577,0.31895085695697056,ID_libero_object_t6_ep6,6,True,ID,0,0.3887044227854685,1.3070649563007979,pre_grasp,none,ID_libero_object_t06_ep006_s0056_pre_grasp,ID/ID_libero_object_t06_ep006_s0056_pre_grasp,56,libero_object,6,1.5677028951055079,0.42
5.833805084228516,2.152287483215332,6.2277811244130135,5.617578029632568,6.2277811244130135,nan,0.059176535670037424,0.007532984018325806,101.60115096679915,ID,0.38546686971918137,0.29124686121866744,ID_libero_object_t6_ep6,6,True,ID,0,0.3843110755642747,0.2866669514256271,manipulation,none,ID_libero_object_t06_ep006_s0072_manipulation,ID/ID_libero_object_t06_ep006_s0072_manipulation,72,libero_object,6,0.755569113970405,0.4
5.510663986206055,1.698972225189209,6.2237177095375955,5.641243934631348,6.2237177095375955,nan,0.0585026754277286,0.019032657146453857,55.79997680152245,ID,0.4330271858413544,1.7543540152635402,ID_libero_object_t6_ep7,7,True,ID,0,0.0,0.0,approach,none,ID_libero_object_t06_ep007_s0024_approach,ID/ID_libero_object_t06_ep007_s0024_approach,24,libero_object,6,4.051371536535058,0.36
5.857067584991455,1.8243768215179443,6.797830362804234,5.729991912841797,6.797830362804234,nan,0.07770860537555008,0.014343783259391785,34.00304423763552,ID,0.4260628821713282,0.3355749548313535,ID_libero_object_t6_ep7,7,True,ID,0,2.302559316246274,1.4950535989351348,pre_grasp,none,ID_libero_object_t06_ep007_s0048_pre_grasp,ID/ID_libero_object_t06_ep007_s0048_pre_grasp,48,libero_object,6,0.7876183748304371,0.43
5.744697570800781,2.0669097900390625,6.210882485378534,5.784021377563477,6.210882485378534,nan,0.05793087957821099,0.027249157428741455,103.974265793806,ID,0.44329976865578447,0.8406643326352606,ID_libero_object_t6_ep7,7,True,ID,0,0.44359011779461194,0.8404788041878367,manipulation,none,ID_libero_object_t06_ep007_s0064_manipulation,ID/ID_libero_object_t06_ep007_s0064_manipulation,64,libero_object,6,1.896378911237429,0.41
5.798346519470215,1.8745801448822021,6.170914135873318,5.724186420440674,6.170914135873318,nan,0.05697801099971087,0.006012186408042908,55.02513272201647,ID,0.49320092236915253,0.5496804704698245,ID_libero_object_t6_ep8,8,True,ID,0,0.0,0.0,approach,none,ID_libero_object_t06_ep008_s0024_approach,ID/ID_libero_object_t06_ep008_s0024_approach,24,libero_object,6,1.11451630672012,0.36
5.7129669189453125,1.5082755088806152,6.677800348959863,5.857723236083984,6.677800348959863,nan,0.07196380828308992,0.015256181359291077,19.708805812986526,ID,0.41709522735463445,0.4438420535334398,ID_libero_object_t6_ep8,8,True,ID,0,2.0992898077795696,1.5584240117385812,pre_grasp,none,ID_libero_object_t06_ep008_s0056_pre_grasp,ID/ID_libero_object_t06_ep008_s0056_pre_grasp,56,libero_object,6,1.0641264258726795,0.46
6.01395845413208,2.166513442993164,6.433080526068807,6.030953407287598,6.433080526068807,nan,0.06120279908045894,0.009113281965255737,103.12794661889662,ID,0.34463981791155657,0.653123227703197,ID_libero_object_t6_ep8,8,True,ID,0,0.3434118694683725,0.6494456711764762,manipulation,none,ID_libero_object_t06_ep008_s0072_manipulation,ID/ID_libero_object_t06_ep008_s0072_manipulation,72,libero_object,6,1.8950892896270193,0.42
6.066293716430664,1.960230827331543,6.747307734563947,6.231889724731445,6.747307734563947,nan,0.0687443053540072,0.042419493198394775,60.406598234133206,ID,0.43401086312809145,2.964876698173119,ID_libero_object_t6_ep9,9,True,ID,0,0.0,0.0,approach,none,ID_libero_object_t06_ep009_s0024_approach,ID/ID_libero_object_t06_ep009_s0024_approach,24,libero_object,6,6.831342139236,0.37
6.049088478088379,2.1499228477478027,6.5615471648052335,5.903906345367432,6.5615471648052335,nan,0.06548458543415304,0.011537998914718628,58.114510390159495,ID,0.14316886829732425,0.45034859789477405,ID_libero_object_t6_ep9,9,True,ID,0,0.07503213035908228,0.16640504859529262,pre_grasp,none,ID_libero_object_t06_ep009_s0048_pre_grasp,ID/ID_libero_object_t06_ep009_s0048_pre_grasp,48,libero_object,6,3.1455762921832835,0.39
5.482879161834717,2.2562313079833984,6.358882071450353,5.5657782554626465,6.358882071450353,nan,0.06449432715463511,0.012948602437973022,108.92267620521228,ID,0.5689764251267836,0.808373789556598,ID_libero_object_t6_ep9,9,True,ID,0,0.5629671038139774,0.8069478304200449,manipulation,none,ID_libero_object_t06_ep009_s0072_manipulation,ID/ID_libero_object_t06_ep009_s0072_manipulation,72,libero_object,6,1.4207509377501364,0.43
6.97373628616333,4.080104827880859,8.413458622060716,7.328858375549316,8.352670744900063,8.975138607025146,0.11017331426391129,0.040428996086120605,63.962874353036504,A_occlusion_medium,0.6482394531181402,2.6207561557897106,A_occlusion_medium_libero_spatial_t2_ep0,0,True,A_occlusion,25,0.0,0.0,approach,medium,A_occlusion_medium_libero_spatial_t02_ep000_s0024_approach,A_occlusion_medium/A_occlusion_medium_libero_spatial_t02_ep000_s0024_approach,24,libero_spatial,2,4.04288283161945,0.52
8.159761428833008,2.5566558837890625,10.154606279917061,8.278402328491211,9.885084318392204,12.644989204406738,0.17997685087277068,0.020321786403656006,31.149329677708334,A_occlusion_medium,0.44703744436291787,0.46699403631163294,A_occlusion_medium_libero_spatial_t2_ep0,0,True,A_occlusion,25,0.0,0.0,pre_grasp,medium,A_occlusion_medium_libero_spatial_t02_ep000_s0048_pre_grasp,A_occlusion_medium/A_occlusion_medium_libero_spatial_t02_ep000_s0048_pre_grasp,48,libero_spatial,2,1.0446418800043822,0.51
7.89908504486084,3.121713161468506,9.296188115142286,7.565273284912109,8.750115075668731,14.341902999877929,0.14440116408774084,0.035066962242126465,87.69788200361852,A_occlusion_medium,0.8714102372072015,1.9370296653468397,A_occlusion_medium_libero_spatial_t2_ep0,0,True,A_occlusion,25,0.865132171061629,1.985476772573121,manipulation,medium,A_occlusion_medium_libero_spatial_t02_ep000_s0072_manipulation,A_occlusion_medium/A_occlusion_medium_libero_spatial_t02_ep000_s0072_manipulation,72,libero_spatial,2,2.2228676949617454,0.6
7.778057098388672,3.710158348083496,9.652375529520214,7.942032814025879,9.36740634038851,12.285490837097168,0.15391107111506,0.0773354172706604,75.5680160635594,A_occlusion_medium,0.5055401099657741,4.213171353954058,A_occlusion_medium_libero_spatial_t2_ep1,1,True,A_occlusion,25,0.0,0.0,approach,medium,A_occlusion_medium_libero_spatial_t02_ep001_s0024_approach,A_occlusion_medium/A_occlusion_medium_libero_spatial_t02_ep001_s0024_approach,24,libero_spatial,2,8.334000153299995,0.5
8.34185791015625,2.9512557983398438,10.744831312447786,8.617557525634766,10.34670421468231,14.423525695800782,0.19959632135200045,0.9910159111022949,47.905767465530836,A_occlusion_medium,1.9198526349468974,3.9659127633521116,A_occlusion_medium_libero_spatial_t2_ep1,1,True,A_occlusion,25,0.0,0.0,pre_grasp,medium,A_occlusion_medium_libero_spatial_t02_ep001_s0040_pre_grasp,A_occlusion_medium/A_occlusion_medium_libero_spatial_t02_ep001_s0040_pre_grasp,40,libero_spatial,2,2.0657381150828837,0.52
8.21764087677002,3.077587127685547,9.202102628536522,7.737669467926025,8.479488613285543,15.879056129455567,0.13381827787500813,0.03006058931350708,72.66849681440836,A_occlusion_medium,1.1275652192359213,1.8436752609611269,A_occlusion_medium_libero_spatial_t2_ep1,1,True,A_occlusion,25,1.1442146205663466,1.9104487290156413,manipulation,medium,A_occlusion_medium_libero_spatial_t02_ep001_s0064_manipulation,A_occlusion_medium/A_occlusion_medium_libero_spatial_t02_ep001_s0064_manipulation,64,libero_spatial,2,1.6350941209506864,0.6
7.5956034660339355,3.326720714569092,9.084339959546924,7.606701850891113,8.85814753032866,11.17435800552368,0.13215978334475303,0.07096242904663086,73.19767859608675,A_occlusion_medium,0.48086718192834427,3.634307290757872,A_occlusion_medium_libero_spatial_t2_ep2,2,False,A_occlusion,25,0.0,0.0,approach,medium,A_occlusion_medium_libero_spatial_t02_ep002_s0024_approach,A_occlusion_medium/A_occlusion_medium_libero_spatial_t02_ep002_s0024_approach,24,libero_spatial,2,7.55781934667239,0.49
7.544655799865723,3.135286569595337,10.225003330036998,7.9947710037231445,9.846036132795986,13.726660232543946,0.1801449192920653,0.025724172592163086,47.06485769238301,A_occlusion_medium,0.9319107310068476,1.6552936452098557,A_occlusion_medium_libero_spatial_t2_ep2,2,False,A_occlusion,25,0.0,0.0,pre_grasp,medium,A_occlusion_medium_libero_spatial_t02_ep002_s0040_pre_grasp,A_occlusion_medium/A_occlusion_medium_libero_spatial_t02_ep002_s0040_pre_grasp,40,libero_spatial,2,1.7762362747142706,0.51
7.329416275024414,4.152553558349609,8.763393800705671,7.749417304992676,8.628850336198683,10.006575412750244,0.12362505795030221,0.09766989946365356,75.58953611243129,A_occlusion_medium,0.4369214028952624,4.567530299007987,A_occlusion_medium_libero_spatial_t2_ep3,3,True,A_occlusion,25,0.0,0.0,approach,medium,A_occlusion_medium_libero_spatial_t02_ep003_s0016_approach,A_occlusion_medium/A_occlusion_medium_libero_spatial_t02_ep003_s0016_approach,16,libero_spatial,2,10.453894610658162,0.52
7.771233558654785,2.991441249847412,9.76289396546781,7.87091064453125,9.430604800517425,12.833245849609375,0.16706869376010133,0.02839377522468567,49.461003748488174,A_occlusion_medium,0.7521555180114289,1.8038562412282675,A_occlusion_medium_libero_spatial_t2_ep3,3,True,A_occlusion,25,0.0,0.0,pre_grasp,medium,A_occlusion_medium_libero_spatial_t02_ep003_s0032_pre_grasp,A_occlusion_medium/A_occlusion_medium_libero_spatial_t02_ep003_s0032_pre_grasp,32,libero_spatial,2,2.398249029665243,0.52
7.93697452545166,3.3115010261535645,8.714279612526298,7.7230963706970215,8.037635590606953,14.966470375061036,0.11851457719078008,0.02250361442565918,64.83611592157337,A_occlusion_medium,0.8170563176088356,0.7987760182989825,A_occlusion_medium_libero_spatial_t2_ep3,3,True,A_occlusion,25,0.8490146725988684,0.797778451117459,manipulation,medium,A_occlusion_medium_libero_spatial_t02_ep003_s0056_manipulation,A_occlusion_medium/A_occlusion_medium_libero_spatial_t02_ep003_s0056_manipulation,56,libero_spatial,2,0.9776266348893164,0.59
7.555576324462891,3.940166473388672,8.949864502064884,7.63273811340332,8.567857053888824,12.47961332321167,0.12471831039945531,0.017052188515663147,82.76832366038002,A_occlusion_medium,0.48909632586519675,0.9967704503162831,A_occlusion_medium_libero_spatial_t2_ep4,4,True,A_occlusion,25,0.0,0.0,approach,medium,A_occlusion_medium_libero_spatial_t02_ep004_s0024_approach,A_occlusion_medium/A_occlusion_medium_libero_spatial_t02_ep004_s0024_approach,24,libero_spatial,2,2.037983925871915,0.51
7.933684349060059,2.810129165649414,10.342901295050979,8.080493927001953,9.984069586832286,13.6585062789917,0.18571985091416665,0.029778212308883667,52.81009509543207,A_occlusion_medium,0.47586745792514495,2.2014122029475125,A_occlusion_medium_libero_spatial_t2_ep4,4,True,A_occlusion,25,0.0,0.0,pre_grasp,medium,A_occlusion_medium_libero_spatial_t02_ep004_s0040_pre_grasp,A_occlusion_medium/A_occlusion_medium_libero_spatial_t02_ep004_s0040_pre_grasp,40,libero_spatial,2,4.626103689766909,0.52
7.583001136779785,3.6215102672576904,9.56370643246919,7.8019914627075195,8.897438256771533,15.720024375915527,0.15083536252276272,0.04415065050125122,81.18549392459734,A_occlusion_medium,0.929072269158311,3.201388830413507,A_occlusion_medium_libero_spatial_t2_ep4,4,True,A_occlusion,25,0.9595604396202462,3.4098608707424405,manipulation,medium,A_occlusion_medium_libero_spatial_t02_ep004_s0064_manipulation,A_occlusion_medium/A_occlusion_medium_libero_spatial_t02_ep004_s0064_manipulation,64,libero_spatial,2,3.445790964478782,0.62
7.27554988861084,3.697495937347412,9.081983636133373,7.343217372894287,8.994283755620321,9.892330532073975,0.14036246782996764,0.13426125049591064,66.33523445238353,A_occlusion_medium,0.816333845318189,7.6901103695424124,A_occlusion_medium_libero_spatial_t2_ep5,5,True,A_occlusion,25,0.0,0.0,approach,medium,A_occlusion_medium_libero_spatial_t02_ep005_s0024_approach,A_occlusion_medium/A_occlusion_medium_libero_spatial_t02_ep005_s0024_approach,24,libero_spatial,2,9.420300791944962,0.51
8.48238754272461,2.9372246265411377,11.148155338130891,8.981121063232422,10.655143078271445,15.703588619232178,0.2139652142563502,0.03456577658653259,58.550065573543634,A_occlusion_medium,0.8816567787349933,2.7749425624123205,A_occlusion_medium_libero_spatial_t2_ep5,5,True,A_occlusion,25,0.0,0.0,pre_grasp,medium,A_occlusion_medium_libero_spatial_t02_ep005_s0040_pre_grasp,A_occlusion_medium/A_occlusion_medium_libero_spatial_t02_ep005_s0040_pre_grasp,40,libero_spatial,2,3.147418166958151,0.52
8.618843078613281,3.973634719848633,9.492143595591187,8.498117446899414,8.988264748544404,14.147984142303466,0.13939735415870289,0.03125178813934326,85.3360866549277,A_occlusion_medium,0.48153585343030647,2.175182518192962,A_occlusion_medium_libero_spatial_t2_ep5,5,True,A_occlusion,25,0.4777938476922238,2.429042508536401,manipulation,medium,A_occlusion_medium_libero_spatial_t02_ep005_s0072_manipulation,A_occlusion_medium/A_occlusion_medium_libero_spatial_t02_ep005_s0072_manipulation,72,libero_spatial,2,4.517176660258341,0.54
7.832769393920898,3.183802366256714,9.043142270296812,7.844414710998535,8.829822620788178,11.014215831756593,0.12971313540309493,0.04889953136444092,72.92232724094929,A_occlusion_medium,0.4877563609043074,2.3990685877174194,A_occlusion_medium_libero_spatial_t2_ep6,6,True,A_occlusion,25,0.0,0.0,approach,medium,A_occlusion_medium_libero_spatial_t02_ep006_s0024_approach,A_occlusion_medium/A_occlusion_medium_libero_spatial_t02_ep006_s0024_approach,24,libero_spatial,2,4.91857980748731,0.5
7.812063217163086,2.8012495040893555,10.364543849602342,8.004451751708984,9.79161971368831,15.658362865447998,0.19142120925808137,0.02018679678440094,48.51244777185786,A_occlusion_medium,0.5170477501169534,1.1569547689141826,A_occlusion_medium_libero_spatial_t2_ep6,6,True,A_occlusion,25,0.0,0.0,pre_grasp,medium,A_occlusion_medium_libero_spatial_t02_ep006_s0040_pre_grasp,A_occlusion_medium/A_occlusion_medium_libero_spatial_t02_ep006_s0040_pre_grasp,40,libero_spatial,2,2.237616871270566,0.51
8.084066390991211,3.250828981399536,9.400176249444485,7.903876304626465,8.734849894717659,15.547791767120362,0.14163162273383545,0.0553896427154541,79.92240243027372,A_occlusion_medium,0.6607635522120904,3.107323988277777,A_occlusion_medium_libero_spatial_t2_ep6,6,True,A_occlusion,25,0.6873242333322498,3.155643456830165,manipulation,medium,A_occlusion_medium_libero_spatial_t02_ep006_s0064_manipulation,A_occlusion_medium/A_occlusion_medium_libero_spatial_t02_ep006_s0064_manipulation,64,libero_spatial,2,4.702626193401774,0.61
8.001140594482422,3.559197425842285,9.16604814492166,8.005315780639648,8.869723613128002,11.904086818695069,0.1288437738485127,0.03738278150558472,78.86386993668643,A_occlusion_medium,0.3244887942366083,1.2512007891108683,A_occlusion_medium_libero_spatial_t2_ep7,7,True,A_occlusion,25,0.0,0.0,approach,medium,A_occlusion_medium_libero_spatial_t02_ep007_s0024_approach,A_occlusion_medium/A_occlusion_medium_libero_spatial_t02_ep007_s0024_approach,24,libero_spatial,2,3.8559137059091384,0.5
7.928134918212891,2.9368491172790527,10.700164154171944,8.29375171661377,10.26370551369407,14.7330419921875,0.19990584323103708,0.02315068244934082,48.18842508037829,A_occlusion_medium,0.5655909877114609,1.6734913452942,A_occlusion_medium_libero_spatial_t2_ep7,7,True,A_occlusion,25,0.0,0.0,pre_grasp,medium,A_occlusion_medium_libero_spatial_t02_ep007_s0040_pre_grasp,A_occlusion_medium/A_occlusion_medium_libero_spatial_t02_ep007_s0040_pre_grasp,40,libero_spatial,2,2.958836653436812,0.51
7.54373836517334,3.6018471717834473,10.03630068898201,8.132762908935547,9.308051059772442,16.76532726287842,0.17114388904444042,0.020844072103500366,73.59628988549134,A_occlusion_medium,0.7659966644048573,1.3253764084419506,A_occlusion_medium_libero_spatial_t2_ep7,7,True,A_occlusion,25,0.7879509928509113,1.3613169449450198,manipulation,medium,A_occlusion_medium_libero_spatial_t02_ep007_s0064_manipulation,A_occlusion_medium/A_occlusion_medium_libero_spatial_t02_ep007_s0064_manipulation,64,libero_spatial,2,1.7302639424307475,0.61
7.854818344116211,3.9882640838623047,9.194319501519203,8.151189804077148,9.023689131716113,10.770944118499756,0.13098434021612107,0.06239044666290283,72.9736187581866,A_occlusion_medium,0.49499768952391926,3.5233222961015858,A_occlusion_medium_libero_spatial_t2_ep8,8,True,A_occlusion,25,0.0,0.0,approach,medium,A_occlusion_medium_libero_spatial_t02_ep008_s0024_approach,A_occlusion_medium/A_occlusion_medium_libero_spatial_t02_ep008_s0024_approach,24,libero_spatial,2,7.117856043914589,0.51
8.328096389770508,2.7126541137695312,10.994465206749737,8.78383731842041,10.637926280240476,14.288884887695312,0.21137832884446653,0.0378643274307251,61.33594385700725,A_occlusion_medium,0.7551192162895042,2.091305165701231,A_occlusion_medium_libero_spatial_t2_ep8,8,True,A_occlusion,25,0.0,0.0,pre_grasp,medium,A_occlusion_medium_libero_spatial_t02_ep008_s0040_pre_grasp,A_occlusion_medium/A_occlusion_medium_libero_spatial_t02_ep008_s0040_pre_grasp,40,libero_spatial,2,2.7695033056865666,0.51
7.657864093780518,3.876351833343506,9.371749499812722,7.866926193237305,9.015906990348519,12.659734287261962,0.14468549661736296,0.025787770748138428,85.60970785667509,A_occlusion_medium,0.3697418425502515,1.8670004429967648,A_occlusion_medium_libero_spatial_t2_ep8,8,True,A_occlusion,25,0.3341311487050458,1.9405285640294874,manipulation,medium,A_occlusion_medium_libero_spatial_t02_ep008_s0072_manipulation,A_occlusion_medium/A_occlusion_medium_libero_spatial_t02_ep008_s0072_manipulation,72,libero_spatial,2,5.049470273960193,0.56
7.413294792175293,4.192163467407227,9.023982834070921,7.487030982971191,8.933287521461388,9.862007522583008,0.13778071198831676,0.05169624090194702,62.93046509836585,A_occlusion_medium,0.39298735390814893,3.0440454599954485,A_occlusion_medium_libero_spatial_t2_ep9,9,False,A_occlusion,25,0.0,0.0,approach,medium,A_occlusion_medium_libero_spatial_t02_ep009_s0024_approach,A_occlusion_medium/A_occlusion_medium_libero_spatial_t02_ep009_s0024_approach,24,libero_spatial,2,7.7459119987533205,0.5
7.9108381271362305,2.902500867843628,10.854580658487976,8.36559772491455,10.55389310684039,13.63293363571167,0.20549889815981792,0.04214084893465042,50.910583634756435,A_occlusion_medium,0.7999364991711518,2.600522089047708,A_occlusion_medium_libero_spatial_t2_ep9,9,False,A_occlusion,25,0.0,0.0,pre_grasp,medium,A_occlusion_medium_libero_spatial_t02_ep009_s0040_pre_grasp,A_occlusion_medium/A_occlusion_medium_libero_spatial_t02_ep009_s0040_pre_grasp,40,libero_spatial,2,3.2509106557110714,0.52
12.544336318969727,4.12994909286499,11.940467742271721,10.832677841186523,11.940467742271721,nan,0.2179232955480401,0.05409449338912964,82.92331473110661,B_camera_shift_strong,0.4944231330984725,2.5902167855332796,B_camera_shift_strong_libero_spatial_t2_ep0,0,True,B_camera_shift,0,0.0,0.0,approach,strong,B_camera_shift_strong_libero_spatial_t02_ep000_s0016_approach,B_camera_shift_strong/B_camera_shift_strong_libero_spatial_t02_ep000_s0016_approach,16,libero_spatial,2,5.238866493363277,0.51
9.394243240356445,2.966426372528076,10.386957741342485,9.806638717651367,10.386957741342485,nan,0.1618627545501887,0.018664300441741943,50.45786489063704,B_camera_shift_strong,0.31086395953980933,0.3102790595660149,B_camera_shift_strong_libero_spatial_t2_ep0,0,True,B_camera_shift,0,0.05424910046682855,0.05100264702728977,pre_grasp,strong,B_camera_shift_strong_libero_spatial_t02_ep000_s0032_pre_grasp,B_camera_shift_strong/B_camera_shift_strong_libero_spatial_t02_ep000_s0032_pre_grasp,32,libero_spatial,2,0.9981184696525764,0.53
12.931140899658203,4.409102439880371,11.960379177704453,11.075809478759766,11.960379177704453,nan,0.21896037468188576,0.0773390531539917,89.21263109259203,B_camera_shift_strong,0.4488005756357789,2.59748523411202,B_camera_shift_strong_libero_spatial_t2_ep0,0,True,B_camera_shift,0,0.45858878524693303,2.5350622534246194,manipulation,strong,B_camera_shift_strong_libero_spatial_t02_ep000_s0056_manipulation,B_camera_shift_strong/B_camera_shift_strong_libero_spatial_t02_ep000_s0056_manipulation,56,libero_spatial,2,5.787615647400576,0.58
12.556686401367188,3.6370959281921387,12.368833720684052,11.296083450317383,12.368833720684052,nan,0.23502526403317522,0.02760714292526245,82.70242283056926,B_camera_shift_strong,0.5750421124975502,1.9361319266641115,B_camera_shift_strong_libero_spatial_t2_ep1,1,True,B_camera_shift,0,0.0,0.0,approach,strong,B_camera_shift_strong_libero_spatial_t02_ep001_s0016_approach,B_camera_shift_strong/B_camera_shift_strong_libero_spatial_t02_ep001_s0016_approach,16,libero_spatial,2,3.3669393677186727,0.53
9.294572830200195,3.3076553344726562,10.716337294317782,9.873991012573242,10.716337294317782,nan,0.1718419139527817,0.023134805262088776,44.67522640600835,B_camera_shift_strong,1.8447273177471863,1.6769070539807969,B_camera_shift_strong_libero_spatial_t2_ep1,1,True,B_camera_shift,0,1.528960931988422,0.764480465994211,pre_grasp,strong,B_camera_shift_strong_libero_spatial_t02_ep001_s0032_pre_grasp,B_camera_shift_strong/B_camera_shift_strong_libero_spatial_t02_ep001_s0032_pre_grasp,32,libero_spatial,2,0.9090270620747707,0.53
13.343666076660156,4.857554912567139,12.557978453114629,11.374542236328125,12.557978453114629,nan,0.24250117354377165,0.05715984106063843,98.96593898967495,B_camera_shift_strong,0.48536100975271096,1.9343915818429274,B_camera_shift_strong_libero_spatial_t2_ep1,1,True,B_camera_shift,0,0.4794570480816273,2.1486486525554525,manipulation,strong,B_camera_shift_strong_libero_spatial_t02_ep001_s0056_manipulation,B_camera_shift_strong/B_camera_shift_strong_libero_spatial_t02_ep001_s0056_manipulation,56,libero_spatial,2,3.985469666853731,0.59
12.40964126586914,3.718100070953369,12.41025872528553,11.312365531921387,12.41025872528553,nan,0.23434635492434627,0.02967214584350586,84.04826714355343,B_camera_shift_strong,0.5125999571571914,1.8356767715550983,B_camera_shift_strong_libero_spatial_t2_ep2,2,True,B_camera_shift,0,0.0,0.0,approach,strong,B_camera_shift_strong_libero_spatial_t02_ep002_s0016_approach,B_camera_shift_strong/B_camera_shift_strong_libero_spatial_t02_ep002_s0016_approach,16,libero_spatial,2,3.5811098809596245,0.52
9.288393020629883,2.889564275741577,10.274146609008312,9.524497985839844,10.274146609008312,nan,0.16100042056220673,0.0108136385679245,44.383714161345,B_camera_shift_strong,0.4290322363194324,0.5460037199554105,B_camera_shift_strong_libero_spatial_t2_ep2,2,True,B_camera_shift,0,0.1946656868709641,0.20794355330326933,pre_grasp,strong,B_camera_shift_strong_libero_spatial_t02_ep002_s0032_pre_grasp,B_camera_shift_strong/B_camera_shift_strong_libero_spatial_t02_ep002_s0032_pre_grasp,32,libero_spatial,2,1.2726403140226694,0.56
12.737829208374023,4.529935359954834,12.401547465473413,10.982797622680664,12.401547465473413,nan,0.23860016143698592,0.030505597591400146,94.19747873427555,B_camera_shift_strong,0.5132006935998384,1.6407023009046062,B_camera_shift_strong_libero_spatial_t2_ep2,2,True,B_camera_shift,0,0.5187246439829759,1.6011006049141905,manipulation,strong,B_camera_shift_strong_libero_spatial_t02_ep002_s0056_manipulation,B_camera_shift_strong/B_camera_shift_strong_libero_spatial_t02_ep002_s0056_manipulation,56,libero_spatial,2,3.196999383215804,0.62
12.335803985595703,3.3684606552124023,12.49098546616733,11.336328506469727,12.49098546616733,nan,0.24053506465695432,0.032640859484672546,84.08985622493739,B_camera_shift_strong,0.503195581960746,0.5493333068863572,B_camera_shift_strong_libero_spatial_t2_ep3,3,True,B_camera_shift,0,0.0,0.0,approach,strong,B_camera_shift_strong_libero_spatial_t02_ep003_s0016_approach,B_camera_shift_strong/B_camera_shift_strong_libero_spatial_t02_ep003_s0016_approach,16,libero_spatial,2,1.0916894475619827,0.51
8.147722244262695,2.4412951469421387,9.377981727942824,8.78609848022461,9.377981727942824,nan,0.13380760375794543,0.020391270518302917,15.48494089755103,B_camera_shift_strong,0.18623298215385753,1.0934391462979305,B_camera_shift_strong_libero_spatial_t2_ep3,3,True,B_camera_shift,0,1.348151076172772,0.8468214195287117,pre_grasp,strong,B_camera_shift_strong_libero_spatial_t02_ep003_s0032_pre_grasp,B_camera_shift_strong/B_camera_shift_strong_libero_spatial_t02_ep003_s0032_pre_grasp,32,libero_spatial,2,5.871350679411765,0.67
11.969046592712402,4.4593963623046875,12.620932374149561,11.593490600585938,12.620932374149561,nan,0.24263366531971253,0.04282331466674805,86.84442012950262,B_camera_shift_strong,0.667637027621312,3.144998172645007,B_camera_shift_strong_libero_spatial_t2_ep3,3,True,B_camera_shift,0,0.6660139146831959,3.1687386904158807,manipulation,strong,B_camera_shift_strong_libero_spatial_t02_ep003_s0048_manipulation,B_camera_shift_strong/B_camera_shift_strong_libero_spatial_t02_ep003_s0048_manipulation,48,libero_spatial,2,4.710640726219382,0.66
10.94593620300293,3.747097969055176,11.49200420640409,10.387662887573242,11.49200420640409,nan,0.2074606457962754,0.022315040230751038,82.27613587886498,B_camera_shift_strong,0.4460744658439359,1.051672161802619,B_camera_shift_strong_libero_spatial_t2_ep4,4,True,B_camera_shift,0,0.0,0.0,approach,strong,B_camera_shift_strong_libero_spatial_t02_ep004_s0016_approach,B_camera_shift_strong/B_camera_shift_strong_libero_spatial_t02_ep004_s0016_approach,16,libero_spatial,2,2.3576156949780627,0.52
8.4060697555542,3.199408531188965,9.942516083829105,8.82479476928711,9.942516083829105,nan,0.15196678252684725,0.026833131909370422,33.52730097106919,B_camera_shift_strong,0.7277350115961828,1.2095725250276435,B_camera_shift_strong_libero_spatial_t2_ep4,4,True,B_camera_shift,0,0.3996301418927439,0.20889534709035795,pre_grasp,strong,B_camera_shift_strong_libero_spatial_t02_ep004_s0032_pre_grasp,B_camera_shift_strong/B_camera_shift_strong_libero_spatial_t02_ep004_s0032_pre_grasp,32,libero_spatial,2,1.6621057194632134,0.61
11.370441436767578,5.325366020202637,12.396577754989266,11.167576789855957,12.396577754989266,nan,0.23583116793625947,0.0687716007232666,100.58079789490029,B_camera_shift_strong,0.6654725376242548,2.6695722808632447,B_camera_shift_strong_libero_spatial_t2_ep4,4,True,B_camera_shift,0,0.6792460331616579,2.714989489413435,manipulation,strong,B_camera_shift_strong_libero_spatial_t02_ep004_s0056_manipulation,B_camera_shift_strong/B_camera_shift_strong_libero_spatial_t02_ep004_s0056_manipulation,56,libero_spatial,2,4.011543872860104,0.63
12.111827850341797,3.9465324878692627,12.129757041111588,10.977571487426758,12.129757041111588,nan,0.22784055618192886,0.015094935894012451,78.57756521836144,B_camera_shift_strong,0.6248828910580304,0.8005335102178965,B_camera_shift_strong_libero_spatial_t2_ep5,5,True,B_camera_shift,0,0.0,0.0,approach,strong,B_camera_shift_strong_libero_spatial_t02_ep005_s0016_approach,B_camera_shift_strong/B_camera_shift_strong_libero_spatial_t02_ep005_s0016_approach,16,libero_spatial,2,1.281093660385645,0.52
9.269603729248047,3.2169036865234375,10.759784030728042,10.158995628356934,10.759784030728042,nan,0.17600475777669958,0.02396130934357643,50.44241604355412,B_camera_shift_strong,0.26901603761777143,1.430897462811665,B_camera_shift_strong_libero_spatial_t2_ep5,5,True,B_camera_shift,0,0.0,0.0,pre_grasp,strong,B_camera_shift_strong_libero_spatial_t02_ep005_s0032_pre_grasp,B_camera_shift_strong/B_camera_shift_strong_libero_spatial_t02_ep005_s0032_pre_grasp,32,libero_spatial,2,5.319004307262679,0.53
12.180224418640137,4.893775939941406,12.104830037802458,11.182683944702148,12.104830037802458,nan,0.2238962400926582,0.05302548408508301,94.25921511873844,B_camera_shift_strong,0.6197903024432349,2.294251963543548,B_camera_shift_strong_libero_spatial_t2_ep5,5,True,B_camera_shift,0,0.6214810564113167,2.2761862061459985,manipulation,strong,B_camera_shift_strong_libero_spatial_t02_ep005_s0056_manipulation,B_camera_shift_strong/B_camera_shift_strong_libero_spatial_t02_ep005_s0056_manipulation,56,libero_spatial,2,3.701658374614006,0.71
12.008874893188477,3.6126723289489746,11.997415859252214,10.860240936279297,11.997415859252214,nan,0.22398210351949924,0.03698617219924927,80.48469068110698,B_camera_shift_strong,0.403556928507109,2.178519567411644,B_camera_shift_strong_libero_spatial_t2_ep6,6,True,B_camera_shift,0,0.0,0.0,approach,strong,B_camera_shift_strong_libero_spatial_t02_ep006_s0016_approach,B_camera_shift_strong/B_camera_shift_strong_libero_spatial_t02_ep006_s0016_approach,16,libero_spatial,2,5.398295540286499,0.51
9.277175903320312,2.7393550872802734,10.772524531930685,9.81028938293457,10.772524531930685,nan,0.17996464443779217,0.016592204570770264,36.498612361910695,B_camera_shift_strong,0.12418737064840413,0.8667955925445363,B_camera_shift_strong_libero_spatial_t2_ep6,6,True,B_camera_shift,0,0.014970081529085194,0.2666038476879486,pre_grasp,strong,B_camera_shift_strong_libero_spatial_t02_ep006_s0032_pre_grasp,B_camera_shift_strong/B_camera_shift_strong_libero_spatial_t02_ep006_s0032_pre_grasp,32,libero_spatial,2,6.979740274867274,0.59
10.955816268920898,3.7268877029418945,11.524901434779167,10.653848648071289,11.524901434779167,nan,0.20111365235020226,0.08600759506225586,70.06471999229036,B_camera_shift_strong,0.673415197987515,6.07082331827812,B_camera_shift_strong_libero_spatial_t2_ep6,6,True,B_camera_shift,0,1.6010245065051951,62.908443662642924,manipulation,strong,B_camera_shift_strong_libero_spatial_t02_ep006_s0048_manipulation,B_camera_shift_strong/B_camera_shift_strong_libero_spatial_t02_ep006_s0048_manipulation,48,libero_spatial,2,9.01497818347526,0.6
12.219488143920898,3.5205698013305664,11.935930682346225,10.965429306030273,11.935930682346225,nan,0.21909564787247784,0.03166508674621582,79.57886610123545,B_camera_shift_strong,0.5208896657591611,2.221444918174878,B_camera_shift_strong_libero_spatial_t2_ep7,7,True,B_camera_shift,0,0.0,0.0,approach,strong,B_camera_shift_strong_libero_spatial_t02_ep007_s0016_approach,B_camera_shift_strong/B_camera_shift_strong_libero_spatial_t02_ep007_s0016_approach,16,libero_spatial,2,4.264712978970842,0.5
8.29661750793457,2.9396491050720215,10.056354550644755,8.997030258178711,10.056354550644755,nan,0.15767211565509998,0.021591469645500183,44.618020426036864,B_camera_shift_strong,0.3000115714888327,0.8215507908217092,B_camera_shift_strong_libero_spatial_t2_ep7,7,True,B_camera_shift,0,0.04035929384860122,0.2453515046726685,pre_grasp,strong,B_camera_shift_strong_libero_spatial_t02_ep007_s0032_pre_grasp,B_camera_shift_strong/B_camera_shift_strong_libero_spatial_t02_ep007_s0032_pre_grasp,32,libero_spatial,2,2.7383970116375655,0.54
12.286102294921875,4.691428184509277,12.133025698363781,10.863691329956055,12.133025698363781,nan,0.22916030736751372,0.05563312768936157,95.51187999142154,B_camera_shift_strong,0.5289072503026832,2.4811840540699044,B_camera_shift_strong_libero_spatial_t2_ep7,7,True,B_camera_shift,0,0.5338783388476059,2.4746962228009037,manipulation,strong,B_camera_shift_strong_libero_spatial_t02_ep007_s0056_manipulation,B_camera_shift_strong/B_camera_shift_strong_libero_spatial_t02_ep007_s0056_manipulation,56,libero_spatial,2,4.691151525432809,0.63
13.047723770141602,4.555603504180908,12.019929671660066,10.89775562286377,12.019929671660066,nan,0.22360868591895675,0.05430793762207031,81.2321644152316,B_camera_shift_strong,0.5768498964873162,2.883010336075816,B_camera_shift_strong_libero_spatial_t2_ep8,8,True,B_camera_shift,0,0.0,0.0,approach,strong,B_camera_shift_strong_libero_spatial_t02_ep008_s0016_approach,B_camera_shift_strong/B_camera_shift_strong_libero_spatial_t02_ep008_s0016_approach,16,libero_spatial,2,4.997851873826605,0.52
10.812448501586914,3.2465949058532715,11.341825269162655,10.753684997558594,11.341825269162655,nan,0.19542067246040074,0.018149197101593018,57.46372510914595,B_camera_shift_strong,0.34105699534580175,0.9405790049700293,B_camera_shift_strong_libero_spatial_t2_ep8,8,True,B_camera_shift,0,0.20038471909658728,0.1672729897063029,pre_grasp,strong,B_camera_shift_strong_libero_spatial_t02_ep008_s0032_pre_grasp,B_camera_shift_strong/B_camera_shift_strong_libero_spatial_t02_ep008_s0032_pre_grasp,32,libero_spatial,2,2.757835252774584,0.56
11.91653823852539,4.233004570007324,12.379012564197183,12.064695358276367,12.379012564197183,nan,0.2343299890785883,0.05690586566925049,96.9691668756882,B_camera_shift_strong,0.5188028936599346,2.0598193307182147,B_camera_shift_strong_libero_spatial_t2_ep8,8,True,B_camera_shift,0,0.5213321341740241,2.062194095397041,manipulation,strong,B_camera_shift_strong_libero_spatial_t02_ep008_s0096_manipulation,B_camera_shift_strong/B_camera_shift_strong_libero_spatial_t02_ep008_s0096_manipulation,96,libero_spatial,2,3.9703312296256907,0.71
12.340128898620605,3.4376559257507324,12.115570275112987,10.918195724487305,12.115570275112987,nan,0.22659799911017312,0.02815517783164978,86.04863881936316,B_camera_shift_strong,0.49949944371045313,1.1331879477449582,B_camera_shift_strong_libero_spatial_t2_ep9,9,True,B_camera_shift,0,0.0,0.0,approach,strong,B_camera_shift_strong_libero_spatial_t02_ep009_s0016_approach,B_camera_shift_strong/B_camera_shift_strong_libero_spatial_t02_ep009_s0016_approach,16,libero_spatial,2,2.2686470666058196,0.51
9.612545013427734,2.7445342540740967,11.29052494931966,10.341255187988281,11.29052494931966,nan,0.19505240719908637,0.015803039073944092,42.04585758368792,B_camera_shift_strong,0.24442106537754515,0.5885448794820896,B_camera_shift_strong_libero_spatial_t2_ep9,9,True,B_camera_shift,0,0.030280248082891693,0.0707266769130339,pre_grasp,strong,B_camera_shift_strong_libero_spatial_t02_ep009_s0032_pre_grasp,B_camera_shift_strong/B_camera_shift_strong_libero_spatial_t02_ep009_s0032_pre_grasp,32,libero_spatial,2,2.40791389470868,0.59
12.275634765625,4.092117786407471,12.085715901106596,11.052804946899414,12.085715901106596,nan,0.22587509930385594,0.056093305349349976,94.31427186012586,B_camera_shift_strong,0.501788479359805,2.355101388542145,B_camera_shift_strong_libero_spatial_t2_ep9,9,True,B_camera_shift,0,0.5163118357685731,2.3365738163377503,manipulation,strong,B_camera_shift_strong_libero_spatial_t02_ep009_s0056_manipulation,B_camera_shift_strong/B_camera_shift_strong_libero_spatial_t02_ep009_s0056_manipulation,56,libero_spatial,2,4.693414626710533,0.69
8.181429862976074,3.565816879272461,7.968834643252194,7.503139495849609,7.968834643252194,nan,0.0932411025504752,0.027879536151885986,84.48391620677793,ID,0.30582425120237217,0.8554968494666109,ID_libero_spatial_t2_ep0,0,True,ID,0,0.0,0.0,approach,none,ID_libero_spatial_t02_ep000_s0024_approach,ID/ID_libero_spatial_t02_ep000_s0024_approach,24,libero_spatial,2,2.797347973887478,0.52
7.160358428955078,2.705472469329834,7.350869529880583,6.918635368347168,7.350869529880583,nan,0.07937264441009696,0.0074863433837890625,48.058624206817974,ID,0.2745968529327391,0.3459311130170706,ID_libero_spatial_t2_ep0,0,True,ID,0,0.01230760950341793,0.029185617695035717,pre_grasp,none,ID_libero_spatial_t02_ep000_s0040_pre_grasp,ID/ID_libero_spatial_t02_ep000_s0040_pre_grasp,40,libero_spatial,2,1.25977814138243,0.58
7.721287727355957,3.4931540489196777,7.632868905551732,7.062058925628662,7.632868905551732,nan,0.08569240662982662,0.013695478439331055,105.28469522349197,ID,0.5311072648646582,0.5333138854547063,ID_libero_spatial_t2_ep0,0,True,ID,0,0.5410303449152069,0.5432368565106858,manipulation,none,ID_libero_spatial_t02_ep000_s0064_manipulation,ID/ID_libero_spatial_t02_ep000_s0064_manipulation,64,libero_spatial,2,1.0041547550486065,0.65
7.884370803833008,4.485794544219971,8.026364346034825,7.601445198059082,8.026364346034825,nan,0.09529307576453101,0.018140673637390137,85.80198182226374,ID,0.702977211373696,0.7811041141931229,ID_libero_spatial_t2_ep1,1,True,ID,0,0.0,0.0,approach,none,ID_libero_spatial_t02_ep001_s0016_approach,ID/ID_libero_spatial_t02_ep001_s0016_approach,16,libero_spatial,2,1.1111371770740024,0.5
7.018332004547119,2.8685355186462402,7.464929264970124,6.987177848815918,7.464929264970124,nan,0.08041236279885726,0.014417678117752075,70.62531114298791,ID,0.3881025427204359,0.4561200436622787,ID_libero_spatial_t2_ep1,1,True,ID,0,0.0,0.0,pre_grasp,none,ID_libero_spatial_t02_ep001_s0032_pre_grasp,ID/ID_libero_spatial_t02_ep001_s0032_pre_grasp,32,libero_spatial,2,1.1752565197462215,0.53
8.268474578857422,3.7209320068359375,8.212748165242374,7.878659248352051,8.212748165242374,nan,0.09776483364658017,0.019393444061279297,94.9876185727853,ID,0.6446439452703379,0.38269634782459594,ID_libero_spatial_t2_ep1,1,True,ID,0,0.6701576676264048,0.41937101033311625,manipulation,none,ID_libero_spatial_t02_ep001_s0056_manipulation,ID/ID_libero_spatial_t02_ep001_s0056_manipulation,56,libero_spatial,2,0.5936553823740769,0.63
7.335762977600098,4.556161403656006,7.433933480642736,6.760047912597656,7.433933480642736,nan,0.08217826399157437,0.018418550491333008,79.83976286498917,ID,0.47574373456117264,1.4216322315509207,ID_libero_spatial_t2_ep2,2,True,ID,0,0.0,0.0,approach,none,ID_libero_spatial_t02_ep002_s0016_approach,ID/ID_libero_spatial_t02_ep002_s0016_approach,16,libero_spatial,2,2.988231117457045,0.5
7.023764610290527,2.8915560245513916,7.9287883918732405,7.340883255004883,7.9287883918732405,nan,0.09214200562320625,0.014206349849700928,80.98389556572066,ID,0.4242758620268415,0.7834581715265522,ID_libero_spatial_t2_ep2,2,True,ID,0,0.0,0.0,pre_grasp,none,ID_libero_spatial_t02_ep002_s0032_pre_grasp,ID/ID_libero_spatial_t02_ep002_s0032_pre_grasp,32,libero_spatial,2,1.846577290029729,0.5
8.113670349121094,3.701991558074951,7.951697944663465,7.322355270385742,7.951697944663465,nan,0.09248333066195884,0.02292582392692566,101.2844667949061,ID,0.4987844927861498,1.1696045546958747,ID_libero_spatial_t2_ep2,2,True,ID,0,0.5127047063798117,1.1627255519788502,manipulation,none,ID_libero_spatial_t02_ep002_s0056_manipulation,ID/ID_libero_spatial_t02_ep002_s0056_manipulation,56,libero_spatial,2,2.344909618505991,0.6
7.375433921813965,3.2890448570251465,7.614185352809727,7.130346298217773,7.614185352809727,nan,0.08781861724785404,0.014194726943969727,84.85587976226495,ID,0.34904245779338866,0.546766211567142,ID_libero_spatial_t2_ep3,3,True,ID,0,0.0,0.0,approach,none,ID_libero_spatial_t02_ep003_s0016_approach,ID/ID_libero_spatial_t02_ep003_s0016_approach,16,libero_spatial,2,1.5664747922752522,0.51
6.8629841804504395,2.6602706909179688,7.147725070826709,6.815332412719727,7.147725070826709,nan,0.0754354214181065,0.012429118156433105,40.14685379806047,ID,0.323214234020944,0.6304880972283153,ID_libero_spatial_t2_ep3,3,True,ID,0,0.0,0.0,pre_grasp,none,ID_libero_spatial_t02_ep003_s0032_pre_grasp,ID/ID_libero_spatial_t02_ep003_s0032_pre_grasp,32,libero_spatial,2,1.9506817177719353,0.54
8.015937805175781,3.55353045463562,7.508579379878938,6.982420921325684,7.508579379878938,nan,0.0838214258045007,0.012118220329284668,95.97596596577974,ID,0.4713302388985434,0.5079078200520201,ID_libero_spatial_t2_ep3,3,True,ID,0,0.46673773323020235,0.48588575279435764,manipulation,none,ID_libero_spatial_t02_ep003_s0056_manipulation,ID/ID_libero_spatial_t02_ep003_s0056_manipulation,56,libero_spatial,2,1.0776049956797917,0.66
7.420050621032715,4.023983001708984,7.617863303050399,7.027169227600098,7.617863303050399,nan,0.08459831073693846,0.010728411376476288,86.68719008615308,ID,0.6610038489600287,1.061977239509698,ID_libero_spatial_t2_ep4,4,True,ID,0,0.0,0.0,approach,none,ID_libero_spatial_t02_ep004_s0016_approach,ID/ID_libero_spatial_t02_ep004_s0016_approach,16,libero_spatial,2,1.6066127923166094,0.51
6.795799732208252,2.8381218910217285,7.5941444197669625,7.0844316482543945,7.5941444197669625,nan,0.08371157030074866,0.010765746235847473,58.350977378478845,ID,0.3303348409131583,0.45017884773742267,ID_libero_spatial_t2_ep4,4,True,ID,0,0.0,0.0,pre_grasp,none,ID_libero_spatial_t02_ep004_s0032_pre_grasp,ID/ID_libero_spatial_t02_ep004_s0032_pre_grasp,32,libero_spatial,2,1.3627955394985725,0.51
7.561168670654297,4.130605697631836,8.212540353648365,7.210901260375977,8.212540353648365,nan,0.1007606804511349,0.013674050569534302,97.86297360371667,ID,0.5520265132181373,0.33718929685569105,ID_libero_spatial_t2_ep4,4,True,ID,0,0.5622402759591876,0.345187066872892,manipulation,none,ID_libero_spatial_t02_ep004_s0056_manipulation,ID/ID_libero_spatial_t02_ep004_s0056_manipulation,56,libero_spatial,2,0.6108208370101387,0.61
7.9441022872924805,5.469457626342773,7.889082442037761,7.288095951080322,7.889082442037761,nan,0.09524895452422637,0.02208384871482849,87.25903469989123,ID,0.6148625029645437,1.4715010443418794,ID_libero_spatial_t2_ep5,5,True,ID,0,0.0,0.0,approach,none,ID_libero_spatial_t02_ep005_s0016_approach,ID/ID_libero_spatial_t02_ep005_s0016_approach,16,libero_spatial,2,2.393219682851166,0.52
7.490876197814941,2.8712306022644043,7.7146746246144176,7.142482280731201,7.7146746246144176,nan,0.08626751602423179,0.010938584804534912,78.23933410936384,ID,0.5702335143418549,0.6852917885278131,ID_libero_spatial_t2_ep5,5,True,ID,0,0.0,0.0,pre_grasp,none,ID_libero_spatial_t02_ep005_s0032_pre_grasp,ID/ID_libero_spatial_t02_ep005_s0032_pre_grasp,32,libero_spatial,2,1.201773959776382,0.52
7.81650447845459,3.399156332015991,8.689038282260299,7.928434371948242,8.689038282260299,nan,0.11618728942278778,0.026750504970550537,97.6708396341153,ID,0.6093633976180151,1.0658198470646392,ID_libero_spatial_t2_ep5,5,True,ID,0,0.6200842313728437,1.0398254129045865,manipulation,none,ID_libero_spatial_t02_ep005_s0056_manipulation,ID/ID_libero_spatial_t02_ep005_s0056_manipulation,56,libero_spatial,2,1.7490709997201996,0.65
7.4382243156433105,4.552172660827637,7.417866414412856,7.071595668792725,7.417866414412856,nan,0.08094583957566737,0.019948124885559082,81.19303485229982,ID,0.4978794476440327,1.8625672002568987,ID_libero_spatial_t2_ep6,6,True,ID,0,0.0,0.0,approach,none,ID_libero_spatial_t02_ep006_s0016_approach,ID/ID_libero_spatial_t02_ep006_s0016_approach,16,libero_spatial,2,3.7410003748308416,0.53
7.2428507804870605,2.7544498443603516,7.702536003664136,7.185594081878662,7.702536003664136,nan,0.08744176641822364,0.011458218097686768,66.94827148686818,ID,0.374038464251071,0.5753641728053912,ID_libero_spatial_t2_ep6,6,True,ID,0,0.0,0.0,pre_grasp,none,ID_libero_spatial_t02_ep006_s0032_pre_grasp,ID/ID_libero_spatial_t02_ep006_s0032_pre_grasp,32,libero_spatial,2,1.5382486770643502,0.53
7.647742748260498,3.484046459197998,8.171097892336547,7.589272499084473,8.171097892336547,nan,0.10014196388091205,0.015293866395950317,85.22604614460774,ID,0.4112452376062386,0.9553540494695607,ID_libero_spatial_t2_ep6,6,True,ID,0,0.40829690834407667,0.8767749035112148,manipulation,none,ID_libero_spatial_t02_ep006_s0056_manipulation,ID/ID_libero_spatial_t02_ep006_s0056_manipulation,56,libero_spatial,2,2.3230762623062846,0.68
7.674342155456543,3.6478304862976074,7.630010092630982,7.208817481994629,7.630010092630982,nan,0.08571063421153653,0.01101142168045044,79.4615287156241,ID,0.5148574104549133,0.5512375652714951,ID_libero_spatial_t2_ep7,7,True,ID,0,0.0,0.0,approach,none,ID_libero_spatial_t02_ep007_s0016_approach,ID/ID_libero_spatial_t02_ep007_s0016_approach,16,libero_spatial,2,1.0706606413306499,0.52
7.624215126037598,2.8914756774902344,7.924392635002732,7.543920040130615,7.924392635002732,nan,0.0895994099836402,0.009042888879776001,70.54402857303901,ID,1.0463330440724867,0.3091178064076406,ID_libero_spatial_t2_ep7,7,True,ID,0,0.0,0.0,pre_grasp,none,ID_libero_spatial_t02_ep007_s0032_pre_grasp,ID/ID_libero_spatial_t02_ep007_s0032_pre_grasp,32,libero_spatial,2,0.29542965135126315,0.52
8.389514923095703,3.5705437660217285,8.495901077054441,7.88731575012207,8.495901077054441,nan,0.10591867831348926,0.01892244815826416,92.73825320757766,ID,0.6641890591053852,0.9137592348232185,ID_libero_spatial_t2_ep7,7,True,ID,0,0.6841541844636031,0.8729859687147256,manipulation,none,ID_libero_spatial_t02_ep007_s0056_manipulation,ID/ID_libero_spatial_t02_ep007_s0056_manipulation,56,libero_spatial,2,1.375751711499112,0.64
7.390846252441406,3.2679240703582764,7.9264008812606335,7.233789920806885,7.9264008812606335,nan,0.09437422132288535,0.016649246215820312,81.31272070734872,ID,0.3661522243344441,0.6224759496071876,ID_libero_spatial_t2_ep8,8,True,ID,0,0.0,0.0,approach,none,ID_libero_spatial_t02_ep008_s0024_approach,ID/ID_libero_spatial_t02_ep008_s0024_approach,24,libero_spatial,2,1.7000468882543696,0.5
6.649991035461426,2.187511444091797,7.25374551396817,6.7455596923828125,7.25374551396817,nan,0.07732702716679934,0.01136094331741333,36.39474688423046,ID,0.24235469141162247,0.8361520586777272,ID_libero_spatial_t2_ep8,8,True,ID,0,0.0191979356601471,0.14998200777289444,pre_grasp,none,ID_libero_spatial_t02_ep008_s0040_pre_grasp,ID/ID_libero_spatial_t02_ep008_s0040_pre_grasp,40,libero_spatial,2,3.450117073482112,0.59
8.204225540161133,2.9470701217651367,8.173051109537482,7.162744522094727,8.173051109537482,nan,0.10349947831470373,0.020687580108642578,92.84175853004216,ID,0.4561584769071321,0.8276036916405912,ID_libero_spatial_t2_ep8,8,True,ID,0,0.46643537213068004,0.8625864847428183,manipulation,none,ID_libero_spatial_t02_ep008_s0064_manipulation,ID/ID_libero_spatial_t02_ep008_s0064_manipulation,64,libero_spatial,2,1.8142898434157138,0.6
7.677591323852539,3.5655832290649414,7.900281175039709,7.1630353927612305,7.900281175039709,nan,0.09217445243985578,0.0190131738781929,88.28203979915239,ID,0.3308246115181626,0.8547110080431578,ID_libero_spatial_t2_ep9,9,True,ID,0,0.0,0.0,approach,none,ID_libero_spatial_t02_ep009_s0024_approach,ID/ID_libero_spatial_t02_ep009_s0024_approach,24,libero_spatial,2,2.583577455500868,0.5
6.523462295532227,2.177886486053467,7.162999029271305,6.827716827392578,7.162999029271305,nan,0.07659422180728775,0.01330876350402832,44.527019985577496,ID,1.5483217733852552,1.392585376425103,ID_libero_spatial_t2_ep9,9,True,ID,0,0.48643923297007946,0.38912009537481645,pre_grasp,none,ID_libero_spatial_t02_ep009_s0040_pre_grasp,ID/ID_libero_spatial_t02_ep009_s0040_pre_grasp,40,libero_spatial,2,0.8994160001899026,0.57
7.504095554351807,3.7707972526550293,8.081889359280467,7.2672929763793945,8.081889359280467,nan,0.09982485313492835,0.013291776180267334,94.21750976873328,ID,0.7500351024084798,0.983539379509235,ID_libero_spatial_t2_ep9,9,True,ID,0,0.7703258809134786,0.9452312016192194,manipulation,none,ID_libero_spatial_t02_ep009_s0056_manipulation,ID/ID_libero_spatial_t02_ep009_s0056_manipulation,56,libero_spatial,2,1.311324465149613,0.66
8.81728744506836,2.7389044761657715,10.041236197575927,8.608132362365723,9.284824513769768,17.030480155944826,0.1632049793960696,0.10113278031349182,65.69758880983275,A_occlusion_medium,0.7967061300734226,4.252645568340082,A_occlusion_medium_libero_spatial_t7_ep0,0,True,A_occlusion,25,0.0,0.0,approach,medium,A_occlusion_medium_libero_spatial_t07_ep000_s0016_approach,A_occlusion_medium/A_occlusion_medium_libero_spatial_t07_ep000_s0016_approach,16,libero_spatial,7,5.337784419894156,0.56
7.753514289855957,2.263580322265625,10.31681916769594,8.274429321289062,9.310906764232751,19.6114497756958,0.1818789738241712,0.015633702278137207,57.67796923282019,A_occlusion_medium,1.014751711561953,1.1659395939661443,A_occlusion_medium_libero_spatial_t7_ep0,0,True,A_occlusion,25,0.0,0.0,pre_grasp,medium,A_occlusion_medium_libero_spatial_t07_ep000_s0032_pre_grasp,A_occlusion_medium/A_occlusion_medium_libero_spatial_t07_ep000_s0032_pre_grasp,32,libero_spatial,7,1.1489900245366187,0.53
8.849549293518066,2.6198599338531494,10.190490616485476,9.019695281982422,9.297785467915721,18.439086189270018,0.1639221858884359,0.028940826654434204,80.80526492956238,A_occlusion_medium,1.0662195341375231,1.7665809962005798,A_occlusion_medium_libero_spatial_t7_ep0,0,True,A_occlusion,25,1.058764045578316,1.7504947747695316,manipulation,medium,A_occlusion_medium_libero_spatial_t07_ep000_s0056_manipulation,A_occlusion_medium/A_occlusion_medium_libero_spatial_t07_ep000_s0056_manipulation,56,libero_spatial,7,1.6568642194588818,0.7
8.213418960571289,2.551344871520996,10.121828453615308,8.39632797241211,9.313205089403953,17.593508338928224,0.17016682579791573,0.06812894344329834,64.35908948154045,A_occlusion_medium,0.63151839052948,2.87541185904027,A_occlusion_medium_libero_spatial_t7_ep1,1,True,A_occlusion,25,0.0,0.0,approach,medium,A_occlusion_medium_libero_spatial_t07_ep001_s0024_approach,A_occlusion_medium/A_occlusion_medium_libero_spatial_t07_ep001_s0024_approach,24,libero_spatial,7,4.553172009178477,0.53
7.9029998779296875,1.8834326267242432,9.839625750668347,8.263113021850586,9.023462350234325,17.38097557067871,0.16075226351874902,0.016368597745895386,42.12040785487694,A_occlusion_medium,0.46497820344199453,0.5403034038948856,A_occlusion_medium_libero_spatial_t7_ep1,1,True,A_occlusion,25,0.24334640290554166,0.528178543755066,pre_grasp,medium,A_occlusion_medium_libero_spatial_t07_ep001_s0040_pre_grasp,A_occlusion_medium/A_occlusion_medium_libero_spatial_t07_ep001_s0040_pre_grasp,40,libero_spatial,7,1.1619972719049998,0.61
7.845954418182373,2.692211151123047,9.679731241427362,8.184586524963379,8.61024292516502,19.561803283691408,0.15150211766927338,0.015397429466247559,67.16510823854578,A_occlusion_medium,1.5173801415626276,1.0010638595677654,A_occlusion_medium_libero_spatial_t7_ep1,1,True,A_occlusion,25,1.515125094837672,1.0257871262818403,manipulation,medium,A_occlusion_medium_libero_spatial_t07_ep001_s0064_manipulation,A_occlusion_medium/A_occlusion_medium_libero_spatial_t07_ep001_s0064_manipulation,64,libero_spatial,7,0.6597317522139511,0.67
8.853353500366211,2.9655544757843018,9.275345595553517,8.55834674835205,8.691817867807496,14.667141799926759,0.1296432930976302,0.035225868225097656,65.96693715437509,A_occlusion_medium,0.6217255226048016,2.5319880037624443,A_occlusion_medium_libero_spatial_t7_ep2,2,True,A_occlusion,25,0.0,0.0,approach,medium,A_occlusion_medium_libero_spatial_t07_ep002_s0016_approach,A_occlusion_medium/A_occlusion_medium_libero_spatial_t07_ep002_s0016_approach,16,libero_spatial,7,4.072517391845753,0.55
8.062176704406738,2.1543612480163574,9.455740905366838,8.218097686767578,8.667279044271032,16.74112850189209,0.14504106849556853,0.026710443198680878,43.99526126239877,A_occlusion_medium,1.7205381383670038,1.3184883527929085,A_occlusion_medium_libero_spatial_t7_ep2,2,True,A_occlusion,25,0.4265178811026791,0.2668310840368624,pre_grasp,medium,A_occlusion_medium_libero_spatial_t07_ep002_s0040_pre_grasp,A_occlusion_medium/A_occlusion_medium_libero_spatial_t07_ep002_s0040_pre_grasp,40,libero_spatial,7,0.7663232353828039,0.71
8.475398063659668,2.8660387992858887,9.629294540733099,8.642190933227539,8.736105076678388,17.882365188598634,0.1459993619026293,0.04851570725440979,74.73897026299149,A_occlusion_medium,0.7912807674116475,2.109207999733548,A_occlusion_medium_libero_spatial_t7_ep2,2,True,A_occlusion,25,0.7816678441805184,2.103168644737363,manipulation,medium,A_occlusion_medium_libero_spatial_t07_ep002_s0072_manipulation,A_occlusion_medium/A_occlusion_medium_libero_spatial_t07_ep002_s0072_manipulation,72,libero_spatial,7,2.6655620692424535,0.7
8.259649276733398,2.713789939880371,9.570721855387092,8.272733688354492,8.774835122096075,16.924715270996092,0.14723418696754428,0.10728707909584045,69.84688166072164,A_occlusion_medium,0.7112748395690183,6.964622145224014,A_occlusion_medium_libero_spatial_t7_ep3,3,True,A_occlusion,25,0.0,0.0,approach,medium,A_occlusion_medium_libero_spatial_t07_ep003_s0016_approach,A_occlusion_medium/A_occlusion_medium_libero_spatial_t07_ep003_s0016_approach,16,libero_spatial,7,9.791745409473611,0.55
7.6972503662109375,1.7302234172821045,8.988907127641141,7.75611686706543,8.244628075397376,15.866045570373535,0.13061087620687947,0.0328059196472168,22.42318830330952,A_occlusion_medium,0.6146481563156553,0.8018564257395213,A_occlusion_medium_libero_spatial_t7_ep3,3,True,A_occlusion,25,0.27310557566734617,0.1620318161758318,pre_grasp,medium,A_occlusion_medium_libero_spatial_t07_ep003_s0040_pre_grasp,A_occlusion_medium/A_occlusion_medium_libero_spatial_t07_ep003_s0040_pre_grasp,40,libero_spatial,7,1.3045779402415134,0.77
8.382094383239746,2.811899423599243,9.981920505873859,8.645658493041992,9.161001340651408,17.567213592529296,0.15881429767723124,0.04404342174530029,75.37122726983381,A_occlusion_medium,1.0493984159545002,2.5280847211788156,A_occlusion_medium_libero_spatial_t7_ep3,3,True,A_occlusion,25,1.0576838055029334,2.5214984336936204,manipulation,medium,A_occlusion_medium_libero_spatial_t07_ep003_s0064_manipulation,A_occlusion_medium/A_occlusion_medium_libero_spatial_t07_ep003_s0064_manipulation,64,libero_spatial,7,2.4090799859644805,0.61
7.961643218994141,2.864603042602539,9.675509495660663,8.169898986816406,8.810521990705878,17.66799404144287,0.1542249139753311,0.14408773183822632,71.9565793580215,A_occlusion_medium,0.6626848391657508,6.769269272062036,A_occlusion_medium_libero_spatial_t7_ep4,4,True,A_occlusion,25,0.0,0.0,approach,medium,A_occlusion_medium_libero_spatial_t07_ep004_s0016_approach,A_occlusion_medium/A_occlusion_medium_libero_spatial_t07_ep004_s0016_approach,16,libero_spatial,7,10.214914952006177,0.53
7.584803104400635,1.8231966495513916,9.414346361532807,7.532475471496582,8.583217825208392,17.093974037170412,0.1519649824750747,0.02047508955001831,63.993063098009934,A_occlusion_medium,1.0041437842732979,1.6757201605848842,A_occlusion_medium_libero_spatial_t7_ep4,4,True,A_occlusion,25,0.0,0.0,pre_grasp,medium,A_occlusion_medium_libero_spatial_t07_ep004_s0032_pre_grasp,A_occlusion_medium/A_occlusion_medium_libero_spatial_t07_ep004_s0032_pre_grasp,32,libero_spatial,7,1.6688049927009292,0.54
7.263903617858887,2.806788206100464,9.122995914891362,7.516265392303467,8.2527026036085,17.16450611114502,0.13766877556247534,0.025396764278411865,72.58331244645107,A_occlusion_medium,1.4472815078867851,0.7853272990141246,A_occlusion_medium_libero_spatial_t7_ep4,4,True,A_occlusion,25,1.4393729666153163,0.7890120836347393,manipulation,medium,A_occlusion_medium_libero_spatial_t07_ep004_s0064_manipulation,A_occlusion_medium/A_occlusion_medium_libero_spatial_t07_ep004_s0064_manipulation,64,libero_spatial,7,0.542622354209999,0.67
7.820086479187012,2.7337536811828613,9.913195911794901,7.960221767425537,9.018880513839392,18.17667018890381,0.1635935604349553,0.11671555042266846,69.89075149456934,A_occlusion_medium,0.6199546450228784,5.649316391297339,A_occlusion_medium_libero_spatial_t7_ep5,5,True,A_occlusion,25,0.0,0.0,approach,medium,A_occlusion_medium_libero_spatial_t07_ep005_s0016_approach,A_occlusion_medium/A_occlusion_medium_libero_spatial_t07_ep005_s0016_approach,16,libero_spatial,7,9.112467237161939,0.54
7.567246437072754,1.68588387966156,8.658712880685925,7.507741451263428,8.059864434328945,14.192072525024415,0.12076434628753706,0.03733260929584503,15.620178253532213,A_occlusion_medium,0.16807072262751932,0.34731047553721184,A_occlusion_medium_libero_spatial_t7_ep5,5,True,A_occlusion,25,0.05649028982524438,0.07293633465640757,pre_grasp,medium,A_occlusion_medium_libero_spatial_t07_ep005_s0040_pre_grasp,A_occlusion_medium/A_occlusion_medium_libero_spatial_t07_ep005_s0040_pre_grasp,40,libero_spatial,7,2.0664543479528326,0.76
7.912691116333008,2.8140950202941895,9.490635868161917,8.045276641845703,8.7038932692953,16.760137481689455,0.14424566805383746,0.04992668330669403,72.3948485730968,A_occlusion_medium,1.20424605869265,2.5774569813125967,A_occlusion_medium_libero_spatial_t7_ep5,5,True,A_occlusion,25,1.2043670245669011,2.566792931174816,manipulation,medium,A_occlusion_medium_libero_spatial_t07_ep005_s0064_manipulation,A_occlusion_medium/A_occlusion_medium_libero_spatial_t07_ep005_s0064_manipulation,64,libero_spatial,7,2.140307591382718,0.7
8.523239135742188,2.6184184551239014,10.186321822926402,8.769731521606445,9.505034205201385,16.481419410705566,0.1670041511555106,0.08884435892105103,65.93500426033198,A_occlusion_medium,0.42777622993976855,4.447399420532911,A_occlusion_medium_libero_spatial_t7_ep6,6,True,A_occlusion,25,0.0,0.0,approach,medium,A_occlusion_medium_libero_spatial_t07_ep006_s0016_approach,A_occlusion_medium/A_occlusion_medium_libero_spatial_t07_ep006_s0016_approach,16,libero_spatial,7,10.396555744013897,0.55
8.491523742675781,2.3932318687438965,10.282219895161688,8.579894065856934,9.627332060884088,16.33338348388672,0.17192097166388318,0.03188294172286987,68.73044609444521,A_occlusion_medium,0.4448769197302613,1.4858597405476728,A_occlusion_medium_libero_spatial_t7_ep6,6,True,A_occlusion,25,0.058317997725127836,0.32842220351323664,pre_grasp,medium,A_occlusion_medium_libero_spatial_t07_ep006_s0032_pre_grasp,A_occlusion_medium/A_occlusion_medium_libero_spatial_t07_ep006_s0032_pre_grasp,32,libero_spatial,7,3.3399344282651984,0.58
8.654648780822754,2.0467529296875,9.376481600105762,8.489701271057129,8.751385961260114,15.15236530303955,0.1367381586948475,0.012080609798431396,51.12859012208218,A_occlusion_medium,0.9741352328509519,0.5984285047937765,A_occlusion_medium_libero_spatial_t7_ep6,6,True,A_occlusion,25,0.9987032392490717,0.5688149725936884,manipulation,medium,A_occlusion_medium_libero_spatial_t07_ep006_s0056_manipulation,A_occlusion_medium/A_occlusion_medium_libero_spatial_t07_ep006_s0056_manipulation,56,libero_spatial,7,0.6143176887693368,0.71
8.037555694580078,2.6563782691955566,10.14553670026362,8.118902206420898,9.341760443402576,17.57242931365967,0.17281345358763142,0.15653347969055176,65.91804853546705,A_occlusion_medium,0.6499521478838667,6.984177942107357,A_occlusion_medium_libero_spatial_t7_ep7,7,True,A_occlusion,25,0.0,0.0,approach,medium,A_occlusion_medium_libero_spatial_t07_ep007_s0016_approach,A_occlusion_medium/A_occlusion_medium_libero_spatial_t07_ep007_s0016_approach,16,libero_spatial,7,10.745680224069801,0.54
7.740138053894043,2.213200569152832,9.837813715450466,7.972883701324463,8.994537984137928,17.62968147277832,0.16511332122583625,0.017228424549102783,62.653401872576204,A_occlusion_medium,0.5249609456872978,0.919915888365829,A_occlusion_medium_libero_spatial_t7_ep7,7,True,A_occlusion,25,0.28199381100538046,0.7215778933918001,pre_grasp,medium,A_occlusion_medium_libero_spatial_t07_ep007_s0032_pre_grasp,A_occlusion_medium/A_occlusion_medium_libero_spatial_t07_ep007_s0032_pre_grasp,32,libero_spatial,7,1.7523510956828265,0.56
7.372386932373047,2.0689988136291504,8.64861913304776,7.514003753662109,7.903158397385568,15.536676330566406,0.12042050112554731,0.11117434501647949,66.69412959415533,A_occlusion_medium,1.4124555096041054,7.286376870959938,A_occlusion_medium_libero_spatial_t7_ep7,7,True,A_occlusion,25,1.425923930108705,7.299047153495635,manipulation,medium,A_occlusion_medium_libero_spatial_t07_ep007_s0056_manipulation,A_occlusion_medium/A_occlusion_medium_libero_spatial_t07_ep007_s0056_manipulation,56,libero_spatial,7,5.158659385315594,0.74
8.831188201904297,2.265038013458252,9.976028270088136,8.901206970214844,9.256128537190424,16.62790180206299,0.15490511777101298,0.039441466331481934,74.37102345066646,A_occlusion_medium,0.4675056838572405,1.9455439451144028,A_occlusion_medium_libero_spatial_t7_ep8,8,True,A_occlusion,25,0.0,0.0,approach,medium,A_occlusion_medium_libero_spatial_t07_ep008_s0024_approach,A_occlusion_medium/A_occlusion_medium_libero_spatial_t07_ep008_s0024_approach,24,libero_spatial,7,4.161540730504791,0.55
7.831216335296631,2.0786237716674805,9.562666412442923,7.853286266326904,8.691181855800348,17.61518371582031,0.15136538304658775,0.027246177196502686,60.590229409606195,A_occlusion_medium,0.6560413984175567,2.0840158740407335,A_occlusion_medium_libero_spatial_t7_ep8,8,True,A_occlusion,25,0.0,0.0,pre_grasp,medium,A_occlusion_medium_libero_spatial_t07_ep008_s0040_pre_grasp,A_occlusion_medium/A_occlusion_medium_libero_spatial_t07_ep008_s0040_pre_grasp,40,libero_spatial,7,3.176652996392616,0.57
7.567576885223389,2.388124465942383,8.745400725863874,7.495078086853027,7.872644155056445,16.80967144012451,0.12409688604933829,0.062285780906677246,65.47091505331176,A_occlusion_medium,1.0230886271961972,4.9712996518726325,A_occlusion_medium_libero_spatial_t7_ep8,8,True,A_occlusion,25,0.9957087849065752,5.073352699192993,manipulation,medium,A_occlusion_medium_libero_spatial_t07_ep008_s0064_manipulation,A_occlusion_medium/A_occlusion_medium_libero_spatial_t07_ep008_s0064_manipulation,64,libero_spatial,7,4.859109484479968,0.71
7.841673374176025,2.250054121017456,10.348880350589752,7.828073024749756,9.58852094179624,17.3746012878418,0.1872974906837687,0.0527004599571228,61.965585437195394,A_occlusion_medium,0.4460765472136948,2.7042409925499844,A_occlusion_medium_libero_spatial_t7_ep9,9,True,A_occlusion,25,0.0,0.0,approach,medium,A_occlusion_medium_libero_spatial_t07_ep009_s0024_approach,A_occlusion_medium/A_occlusion_medium_libero_spatial_t07_ep009_s0024_approach,24,libero_spatial,7,6.062280138781891,0.56
8.03608512878418,1.963706612586975,9.906081148423254,8.186397552490234,9.170403291652729,16.70374454498291,0.16190400141650343,0.020405888557434082,51.49028843165813,A_occlusion_medium,0.4766021176865188,1.0496270034058595,A_occlusion_medium_libero_spatial_t7_ep9,9,True,A_occlusion,25,0.14988220874198044,0.3486859094783574,pre_grasp,medium,A_occlusion_medium_libero_spatial_t07_ep009_s0040_pre_grasp,A_occlusion_medium/A_occlusion_medium_libero_spatial_t07_ep009_s0040_pre_grasp,40,libero_spatial,7,2.202312924040013,0.63
8.495498657226562,2.62504243850708,9.549221213907003,8.533032417297363,8.797661401492693,16.493633880615235,0.14371870824978802,0.05664569139480591,75.17739262388639,A_occlusion_medium,0.931775822581641,2.902152519031631,A_occlusion_medium_libero_spatial_t7_ep9,9,True,A_occlusion,25,0.914687218321807,2.9146828834861904,manipulation,medium,A_occlusion_medium_libero_spatial_t07_ep009_s0064_manipulation,A_occlusion_medium/A_occlusion_medium_libero_spatial_t07_ep009_s0064_manipulation,64,libero_spatial,7,3.1146467301445226,0.73
12.364752769470215,3.665241003036499,12.645902585238218,11.968494415283203,12.645902585238218,nan,0.24002722854302716,0.016831934452056885,86.74762223510876,B_camera_shift_strong,0.36572065657342084,0.9967168657895334,B_camera_shift_strong_libero_spatial_t7_ep0,0,True,B_camera_shift,0,0.0,0.0,approach,strong,B_camera_shift_strong_libero_spatial_t07_ep000_s0016_approach,B_camera_shift_strong/B_camera_shift_strong_libero_spatial_t07_ep000_s0016_approach,16,libero_spatial,7,2.7253502034261934,0.52
9.095657348632812,3.1531288623809814,10.562428851611912,10.383416175842285,10.562428851611912,nan,0.16529142496589808,0.02559080719947815,43.47387825745258,B_camera_shift_strong,0.3064415326738232,1.4746127716836275,B_camera_shift_strong_libero_spatial_t7_ep0,0,True,B_camera_shift,0,0.14644895462153895,0.33089147421875986,pre_grasp,strong,B_camera_shift_strong_libero_spatial_t07_ep000_s0024_pre_grasp,B_camera_shift_strong/B_camera_shift_strong_libero_spatial_t07_ep000_s0024_pre_grasp,24,libero_spatial,7,4.812052592274454,0.7
11.070306777954102,2.856017589569092,11.192894545383751,10.843706130981445,11.192894545383751,nan,0.18614840974861124,0.03324589133262634,69.50856579338169,B_camera_shift_strong,0.8957107770233733,2.400521745481198,B_camera_shift_strong_libero_spatial_t7_ep0,0,True,B_camera_shift,0,0.8882854496820368,2.4840046083851166,manipulation,strong,B_camera_shift_strong_libero_spatial_t07_ep000_s0048_manipulation,B_camera_shift_strong/B_camera_shift_strong_libero_spatial_t07_ep000_s0048_manipulation,48,libero_spatial,7,2.6800188264549116,0.68
12.276725769042969,3.200364112854004,12.512861862778664,11.995185852050781,12.512861862778664,nan,0.2294882371306998,0.027085840702056885,88.61977515676769,B_camera_shift_strong,0.3628318005551021,1.5815537193399198,B_camera_shift_strong_libero_spatial_t7_ep1,1,True,B_camera_shift,0,0.0,0.0,approach,strong,B_camera_shift_strong_libero_spatial_t07_ep001_s0016_approach,B_camera_shift_strong/B_camera_shift_strong_libero_spatial_t07_ep001_s0016_approach,16,libero_spatial,7,4.358917043435211,0.57
11.04085922241211,2.8416361808776855,11.705983106046915,11.246122360229492,11.705983106046915,nan,0.20330766042592965,0.01317906379699707,63.68197002563561,B_camera_shift_strong,0.4252086332062374,1.199970320326907,B_camera_shift_strong_libero_spatial_t7_ep1,1,True,B_camera_shift,0,0.11384385279223967,0.2029959625869011,pre_grasp,strong,B_camera_shift_strong_libero_spatial_t07_ep001_s0024_pre_grasp,B_camera_shift_strong/B_camera_shift_strong_libero_spatial_t07_ep001_s0024_pre_grasp,24,libero_spatial,7,2.8220742163174513,0.6
11.88381576538086,3.1626949310302734,12.154607999138534,11.774101257324219,12.154607999138534,nan,0.21665204706469812,0.05427664518356323,60.73717983451422,B_camera_shift_strong,0.9723459450635547,4.287062534712859,B_camera_shift_strong_libero_spatial_t7_ep1,1,True,B_camera_shift,0,1.0228457485040965,4.547584988341911,manipulation,strong,B_camera_shift_strong_libero_spatial_t07_ep001_s0048_manipulation,B_camera_shift_strong/B_camera_shift_strong_libero_spatial_t07_ep001_s0048_manipulation,48,libero_spatial,7,4.408988957559386,0.65
12.618400573730469,2.9324159622192383,12.900788605213165,12.316581726074219,12.900788605213165,nan,0.2447995423512439,0.02902895212173462,92.71961751668641,B_camera_shift_strong,0.3759154292283097,1.4919765295669698,B_camera_shift_strong_libero_spatial_t7_ep2,2,True,B_camera_shift,0,0.0,0.0,approach,strong,B_camera_shift_strong_libero_spatial_t07_ep002_s0016_approach,B_camera_shift_strong/B_camera_shift_strong_libero_spatial_t07_ep002_s0016_approach,16,libero_spatial,7,3.968915382456483,0.55
11.106664657592773,3.4080569744110107,11.744786243885756,11.37716293334961,11.744786243885756,nan,0.20636364287138745,0.018388986587524414,69.54736895948544,B_camera_shift_strong,1.0822908574016132,1.194902087396928,B_camera_shift_strong_libero_spatial_t7_ep2,2,True,B_camera_shift,0,1.5629330054713513,1.7467957826926828,pre_grasp,strong,B_camera_shift_strong_libero_spatial_t07_ep002_s0024_pre_grasp,B_camera_shift_strong/B_camera_shift_strong_libero_spatial_t07_ep002_s0024_pre_grasp,24,libero_spatial,7,1.104048952483692,0.59
10.137343406677246,2.8824210166931152,11.283983511850238,10.862031936645508,11.283983511850238,nan,0.19291752492857936,0.11795550584793091,77.68068259273258,B_camera_shift_strong,1.2213703920686263,7.7302262872572465,B_camera_shift_strong_libero_spatial_t7_ep2,2,True,B_camera_shift,0,1.1952486888740252,7.819206141508922,manipulation,strong,B_camera_shift_strong_libero_spatial_t07_ep002_s0056_manipulation,B_camera_shift_strong/B_camera_shift_strong_libero_spatial_t07_ep002_s0056_manipulation,56,libero_spatial,7,6.329141706280121,0.6
12.256322860717773,3.530452251434326,12.338033491745591,11.899304389953613,12.338033491745591,nan,0.2270009392713305,0.026352226734161377,86.7451282205921,B_camera_shift_strong,0.44643148188699905,1.4730020314101342,B_camera_shift_strong_libero_spatial_t7_ep3,3,True,B_camera_shift,0,0.0,0.0,approach,strong,B_camera_shift_strong_libero_spatial_t07_ep003_s0016_approach,B_camera_shift_strong/B_camera_shift_strong_libero_spatial_t07_ep003_s0016_approach,16,libero_spatial,7,3.299503039489901,0.55
10.578201293945312,2.5512051582336426,10.739721610210836,10.839069366455078,10.739721610210836,nan,0.16989725751390639,0.020024269819259644,54.51236756906059,B_camera_shift_strong,0.37173626494115325,1.6299256927406234,B_camera_shift_strong_libero_spatial_t7_ep3,3,True,B_camera_shift,0,0.1275574369382443,0.9077085810921067,pre_grasp,strong,B_camera_shift_strong_libero_spatial_t07_ep003_s0024_pre_grasp,B_camera_shift_strong/B_camera_shift_strong_libero_spatial_t07_ep003_s0024_pre_grasp,24,libero_spatial,7,4.3846292290009545,0.59
12.105432510375977,3.257169485092163,12.062288165092468,11.877838134765625,12.062288165092468,nan,0.21453830343744543,0.04740861803293228,73.49130680165824,B_camera_shift_strong,0.8598221936744785,3.97655870939179,B_camera_shift_strong_libero_spatial_t7_ep3,3,True,B_camera_shift,0,0.8454900402405654,4.151401430117134,manipulation,strong,B_camera_shift_strong_libero_spatial_t07_ep003_s0048_manipulation,B_camera_shift_strong/B_camera_shift_strong_libero_spatial_t07_ep003_s0048_manipulation,48,libero_spatial,7,4.624861673316241,0.68
11.946685791015625,3.1344051361083984,11.886354616843164,11.407838821411133,11.886354616843164,nan,0.2086162144469237,0.020745933055877686,88.28693711593138,B_camera_shift_strong,0.35527915170348745,0.6262387928064742,B_camera_shift_strong_libero_spatial_t7_ep4,4,True,B_camera_shift,0,0.0,0.0,approach,strong,B_camera_shift_strong_libero_spatial_t07_ep004_s0016_approach,B_camera_shift_strong/B_camera_shift_strong_libero_spatial_t07_ep004_s0016_approach,16,libero_spatial,7,1.7626668770283687,0.55
10.714035034179688,2.663818359375,11.8726278366521,11.482558250427246,11.8726278366521,nan,0.20556002957691985,0.01945820450782776,61.02766396360868,B_camera_shift_strong,0.4484747822865484,0.33862314225382395,B_camera_shift_strong_libero_spatial_t7_ep4,4,True,B_camera_shift,0,0.16213882622985468,0.15522387977583296,pre_grasp,strong,B_camera_shift_strong_libero_spatial_t07_ep004_s0024_pre_grasp,B_camera_shift_strong/B_camera_shift_strong_libero_spatial_t07_ep004_s0024_pre_grasp,24,libero_spatial,7,0.7550550345938161,0.58
9.625349044799805,2.504322052001953,10.645083725452423,10.546470642089844,10.645083725452423,nan,0.16443160994286313,0.04791153967380524,27.761683401720607,B_camera_shift_strong,0.6219881147012526,4.231879577386559,B_camera_shift_strong_libero_spatial_t7_ep4,4,True,B_camera_shift,0,0.6690059169205606,4.6107691335991925,manipulation,strong,B_camera_shift_strong_libero_spatial_t07_ep004_s0048_manipulation,B_camera_shift_strong/B_camera_shift_strong_libero_spatial_t07_ep004_s0048_manipulation,48,libero_spatial,7,6.803794923668558,0.74
11.979826927185059,3.196554660797119,12.021477775648236,11.619274139404297,12.021477775648236,nan,0.21479470867110484,0.017203032970428467,91.17461811239254,B_camera_shift_strong,0.30868007120695157,0.4402828164520001,B_camera_shift_strong_libero_spatial_t7_ep5,5,True,B_camera_shift,0,0.0,0.0,approach,strong,B_camera_shift_strong_libero_spatial_t07_ep005_s0016_approach,B_camera_shift_strong/B_camera_shift_strong_libero_spatial_t07_ep005_s0016_approach,16,libero_spatial,7,1.4263402711113695,0.57
10.05572509765625,2.9211606979370117,11.0803231485188,10.963173866271973,11.0803231485188,nan,0.17814666955379888,0.009883992373943329,50.27402441613759,B_camera_shift_strong,0.2774220688781416,0.7478971030471017,B_camera_shift_strong_libero_spatial_t7_ep5,5,True,B_camera_shift,0,0.24704227898282918,0.5531864852801777,pre_grasp,strong,B_camera_shift_strong_libero_spatial_t07_ep005_s0024_pre_grasp,B_camera_shift_strong/B_camera_shift_strong_libero_spatial_t07_ep005_s0024_pre_grasp,24,libero_spatial,7,2.6958817878891153,0.69
11.545671463012695,3.3384757041931152,11.758650514297187,11.224380493164062,11.758650514297187,nan,0.20493691294361005,0.06302721798419952,68.1347603113987,B_camera_shift_strong,0.9897116012929548,4.197467906458178,B_camera_shift_strong_libero_spatial_t7_ep5,5,True,B_camera_shift,0,0.9794284606070556,4.4005560534986445,manipulation,strong,B_camera_shift_strong_libero_spatial_t07_ep005_s0048_manipulation,B_camera_shift_strong/B_camera_shift_strong_libero_spatial_t07_ep005_s0048_manipulation,48,libero_spatial,7,4.241102055361002,0.67
12.238061904907227,2.9322257041931152,12.09631891362369,11.470481872558594,12.09631891362369,nan,0.2141316675928462,0.021315142512321472,88.24423990087935,B_camera_shift_strong,0.34451727947439353,1.0389786969344692,B_camera_shift_strong_libero_spatial_t7_ep6,6,True,B_camera_shift,0,0.0,0.0,approach,strong,B_camera_shift_strong_libero_spatial_t07_ep006_s0016_approach,B_camera_shift_strong/B_camera_shift_strong_libero_spatial_t07_ep006_s0016_approach,16,libero_spatial,7,3.0157520648008367,0.55
10.751018524169922,2.6900229454040527,11.650699395686388,11.195611000061035,11.650699395686388,nan,0.20276046107745693,0.02474135160446167,60.295827866134374,B_camera_shift_strong,0.4187184668179487,0.5790228134908687,B_camera_shift_strong_libero_spatial_t7_ep6,6,True,B_camera_shift,0,0.1357016406616787,0.140829578117835,pre_grasp,strong,B_camera_shift_strong_libero_spatial_t07_ep006_s0024_pre_grasp,B_camera_shift_strong/B_camera_shift_strong_libero_spatial_t07_ep006_s0024_pre_grasp,24,libero_spatial,7,1.382845179700702,0.59
11.064838409423828,2.1177709102630615,11.62883563246578,11.115830421447754,11.62883563246578,nan,0.19859308685085694,0.0705326572060585,38.63601847259484,B_camera_shift_strong,1.1547260246402324,5.643868847971016,B_camera_shift_strong_libero_spatial_t7_ep6,6,True,B_camera_shift,0,1.2173598516034303,6.0348961930474125,manipulation,strong,B_camera_shift_strong_libero_spatial_t07_ep006_s0056_manipulation,B_camera_shift_strong/B_camera_shift_strong_libero_spatial_t07_ep006_s0056_manipulation,56,libero_spatial,7,4.887625919515779,0.69
11.952272415161133,3.319016933441162,12.223469082266092,11.885007858276367,12.223469082266092,nan,0.22298344613752752,0.029850617051124573,86.5780521546771,B_camera_shift_strong,0.36497934867518395,1.1476255655951262,B_camera_shift_strong_libero_spatial_t7_ep7,7,True,B_camera_shift,0,0.0,0.0,approach,strong,B_camera_shift_strong_libero_spatial_t07_ep007_s0016_approach,B_camera_shift_strong/B_camera_shift_strong_libero_spatial_t07_ep007_s0016_approach,16,libero_spatial,7,3.144357536284783,0.55
9.633323669433594,2.623377561569214,10.865098902955651,10.511516571044922,10.865098902955651,nan,0.17531553688980347,0.016826897859573364,55.921062664076345,B_camera_shift_strong,0.3617062926390906,0.6716300426865915,B_camera_shift_strong_libero_spatial_t7_ep7,7,True,B_camera_shift,0,0.148235829656058,0.15143528765968173,pre_grasp,strong,B_camera_shift_strong_libero_spatial_t07_ep007_s0024_pre_grasp,B_camera_shift_strong/B_camera_shift_strong_libero_spatial_t07_ep007_s0024_pre_grasp,24,libero_spatial,7,1.856838148394454,0.62
11.720492362976074,3.0629639625549316,11.502679320052266,11.079996109008789,11.502679320052266,nan,0.19774799477196583,0.022911369800567627,68.62515080720702,B_camera_shift_strong,1.143004053741403,1.7088339038795322,B_camera_shift_strong_libero_spatial_t7_ep7,7,True,B_camera_shift,0,0.9906016127733155,1.7246205481707415,manipulation,strong,B_camera_shift_strong_libero_spatial_t07_ep007_s0048_manipulation,B_camera_shift_strong/B_camera_shift_strong_libero_spatial_t07_ep007_s0048_manipulation,48,libero_spatial,7,1.4950374832757543,0.67
12.221710205078125,3.0628652572631836,12.031479745171964,11.451593399047852,12.031479745171964,nan,0.21460337975349686,0.03239220380783081,87.08289096063906,B_camera_shift_strong,0.4134798276828507,1.846693039095028,B_camera_shift_strong_libero_spatial_t7_ep8,8,True,B_camera_shift,0,0.0,0.0,approach,strong,B_camera_shift_strong_libero_spatial_t07_ep008_s0016_approach,B_camera_shift_strong/B_camera_shift_strong_libero_spatial_t07_ep008_s0016_approach,16,libero_spatial,7,4.466222812957849,0.55
10.148351669311523,2.8050947189331055,11.47274471540004,11.10744857788086,11.47274471540004,nan,0.19536085896889754,0.014652431011199951,74.46388220072808,B_camera_shift_strong,0.41819020427126863,0.5012506940310094,B_camera_shift_strong_libero_spatial_t7_ep8,8,True,B_camera_shift,0,0.4283624650152496,0.4482042316895347,pre_grasp,strong,B_camera_shift_strong_libero_spatial_t07_ep008_s0024_pre_grasp,B_camera_shift_strong/B_camera_shift_strong_libero_spatial_t07_ep008_s0024_pre_grasp,24,libero_spatial,7,1.1986189272522072,0.57
10.724142074584961,3.040651321411133,11.774651144631207,11.165229797363281,11.774651144631207,nan,0.20839379370885172,0.1320856809616089,88.09689664704757,B_camera_shift_strong,0.9039924946719329,5.795734206132604,B_camera_shift_strong_libero_spatial_t7_ep8,8,True,B_camera_shift,0,0.8881445816127324,5.776644958669035,manipulation,strong,B_camera_shift_strong_libero_spatial_t07_ep008_s0056_manipulation,B_camera_shift_strong/B_camera_shift_strong_libero_spatial_t07_ep008_s0056_manipulation,56,libero_spatial,7,6.4112636335945785,0.56
12.613347053527832,3.3697218894958496,12.54489341378212,11.904304504394531,12.54489341378212,nan,0.23327934934870484,0.0386730432510376,88.87665305251784,B_camera_shift_strong,0.4007473494578846,2.0557740074464594,B_camera_shift_strong_libero_spatial_t7_ep9,9,True,B_camera_shift,0,0.0,0.0,approach,strong,B_camera_shift_strong_libero_spatial_t07_ep009_s0016_approach,B_camera_shift_strong/B_camera_shift_strong_libero_spatial_t07_ep009_s0016_approach,16,libero_spatial,7,5.129850541063916,0.56
10.599384307861328,2.4900426864624023,11.140744377858937,11.055721282958984,11.140744377858937,nan,0.18169901099996655,0.013496309518814087,54.64017635057686,B_camera_shift_strong,0.3267061594563178,0.835612206638487,B_camera_shift_strong_libero_spatial_t7_ep9,9,True,B_camera_shift,0,0.12633451642340351,0.4150079752503104,pre_grasp,strong,B_camera_shift_strong_libero_spatial_t07_ep009_s0024_pre_grasp,B_camera_shift_strong/B_camera_shift_strong_libero_spatial_t07_ep009_s0024_pre_grasp,24,libero_spatial,7,2.557687336011834,0.64
10.975330352783203,2.833362102508545,11.168565730564296,10.906436920166016,11.168565730564296,nan,0.18438323367823786,0.05666840076446533,51.78385413847801,B_camera_shift_strong,0.813114745197006,4.706593249871357,B_camera_shift_strong_libero_spatial_t7_ep9,9,True,B_camera_shift,0,0.8152337202520039,5.022388235074398,manipulation,strong,B_camera_shift_strong_libero_spatial_t07_ep009_s0048_manipulation,B_camera_shift_strong/B_camera_shift_strong_libero_spatial_t07_ep009_s0048_manipulation,48,libero_spatial,7,5.788350632764651,0.68
7.555150508880615,2.8899126052856445,7.445582119747996,7.26171875,7.445582119747996,nan,0.08081568391972381,0.011062860488891602,91.09431040272528,ID,0.40105449724845194,0.4473970850486519,ID_libero_spatial_t7_ep0,0,True,ID,0,0.0,0.0,approach,none,ID_libero_spatial_t07_ep000_s0016_approach,ID/ID_libero_spatial_t07_ep000_s0016_approach,16,libero_spatial,7,1.1155518467393992,0.54
7.872481346130371,2.538241147994995,7.948025093413889,7.782974720001221,7.948025093413889,nan,0.09149365830815141,0.012160688638687134,65.71746842181349,ID,0.41539681302850434,0.45690199843973883,ID_libero_spatial_t7_ep0,0,True,ID,0,0.16781487916667617,0.11411923445771716,pre_grasp,none,ID_libero_spatial_t07_ep000_s0024_pre_grasp,ID/ID_libero_spatial_t07_ep000_s0024_pre_grasp,24,libero_spatial,7,1.0999169567735378,0.61
7.279412746429443,3.1645305156707764,8.541956291534007,7.6889753341674805,8.541956291534007,nan,0.11321606137928573,0.02119585871696472,72.04065796633003,ID,0.6732827980911452,1.5115186566391372,ID_libero_spatial_t7_ep0,0,True,ID,0,0.6557217792821812,1.4042198127574341,manipulation,none,ID_libero_spatial_t07_ep000_s0048_manipulation,ID/ID_libero_spatial_t07_ep000_s0048_manipulation,48,libero_spatial,7,2.244998180444403,0.65
7.99892520904541,3.2553391456604004,8.512279382906854,8.350263595581055,8.512279382906854,nan,0.10423060584330542,0.012859448790550232,91.22146407824758,ID,0.3765253723526027,0.9206017742563318,ID_libero_spatial_t7_ep1,1,True,ID,0,0.0,0.0,approach,none,ID_libero_spatial_t07_ep001_s0016_approach,ID/ID_libero_spatial_t07_ep001_s0016_approach,16,libero_spatial,7,2.4449926667736506,0.54
8.371654510498047,3.0693511962890625,8.176437127403915,7.870635032653809,8.176437127403915,nan,0.09727713886228302,0.01518392562866211,78.89011036747064,ID,0.4351522164437582,0.5259599771524486,ID_libero_spatial_t7_ep1,1,True,ID,0,0.0,0.0,pre_grasp,none,ID_libero_spatial_t07_ep001_s0024_pre_grasp,ID/ID_libero_spatial_t07_ep001_s0024_pre_grasp,24,libero_spatial,7,1.2086804508335234,0.57
6.893798351287842,3.0470893383026123,7.644891942851245,7.070827484130859,7.644891942851245,nan,0.08642144101764615,0.014392733573913574,104.56487527045799,ID,0.5745781339449406,1.0156946565432852,ID_libero_spatial_t7_ep1,1,True,ID,0,0.5821205724255841,0.9928791582852311,manipulation,none,ID_libero_spatial_t07_ep001_s0056_manipulation,ID/ID_libero_spatial_t07_ep001_s0056_manipulation,56,libero_spatial,7,1.767722432403971,0.65
7.837350845336914,2.9509637355804443,8.113988540135324,7.6146955490112305,8.113988540135324,nan,0.09726999534060514,0.020896047353744507,93.4981475119876,ID,0.4247818692835175,0.7916103532635379,ID_libero_spatial_t7_ep2,2,True,ID,0,0.0,0.0,approach,none,ID_libero_spatial_t07_ep002_s0016_approach,ID/ID_libero_spatial_t07_ep002_s0016_approach,16,libero_spatial,7,1.8635690704001857,0.53
6.749936580657959,1.750861406326294,7.257406770251691,7.041069030761719,7.257406770251691,nan,0.07838338165067525,0.017518281936645508,21.782396097404423,ID,0.3486547368125655,0.2375876989794985,ID_libero_spatial_t7_ep2,2,True,ID,0,0.16171917737162803,0.14164802905161716,pre_grasp,none,ID_libero_spatial_t07_ep002_s0032_pre_grasp,ID/ID_libero_spatial_t07_ep002_s0032_pre_grasp,32,libero_spatial,7,0.6814411906505206,0.84
7.60886287689209,3.013134002685547,7.831273289397359,7.446589469909668,7.831273289397359,nan,0.09067237948054778,0.05241098999977112,87.5819092072755,ID,0.7982336265138108,2.943635464617625,ID_libero_spatial_t7_ep2,2,True,ID,0,0.7972590828168683,2.926190846945437,manipulation,none,ID_libero_spatial_t07_ep002_s0056_manipulation,ID/ID_libero_spatial_t07_ep002_s0056_manipulation,56,libero_spatial,7,3.6876866206120607,0.7
8.066930770874023,2.9223499298095703,8.016258549876511,7.75313663482666,8.016258549876511,nan,0.09418511472400863,0.012965425848960876,86.23216998176918,ID,0.449261908010634,0.7978649171426789,ID_libero_spatial_t7_ep3,3,True,ID,0,0.0,0.0,approach,none,ID_libero_spatial_t07_ep003_s0016_approach,ID/ID_libero_spatial_t07_ep003_s0016_approach,16,libero_spatial,7,1.7759460637909092,0.57
7.890825271606445,2.868603467941284,7.631001136265695,7.536088466644287,7.631001136265695,nan,0.08409698699721657,0.01316601037979126,83.88283340883066,ID,0.3948226944203131,0.9511172736155622,ID_libero_spatial_t7_ep3,3,True,ID,0,0.0,0.0,pre_grasp,none,ID_libero_spatial_t07_ep003_s0024_pre_grasp,ID/ID_libero_spatial_t07_ep003_s0024_pre_grasp,24,libero_spatial,7,2.408973159488748,0.54
6.903238296508789,2.7353410720825195,7.793993042781949,7.035021781921387,7.793993042781949,nan,0.0918184531243625,0.016382262110710144,102.35582315701551,ID,0.408761073574678,0.7290153339795116,ID_libero_spatial_t7_ep3,3,True,ID,0,0.39309477260936476,0.6675416184508395,manipulation,none,ID_libero_spatial_t07_ep003_s0056_manipulation,ID/ID_libero_spatial_t07_ep003_s0056_manipulation,56,libero_spatial,7,1.7834754361616705,0.67
7.643256664276123,3.103074073791504,7.893080045469105,7.660529613494873,7.893080045469105,nan,0.09049873846619984,0.010210394859313965,88.2796211649627,ID,0.3863377491474475,0.5639658514123475,ID_libero_spatial_t7_ep4,4,True,ID,0,0.0,0.0,approach,none,ID_libero_spatial_t07_ep004_s0016_approach,ID/ID_libero_spatial_t07_ep004_s0016_approach,16,libero_spatial,7,1.4597741293903626,0.55
8.144145011901855,2.7306413650512695,7.921809772029519,7.850282669067383,7.921809772029519,nan,0.09080833471649676,0.00994325801730156,81.64159876714885,ID,0.35143219976000434,0.3352750139372498,ID_libero_spatial_t7_ep4,4,True,ID,0,0.0,0.0,pre_grasp,none,ID_libero_spatial_t07_ep004_s0024_pre_grasp,ID/ID_libero_spatial_t07_ep004_s0024_pre_grasp,24,libero_spatial,7,0.9540247426565113,0.56
6.769043922424316,3.105295181274414,7.891818191856146,7.3844146728515625,7.891818191856146,nan,0.09402196583099522,0.023414254188537598,92.64720588591184,ID,0.5139602681513823,1.6525518781410835,ID_libero_spatial_t7_ep4,4,True,ID,0,0.5098752213224595,1.693379137260255,manipulation,none,ID_libero_spatial_t07_ep004_s0056_manipulation,ID/ID_libero_spatial_t07_ep004_s0056_manipulation,56,libero_spatial,7,3.215330017794954,0.66
7.82513427734375,3.175750732421875,7.959438618272543,7.802328586578369,7.959438618272543,nan,0.09112564007459674,0.014143005013465881,91.16460463812327,ID,0.41737131238840197,0.5992052610015948,ID_libero_spatial_t7_ep5,5,True,ID,0,0.0,0.0,approach,none,ID_libero_spatial_t07_ep005_s0016_approach,ID/ID_libero_spatial_t07_ep005_s0016_approach,16,libero_spatial,7,1.4356647024268399,0.51
7.159161567687988,1.8399862051010132,7.3075359128415585,7.204261779785156,7.3075359128415585,nan,0.07864860189711713,0.01127275824546814,16.299556251541194,ID,0.19727631309044483,0.3342278095699632,ID_libero_spatial_t7_ep5,5,True,ID,0,0.09994639236217151,0.15197981130232552,pre_grasp,none,ID_libero_spatial_t07_ep005_s0032_pre_grasp,ID/ID_libero_spatial_t07_ep005_s0032_pre_grasp,32,libero_spatial,7,1.694211557049581,0.78
6.724820137023926,3.73032808303833,7.8969560116529465,7.111665725708008,7.8969560116529465,nan,0.093135408758336,0.017568260431289673,87.29146275517581,ID,0.8912613673936148,0.8507241140141426,ID_libero_spatial_t7_ep5,5,True,ID,0,0.892077740259194,0.8344643636340251,manipulation,none,ID_libero_spatial_t07_ep005_s0064_manipulation,ID/ID_libero_spatial_t07_ep005_s0064_manipulation,64,libero_spatial,7,0.9545169858556548,0.64
8.122678756713867,3.0968985557556152,8.072847535833716,7.7852067947387695,8.072847535833716,nan,0.0953758342389041,0.021313369274139404,93.01610508397908,ID,0.3949757080581477,0.8451678130257351,ID_libero_spatial_t7_ep6,6,True,ID,0,0.0,0.0,approach,none,ID_libero_spatial_t07_ep006_s0016_approach,ID/ID_libero_spatial_t07_ep006_s0016_approach,16,libero_spatial,7,2.13979694392069,0.56
7.454967975616455,1.909595251083374,7.813847864046693,7.795646667480469,7.813847864046693,nan,0.08877055318437993,0.010548040270805359,22.151507990227525,ID,0.11945522114192797,0.31358628264437743,ID_libero_spatial_t7_ep6,6,True,ID,0,0.043217856540241885,0.12956306406828352,pre_grasp,none,ID_libero_spatial_t07_ep006_s0032_pre_grasp,ID/ID_libero_spatial_t07_ep006_s0032_pre_grasp,32,libero_spatial,7,2.625136680060197,0.84
7.9405436515808105,2.989617347717285,8.196965780109167,7.8780517578125,8.196965780109167,nan,0.09913235125667956,0.015834659337997437,76.36287769953542,ID,0.7839626170748053,1.282371731529718,ID_libero_spatial_t7_ep6,6,True,ID,0,0.7715881884922219,1.319298259418033,manipulation,none,ID_libero_spatial_t07_ep006_s0056_manipulation,ID/ID_libero_spatial_t07_ep006_s0056_manipulation,56,libero_spatial,7,1.6357562256152258,0.74
7.966712951660156,2.9518136978149414,7.742697569541633,7.537398338317871,7.742697569541633,nan,0.08679171526247013,0.010450363159179688,91.88641390945885,ID,0.4469272369939517,0.8741126207779435,ID_libero_spatial_t7_ep7,7,True,ID,0,0.0,0.0,approach,none,ID_libero_spatial_t07_ep007_s0016_approach,ID/ID_libero_spatial_t07_ep007_s0016_approach,16,libero_spatial,7,1.9558275898718003,0.54
7.836747169494629,2.8377604484558105,7.993547691963613,7.907114028930664,7.993547691963613,nan,0.0916557284721047,0.020437240600585938,77.20797239542203,ID,0.43413732580851944,0.8392571975949764,ID_libero_spatial_t7_ep7,7,True,ID,0,0.2707550729151471,0.36596363722748154,pre_grasp,none,ID_libero_spatial_t07_ep007_s0024_pre_grasp,ID/ID_libero_spatial_t07_ep007_s0024_pre_grasp,24,libero_spatial,7,1.9331606560941943,0.63
7.300418853759766,3.2860374450683594,7.995380888693035,7.500024795532227,7.995380888693035,nan,0.09668273209305693,0.010665643960237503,110.42527915789874,ID,0.6034549797204471,0.31855821095653986,ID_libero_spatial_t7_ep7,7,True,ID,0,0.5763714847732703,0.3134004305329449,manipulation,none,ID_libero_spatial_t07_ep007_s0056_manipulation,ID/ID_libero_spatial_t07_ep007_s0056_manipulation,56,libero_spatial,7,0.5278905994016541,0.76
7.180196285247803,2.296395778656006,7.7038454450666904,7.403126239776611,7.7038454450666904,nan,0.08789306292916939,0.015730932354927063,83.42780816160244,ID,0.5666972693035914,0.5354542412300073,ID_libero_spatial_t7_ep8,8,True,ID,0,0.0,0.0,approach,none,ID_libero_spatial_t07_ep008_s0016_approach,ID/ID_libero_spatial_t07_ep008_s0016_approach,16,libero_spatial,7,0.9448682219485928,0.56
7.583351135253906,2.4236884117126465,7.937075639143586,7.526371955871582,7.937075639143586,nan,0.0953664183142073,0.01106986403465271,51.98343781934668,ID,0.2326936085703666,0.5674810446924453,ID_libero_spatial_t7_ep8,8,True,ID,0,0.11261206917615013,0.04516318370888526,pre_grasp,none,ID_libero_spatial_t07_ep008_s0032_pre_grasp,ID/ID_libero_spatial_t07_ep008_s0032_pre_grasp,32,libero_spatial,7,2.4387478804379747,0.73
7.2368574142456055,2.873128890991211,7.929508720524609,7.40715217590332,7.929508720524609,nan,0.09550317549404991,0.016394853591918945,81.29521078631707,ID,0.743698260366653,0.7012538365823304,ID_libero_spatial_t7_ep8,8,True,ID,0,0.7672243984418871,0.6870533906237014,manipulation,none,ID_libero_spatial_t07_ep008_s0056_manipulation,ID/ID_libero_spatial_t07_ep008_s0056_manipulation,56,libero_spatial,7,0.942927896908893,0.71
8.02618408203125,3.3330960273742676,8.168714231811464,8.055843353271484,8.168714231811464,nan,0.0964573442261798,0.0059566497802734375,95.87273627393219,ID,0.4724615572977375,0.23739979344826354,ID_libero_spatial_t7_ep9,9,True,ID,0,0.0,0.0,approach,none,ID_libero_spatial_t07_ep009_s0016_approach,ID/ID_libero_spatial_t07_ep009_s0016_approach,16,libero_spatial,7,0.5024743067056736,0.56
8.023538589477539,2.6072795391082764,7.8823120621964335,7.617894649505615,7.8823120621964335,nan,0.08980120457631564,0.017144978046417236,79.98296708322218,ID,0.40088100456665304,0.9798283697539357,ID_libero_spatial_t7_ep9,9,True,ID,0,0.06893896426033438,0.20872624799951578,pre_grasp,none,ID_libero_spatial_t07_ep009_s0024_pre_grasp,ID/ID_libero_spatial_t07_ep009_s0024_pre_grasp,24,libero_spatial,7,2.444187573350144,0.58
7.0616865158081055,3.1194522380828857,7.661535955965519,7.073390483856201,7.661535955965519,nan,0.08668603463490447,0.026649579405784607,100.83410877595708,ID,0.653107807324583,1.620187941398383,ID_libero_spatial_t7_ep9,9,True,ID,0,0.6421715693045313,1.6259864161211663,manipulation,none,ID_libero_spatial_t07_ep009_s0056_manipulation,ID/ID_libero_spatial_t07_ep009_s0056_manipulation,56,libero_spatial,7,2.4807358344641233,0.65
