state_id,suite,task_id,phase,episode_idx,step,S_median,S_p95,S_max,S_min,S_mean,S_p95_over_median,S_max_over_median,S_gini,raw_dev_median_eps_mid,raw_dev_max_eps_mid,raw_dev_max_eps_large,raw_dev_max_mm_eps_mid,sum_tokens_raw_dev_eps_mid,rank_stab_eps_small_mid,rank_stab_eps_mid_large,rank_stab_dirs_mean,linearity_mid_over_small,linearity_large_over_mid,ctrl_zeros,ctrl_replaced_by_h_t,ctrl_scaled_105,ctrl_permuted,ctrl_all_tokens_eps_mid,ctrl_repeat_identical,ctrl_flow_noise,zeros_over_noise,inbatch_baseline_vs_B1,delta_norm_rel_err,baseline_action_absmean,episode,spearman_U_S,pearson_U_S,spearman_Umse_S,top_quartile_overlap_U_S,frac_highU_highS,frac_highU_lowS,frac_lowU_highS,spearman_U_tokennorm,spearman_S_tokennorm,U_snr_over_render_floor,E_action_total,errdev_sum,superposition_ratio,flow_noise_scale,U_global,U_trivial_h_t,eef_displacement,spearman_U_only_mse,auroc_U_only_mse,auprc_U_only_mse,spearman_U_only_l2,auroc_U_only_l2,auprc_U_only_l2,spearman_U_only_cos,auroc_U_only_cos,auprc_U_only_cos,spearman_S_only,auroc_S_only,auprc_S_only,spearman_R_mul_U_l2_S,auroc_R_mul_U_l2_S,auprc_R_mul_U_l2_S,spearman_R_mul_U_mse_S,auroc_R_mul_U_mse_S,auprc_R_mul_U_mse_S,spearman_attention_only,auroc_attention_only,auprc_attention_only,spearman_attention_x_U_l2,auroc_attention_x_U_l2,auprc_attention_x_U_l2,spearman_attention_x_S,auroc_attention_x_S,auprc_attention_x_S,eef_treatment_m,eef_nuisance_m,eef_topU_vs_pred_m,eef_topUS_vs_pred_m,eef_topU_residual_to_real_m,eef_topUS_residual_to_real_m,obj_treatment_m,eef_displacement_of_chunk_m,token_budget,overlap_topU_topUS,gripper_cmd_differs,U_mse_global,U_floor_render_mse_global,U_trivial_h_t_mse_global,E_action_total_l2,errdev_sum_over_tokens_l2,superposition_ratio_sum_over_total
libero_goal_t08_ep000_s0016_approach,libero_goal,8,approach,0,16,8.349223207915202e-06,0.0001114903534471523,0.0004128553264308721,1.9849277066441573e-07,2.59537100646412e-05,13.353380388903437,49.4483528137207,0.6874005857346949,6.779569048376288e-06,0.00033523852471262217,0.001130750053562224,0.28113940358161926,0.005395050160586834,0.9986932078278782,0.9961196784161135,0.9155181868467231,2.9736865817113944,3.5430372965086194,0.06072021195119135,0.0694641238967911,0.008298796641259425,2.6862297213687726e-08,0.0005372125145787479,0.0,0.00457343204976385,13.276727693882902,3.5762786865234375e-07,3.3783296826683795e-07,0.21762511134147644,libero_goal_0,0.15025678072785534,0.0905614050584352,0.15025678072785534,1.25,0.078125,0.05859375,0.0546875,-0.46223249027237356,-0.4752546349279011,9.730426489540617,0.01835057218864343,0.06728883599169384,3.666852199482734,0.00457343204976385,0.09581349047879975,0.1734527324529521,0.07777240585465724,0.29772402151522087,0.6464029947916666,0.3644623563635129,0.29772402151522087,0.6464029947916666,0.3644623563635129,0.30146558136873425,0.6481119791666666,0.3697635364185575,0.8665183680476082,0.9267578125,0.8609004576613226,0.8817778667887388,0.937255859375,0.8731385565859339,0.8763361181048295,0.934326171875,0.8452271492696433,0.1310718986037995,0.6048177083333334,0.3518535413343188,0.2665412565804532,0.6790364583333334,0.39180870912640875,0.8103885328450446,0.8951009114583334,0.8055819497319372,0.002750834502510074,0.0006345737493532411,0.0025701333227067043,0.002139953282659866,0.00035795501188019656,0.0007343064624181118,0.0,0.08748832102533402,64,27,False,0.09581349047879975,0.009846792477804416,0.1734527324529521,0.01835057218864343,0.06728883599169384,3.666852199482734
libero_goal_t08_ep000_s0032_pre_grasp,libero_goal,8,pre_grasp,0,32,1.0802788892760873e-05,6.737086550856475e-05,0.00015816021186765283,2.9989743666192226e-07,2.0142550056334585e-05,6.236432663579224,14.6406831741333,0.5816922846980457,8.771865395829082e-06,0.00012842607975471765,0.00046498863957822323,0.1104523167014122,0.0041870721615850925,0.9978928244449531,0.9945897230487526,0.891179331654841,2.974200961726948,3.5227613058702634,0.0067657826429357555,0.007466106965835202,0.0019192282081090142,2.7680420432058217e-08,0.0002975922618731693,0.0,0.004497670297317969,1.5042860404797338,3.5762786865234375e-07,3.3783296826683795e-07,0.22052398324012756,libero_goal_0,0.06880436026550699,0.07451149565010841,0.06880436026550699,1.3125,0.08203125,0.046875,0.0625,-0.5329280155642023,-0.3297915712977798,27.285205346603867,0.005612035891754933,0.04526733166958802,8.066115852197894,0.004497670297317969,0.09123426356519959,0.12467923951564794,0.07906674189409853,0.2715567063401236,0.6371256510416666,0.38263125829185907,0.2715567063401236,0.6371256510416666,0.38263125829185907,0.27237711718928814,0.6377766927083334,0.38392931425216015,0.8543888761730373,0.918701171875,0.8395120170993943,0.8857547493705653,0.9309895833333334,0.8508942105947853,0.8689016365300984,0.9154459635416666,0.7968919482354906,0.058754148546578164,0.6123046875,0.33626455821824197,0.21003233005264363,0.6883138020833334,0.4268489555399949,0.770992360952163,0.8924153645833334,0.7931802992997645,0.0009632085803295537,0.0005400006390338983,0.0008740054326749925,0.0006357976761575275,0.00019493159687467934,0.00038250968784708084,0.0,0.08624676516583149,64,27,False,0.09123426356519959,0.0033437264796103826,0.12467923951564794,0.005612035891754933,0.04526733166958802,8.066115852197894
libero_goal_t08_ep000_s0056_manipulation,libero_goal,8,manipulation,0,56,8.889977834769525e-06,6.823272087785881e-05,0.0001382895279675722,1.4321319952159683e-07,1.7869977455120534e-05,7.675240832546773,15.555665969848633,0.6113519461867178,7.218661266961135e-06,0.00011229109804844484,0.0004043507797177881,0.08879788964986801,0.0037146680988371372,0.9977705138475623,0.9934488727397573,0.8893506332494088,2.9316797852924346,3.478982134980389,0.0064975049487198105,0.0050821241573097194,0.0013680177052885895,4.217348321822069e-08,0.00031149420875199377,0.0,0.004665331157113836,1.3927210587853387,4.76837158203125e-07,3.3783296826683795e-07,0.43397262692451477,libero_goal_0,-0.16669789997711146,-0.0318990259748083,-0.16669789997711146,1.0625,0.06640625,0.08203125,0.08203125,-0.5137209601739529,-0.2673824101625086,39.63464387457201,0.006618093595810767,0.04221106315338837,6.378130279104521,0.004665331157113836,0.10273472917614435,0.08884584502208606,0.09221926727495605,0.0775256065461204,0.55615234375,0.31859670721319916,0.0775256065461204,0.55615234375,0.31859670721319916,0.08047035934996567,0.5574544270833334,0.3247466853660352,0.7857440203707943,0.8728841145833334,0.6929150896340781,0.8156993877317464,0.8851725260416666,0.7055557087802697,0.8068672751201648,0.8793131510416666,0.6880571533397352,0.2071562428473335,0.61083984375,0.3180191228978621,0.23843914511329825,0.6473795572916666,0.33243857641250374,0.7403710803387503,0.85107421875,0.6393943441912551,0.0010032450420588775,0.0004264379229945721,0.000919380507205035,0.0007259785608993924,0.0001369308962622199,0.00031376166844542387,0.0010379220546005846,0.10413200468918517,64,24,False,0.10273472917614435,0.002592043706625252,0.08884584502208606,0.006618093595810767,0.04221106315338837,6.378130279104521
libero_goal_t08_ep001_s0016_approach,libero_goal,8,approach,1,16,6.158399628475308e-06,0.00010101780753757339,0.0001795185962691903,2.2316709191727568e-07,2.067481545964256e-05,16.4032563054995,29.15020179748535,0.6927410170973004,5.000620149075985e-06,0.00014576909597963095,0.0004830694815609604,0.09263519197702408,0.004297715611755848,0.9982390135042344,0.9967205024032959,0.914723287174792,2.9278950343947465,3.4334476784170347,0.04723069810694924,0.04756972184973586,0.00458323116636218,2.5261856596952014e-08,0.0003434078597697096,0.0,0.0041453251042532155,11.3937259247747,7.152557373046875e-07,3.219970476919798e-07,0.2054084986448288,libero_goal_1,-0.04421492332341497,-0.03831410494101098,-0.04421492332341497,0.9375,0.05859375,0.0703125,0.0703125,-0.3679038395513848,-0.46931506065461204,10.926221849050977,0.004890246823997192,0.04272229048855884,8.736223758464298,0.0041453251042532155,0.09371430992496471,0.18555574129240798,0.07581440510126979,0.10238970588235294,0.563720703125,0.2910713480407302,0.10238970588235294,0.563720703125,0.2910713480407302,0.10728356031128404,0.566162109375,0.29372098568028704,0.8803616388189517,0.93359375,0.8615684989720303,0.8937986381322958,0.9423828125,0.8688268466113704,0.8806069752803846,0.9384765625,0.8399833183195802,0.2816269455252918,0.7093912760416666,0.43158368034118555,0.3255865186541543,0.7350260416666666,0.4445691091031799,0.843316548409247,0.93017578125,0.8565661248601957,0.00081420022505879,0.00038421672923694676,0.0007996683362686445,0.00044795746571409974,8.089514981315069e-05,0.00037706986080793546,0.0,0.08508480685427182,64,20,False,0.09371430992496471,0.008577009611378725,0.18555574129240798,0.004890246823997192,0.04272229048855884,8.736223758464298
libero_goal_t08_ep001_s0032_pre_grasp,libero_goal,8,pre_grasp,1,32,1.1560568964341655e-05,7.79837355366908e-05,0.00015695231559220701,1.8047769856366358e-07,2.127555308106821e-05,6.745665873127013,13.576521873474121,0.5914177436137045,9.387182217324153e-06,0.00012744525156449527,0.0004233304352965206,0.09365236759185791,0.004422591533511877,0.9982382982375829,0.993037594415198,0.8924289024948502,2.964815913026527,3.5236421004035052,0.13243713070464214,0.13276954616989103,0.0015998792106665678,3.4441850785328804e-08,0.0003957888324504933,0.0,0.0052489267192487735,25.23127827617996,7.152557373046875e-07,3.3783296826683795e-07,0.235702782869339,libero_goal_1,-0.033726253147173264,0.0024206451776696103,-0.033726253147173264,1.0625,0.06640625,0.05859375,0.06640625,-0.49576347562371254,-0.30099636644541083,28.721786477117224,0.00620524170071796,0.04801719965744956,7.738167499888661,0.0052489267192487735,0.08344011030521459,0.09589813613516478,0.07303596525928173,0.1716604200045777,0.6277669270833334,0.386492881179955,0.1716604200045777,0.6277669270833334,0.386492881179955,0.17289997711146715,0.628662109375,0.389724998454229,0.8310904955367361,0.90234375,0.7633875947445431,0.8599486438544289,0.9217936197916666,0.8047276197599602,0.8499170290684367,0.9188639322916666,0.7873511201520481,0.060063086518654156,0.57421875,0.32557470818598294,0.13593428130006865,0.626708984375,0.36742340994211775,0.7479493305104142,0.8636881510416666,0.6932738547661992,0.0005718705704996262,0.000378071019019377,0.00016130792705134776,0.000676903176852977,0.0004283272175335812,0.0002490666215621311,0.00010107238636170708,0.07632086242983267,64,23,False,0.08344011030521459,0.0029051156012266355,0.09589813613516478,0.00620524170071796,0.04801719965744956,7.738167499888661
libero_goal_t08_ep001_s0056_manipulation,libero_goal,8,manipulation,1,56,1.0074181773234159e-05,8.28984848340042e-05,0.00019236317893955857,3.944169293390587e-07,2.0185851099085994e-05,8.228805743237142,19.094669342041016,0.6072387943729353,8.180235454346985e-06,0.00015619890473317355,0.0004798653826583177,0.11791673302650452,0.004196072928607464,0.9982561799038682,0.9956125543602655,0.8982599946593424,2.9672521387157706,3.541300761293635,0.004905832176337881,0.002434311525667755,0.0012286003296709449,4.317540110944796e-08,0.0003470621867286895,0.0,0.004674292898518877,1.0495346104417997,7.152557373046875e-07,3.3783296826683795e-07,0.3986853063106537,libero_goal_1,-0.07086790455481803,-0.0794140752018464,-0.07086790455481803,1.125,0.0703125,0.07421875,0.07421875,-0.545771343556878,-0.3283002403295949,13.069229046125372,0.008429605168317882,0.0583899507908389,6.926771731882971,0.004674292898518877,0.09372874150351909,0.08898652175499298,0.08725663651925591,0.15291614213778898,0.630615234375,0.3844223299038133,0.15291614213778898,0.630615234375,0.3844223299038133,0.1548366330968185,0.63134765625,0.38761832154774406,0.8112203879606317,0.8721516927083334,0.7281572934006353,0.8402609292744335,0.89404296875,0.7871276731585438,0.8285892080567636,0.8951009114583334,0.7877086933231978,0.16677085717555504,0.6205240885416666,0.31927141648088275,0.2575539311055161,0.70068359375,0.3680728815402652,0.7691512645914397,0.8560384114583334,0.6909393160233538,0.0013424514017639246,0.0002955758857013043,0.0012263285239786069,0.001241293293265467,0.0001552577784159117,0.00031055831167595463,0.0013602287961558812,0.09685065430968343,64,25,False,0.09372874150351909,0.007171711563949472,0.08898652175499298,0.008429605168317882,0.0583899507908389,6.926771731882971
libero_goal_t08_ep002_s0016_approach,libero_goal,8,approach,2,16,8.012175385374576e-06,9.946690624929033e-05,0.0002596355916466564,1.26129009458964e-07,2.3137237803894095e-05,12.414469412496539,32.40513229370117,0.6601515196184017,6.505886176455533e-06,0.00021082408784423023,0.0007687311735935509,0.1833251267671585,0.004809584002941847,0.9975366216525521,0.995906528953994,0.9076447699702448,2.9716174545060916,3.559649175896613,0.04937298898053426,0.05735399448281853,0.006055119271347337,2.951542508151829e-08,0.0006859098882104094,0.0,0.004729803374572544,10.438697990272447,4.76837158203125e-07,3.3783296826683795e-07,0.22426457703113556,libero_goal_2,0.1914024948500801,0.18142166997625206,0.1914024948500801,1.5625,0.09765625,0.046875,0.05078125,-0.5630178530556191,-0.5060897802700847,10.731214881343044,0.018157912875418968,0.07430919810270992,4.09238653211653,0.004729803374572544,0.10036110081274334,0.17910071107393138,0.07916799021288169,0.3794482433051041,0.7369791666666666,0.5197056875926429,0.3794482433051041,0.7369791666666666,0.5197056875926429,0.3822427901121538,0.738037109375,0.5230530353585864,0.8792651350423438,0.93115234375,0.8722734950417373,0.9097455081254292,0.956787109375,0.9004712817697078,0.9075796807049669,0.9600423177083334,0.8766642719476709,0.17003891050583658,0.5856119791666666,0.2992678948074169,0.39000200274662394,0.7284342447916666,0.40896269873910174,0.8182629034103914,0.888916015625,0.7768805788855784,0.0032873607608728383,0.0006947018396536675,0.0035124553050293193,0.0030810269241497486,0.0005191696310600844,0.00024528848237763846,0.0,0.08861909675249043,64,31,False,0.10036110081274334,0.009352259012304196,0.17910071107393138,0.018157912875418968,0.07430919810270992,4.09238653211653
libero_goal_t08_ep002_s0032_pre_grasp,libero_goal,8,pre_grasp,2,32,1.1549836926860735e-05,7.025017293926794e-05,0.00022353608801495284,9.472861961512535e-08,2.133189991582185e-05,6.082351931384546,19.354047775268555,0.58592791697384,9.378467439091764e-06,0.00018151129188481718,0.0005669274250976741,0.14880424737930298,0.004434305243194103,0.9971217669947356,0.9932629034103914,0.8801718547341116,2.9778298257193754,3.4608591974308505,0.007017918667076569,0.004963222906061436,0.0016484719036564083,3.494210989108778e-08,0.00027529300272868985,0.0,0.005264589572352586,1.3330419343478799,3.5762786865234375e-07,3.219970476919798e-07,0.20470844209194183,libero_goal_2,0.07179846646829938,0.062206989456597944,0.07179846646829938,1.125,0.0703125,0.0625,0.0546875,-0.4826898317692836,-0.37487339780270085,17.191160497815392,0.004278464222976365,0.04809086448618244,11.240216577696998,0.005264589572352586,0.09181888159629101,0.1259395502209033,0.07320047536729986,0.24642152094300757,0.6466471354166666,0.3513382733531554,0.24642152094300757,0.6466471354166666,0.3513382733531554,0.24918388075074388,0.6485188802083334,0.3617666185480956,0.8525298981460289,0.913818359375,0.7781950170294901,0.8754477569237812,0.9253743489583334,0.8317119267495919,0.864563544289311,0.917724609375,0.8084899827944696,0.1116481174181735,0.5955403645833334,0.3108724773062989,0.206586890592813,0.6671549479166666,0.3718870015354254,0.7930046921492332,0.8849283854166666,0.7296335877649435,0.0008195267208426941,0.0006930773421730657,0.0007802478250454862,0.000784853516669261,0.0009311946272115993,0.00041548034526095863,0.0,0.07950081207544865,64,26,False,0.09181888159629101,0.0053410519475114325,0.1259395502209033,0.004278464222976365,0.04809086448618244,11.240216577696998
libero_goal_t08_ep002_s0056_manipulation,libero_goal,8,manipulation,2,56,8.518433787685353e-06,6.239852336875629e-05,0.00011254731361987069,2.990265954849747e-07,1.713916026346851e-05,7.325116908106102,13.212207794189453,0.5902022271442438,6.916968231962528e-06,9.138841414824128e-05,0.0002986266335938126,0.0646858736872673,0.0035627514589577913,0.9979493305104142,0.9945303559166857,0.9028033684290837,2.948443804338582,3.43975370883329,0.007250116156133023,0.005944545772784368,0.0014031319926982332,4.4479968670784974e-08,0.000348601073162259,0.0,0.004440659028772236,1.6326667076119898,4.76837158203125e-07,3.3783296826683795e-07,0.4179815649986267,libero_goal_2,-0.12337705996795606,-0.06642616430772984,-0.12337705996795606,0.875,0.0546875,0.05078125,0.11328125,-0.5725895513847562,-0.2827742332341497,31.647291691714685,0.007159212581330871,0.04522455115698689,6.316972801578664,0.004440659028772236,0.11319746952818599,0.07251918696873687,0.09006839058887046,0.18577549210345617,0.6360677083333334,0.4001613340487045,0.18577549210345617,0.6360677083333334,0.4001613340487045,0.1875271801327535,0.636962890625,0.40299186137212795,0.7718249313344014,0.87255859375,0.6906845284104011,0.8267588406958114,0.9105631510416666,0.7772558583377539,0.8199645227740902,0.9073893229166666,0.7696829480965635,0.28941119249256125,0.6944986979166666,0.37521919253013636,0.3982354371709773,0.7666015625,0.44062769013711145,0.7374220359349966,0.8690592447916666,0.6718408257741926,0.00091010572679691,0.0003893680525983629,0.000560148938767865,0.0005626121672320772,0.0004687993386252052,0.00038521364311833753,0.0008755539374385012,0.1000949295289387,64,25,False,0.11319746952818599,0.003576845408982023,0.07251918696873687,0.007159212581330871,0.04522455115698689,6.316972801578664
libero_goal_t08_ep003_s0016_approach,libero_goal,8,approach,3,16,6.7309597397979815e-06,7.914044181234203e-05,0.0001810825924621895,1.5305249689845368e-07,1.9635665012174286e-05,11.757675706245912,26.902938842773438,0.6817935286359952,5.465540198201779e-06,0.00014703907072544098,0.000510380370542407,0.1110537126660347,0.0040817055851221085,0.9980737869077592,0.9962534332799268,0.9232893205920502,2.912129727626905,3.474611433792085,0.04462231267615333,0.043981768897762855,0.0036718917084345892,3.219467777282671e-08,0.00038928290602063516,0.0,0.004404553196664852,10.130951014495988,4.76837158203125e-07,3.3783296826683795e-07,0.22051285207271576,libero_goal_3,0.09163710231174181,0.06894662176845918,0.09163710231174181,1.0625,0.06640625,0.07421875,0.05078125,-0.46701261730373084,-0.39151050011444266,9.239392712174874,0.01037164812430302,0.05707275447635911,5.5027661748980154,0.004404553196664852,0.09361344223594661,0.1832014299867741,0.08053181473167076,0.2719808594644083,0.6650390625,0.3767452881280706,0.2719808594644083,0.6650390625,0.3767452881280706,0.2744935912108034,0.66650390625,0.37823135855123224,0.8563122281986725,0.9342447916666666,0.8498429351839493,0.8791993305104143,0.9498697916666666,0.8740848731266794,0.8768160620279241,0.9527994791666666,0.8605629912614506,0.2390621423666743,0.6875,0.4119379362281952,0.3409912165255207,0.7518717447916666,0.4889370485594447,0.8372296292057679,0.9345703125,0.8379362505333295,0.0014873829606416144,0.0004563186398721291,0.0011227319320455521,0.0012969894827224674,0.0004981890211731104,0.00020503632114170486,0.0,0.09060028960348003,64,23,False,0.09361344223594661,0.01013199071725631,0.1832014299867741,0.01037164812430302,0.05707275447635911,5.5027661748980154
libero_goal_t08_ep003_s0032_pre_grasp,libero_goal,8,pre_grasp,3,32,9.948831575457007e-06,6.360092083923519e-05,0.00015681239892728627,2.527029892007704e-07,1.8608330719871446e-05,6.3928030499715875,15.76189136505127,0.5855422655608341,8.078451173787471e-06,0.00012733165931422263,0.00044832343701273203,0.09689489752054214,0.003868150757625699,0.9977411879148547,0.9942277981231403,0.8912029354543374,2.9112248828601843,3.5558864470625977,0.007756145152241966,0.007319503179126797,0.0020152851248169804,2.540004423300738e-08,0.0004197312328093694,0.0,0.003783313172841072,2.050093343559371,4.76837158203125e-07,3.3783296826683795e-07,0.21431247889995575,libero_goal_3,-0.02826161593041886,0.0002696435250781984,-0.02826161593041886,1.0,0.0625,0.08203125,0.07421875,-0.5613462748912794,-0.30484092469672697,68.37157823227969,0.0051954184686262075,0.04193451086355793,8.07144046563133,0.003783313172841072,0.09182998072097968,0.06832019819108769,0.03619101653417755,0.20675354772259097,0.6451009114583334,0.41164663798207024,0.20675354772259097,0.6451009114583334,0.41164663798207024,0.20929489013504235,0.646728515625,0.41380122168453903,0.8305948157473106,0.904541015625,0.7745033141049853,0.8666349565117876,0.9324544270833334,0.8429969437690115,0.8637116617074846,0.93017578125,0.8269202685337929,0.17044160563057908,0.6172688802083334,0.3677383347232094,0.27565876058594646,0.6853841145833334,0.4384562198262253,0.7564781700617991,0.86962890625,0.7035032687609432,0.0004396531661900326,0.000138111781854476,0.00014119343102911517,0.00041148143607874153,0.00031204908863530445,7.433823155639472e-05,6.128243988216918e-05,0.03579990803181357,64,27,False,0.09182998072097968,0.0013431016653180762,0.06832019819108769,0.0051954184686262075,0.04193451086355793,8.07144046563133
libero_goal_t08_ep003_s0048_manipulation,libero_goal,8,manipulation,3,48,9.089130799111445e-06,7.218358587124385e-05,0.0004900039057247341,2.409415174042806e-07,2.0104460418224335e-05,7.941747947812626,53.91097640991211,0.617285564495766,7.3803739724098705e-06,0.00039788315189071,0.0013202796690165997,0.2861686944961548,0.004179154988378286,0.9976088635843442,0.992011186770428,0.857188668268864,2.9720509565683306,3.4661138577599164,0.019000546997964874,0.015459211135302051,0.0030054800593783196,3.837015907216172e-08,0.0002723987574599442,0.0,0.005952947263756943,3.1917882279329164,5.960464477539062e-07,3.3783296826683795e-07,0.4388442635536194,libero_goal_3,-0.20214866102082857,-0.009029959277283842,-0.20214866102082857,1.0,0.0625,0.08984375,0.08984375,-0.43181291485465784,-0.27401221675440607,7.1713474281873,0.007015430166888885,0.04458383641587402,6.35511085639464,0.005952947263756943,0.0917704326387992,0.10655595634535073,0.08355329280819904,0.09867031929503318,0.6443684895833334,0.42930814102371134,0.09867031929503318,0.6443684895833334,0.42930814102371134,0.10217011902037079,0.6459147135416666,0.4341625009580242,0.7355573357747769,0.8548990885416666,0.7063100869095361,0.7709294174868391,0.890869140625,0.7806556949186666,0.7694438086518655,0.9060872395833334,0.8053979102368513,0.3342941748683909,0.7263997395833334,0.427690489080769,0.33236796177615013,0.76220703125,0.5035566539798768,0.7175490672922865,0.8693033854166666,0.6950370342655636,0.0009400214526212306,0.001163480945128681,0.0009625715557748574,0.0007072442896397524,0.00032611879264442934,0.00036244508175541025,0.0009378841175804738,0.0959352287310868,64,21,False,0.0917704326387992,0.012796818672607261,0.10655595634535073,0.007015430166888885,0.04458383641587402,6.35511085639464
libero_goal_t08_ep004_s0016_approach,libero_goal,8,approach,4,16,6.881647095724475e-06,8.587266165704932e-05,0.00023582497669849545,1.0105738823540378e-07,1.957250242412556e-05,12.478504123002978,34.268680572509766,0.6604252219810179,5.587898158410098e-06,0.00019148988940287381,0.0006333242054097354,0.12311504036188126,0.0040685757994651794,0.9983055333028152,0.9957606145571068,0.9078366998550393,2.934419292670136,3.453394924406077,0.07181726558449199,0.0776890366761632,0.0063163833798339925,3.26532600765555e-08,0.0006458731233612534,0.0,0.005116759094252435,14.035694130130741,4.76837158203125e-07,3.3783296826683795e-07,0.2076507955789566,libero_goal_4,-0.002094300755321584,0.008625666954610714,-0.002094300755321584,0.8125,0.05078125,0.06640625,0.0703125,-0.485912108033875,-0.4238777466239414,13.076065244363393,0.005544949968193087,0.04286448942248968,7.730365407869997,0.005116759094252435,0.09096152433049495,0.18434771833780744,0.07710559540581365,0.1747861352712291,0.5714518229166666,0.3688331849891895,0.1747861352712291,0.5714518229166666,0.3688331849891895,0.1783953707942321,0.572998046875,0.37075011334409386,0.8754041256580454,0.925537109375,0.8102211682438238,0.8927135786221103,0.932861328125,0.8245710137336232,0.8787365529869535,0.92236328125,0.7977130931263886,0.20385743305104143,0.6736653645833334,0.41931158468505736,0.27001888303959715,0.7119140625,0.435640029504356,0.8149583714808881,0.9115397135416666,0.8002090332691522,0.0006755819957790825,0.0005975122984706148,0.00029072539881002437,0.0006274066223759762,0.00039177902482897116,8.107062426649617e-05,0.0,0.08666316749639807,64,21,False,0.09096152433049495,0.006956337613148762,0.18434771833780744,0.005544949968193087,0.04286448942248968,7.730365407869997
libero_goal_t08_ep004_s0032_pre_grasp,libero_goal,8,pre_grasp,4,32,9.033531569002662e-06,6.659827340627089e-05,0.00017546029994264245,2.6573229661153164e-07,1.7830539945862256e-05,7.372340805759049,19.4232234954834,0.5858141018082025,7.335227564908564e-06,0.0001424737711204216,0.0005148918717168272,0.07702934741973877,0.003706469899043441,0.9977976939803158,0.9939316777294576,0.8711499580376897,2.9362227653427753,3.550738230030272,0.0064929034364090135,0.006057647896386892,0.0018203421561879503,2.352889963159269e-08,0.00022953747898573964,0.0,0.004310518921136543,1.5062927585287218,4.76837158203125e-07,3.219970476919798e-07,0.2120295614004135,libero_goal_4,-0.03812728885328451,-0.04214993780799961,-0.03812728885328451,0.875,0.0546875,0.0625,0.07421875,-0.4739728770885786,-0.2979414625772488,25.645519425277175,0.005269001539264891,0.041983610045307554,7.968039054922146,0.004310518921136543,0.08522773401606436,0.1124038928723711,0.06243603422541323,0.19620837148088807,0.63134765625,0.3999152585952144,0.19620837148088807,0.63134765625,0.3999152585952144,0.1989356832227054,0.6333821614583334,0.40224677340797443,0.7944523918516823,0.8888346354166666,0.7734958304192432,0.8350473506523232,0.9182942708333334,0.8122193054872453,0.8366202220187686,0.9258626302083334,0.8168217182672939,0.15060583085374227,0.6451822916666666,0.3692430974833161,0.24632567521171894,0.7132161458333334,0.43004784322560663,0.7242368104829481,0.8715006510416666,0.7310575726464958,0.0011230049026617844,0.00042086850627656654,0.0007977007942141902,0.0009992101921967613,0.0003621614007294826,0.00014455958025365906,7.149153901846639e-05,0.0657859886937703,64,22,False,0.08522773401606436,0.003323299167012716,0.1124038928723711,0.005269001539264891,0.041983610045307554,7.968039054922146
libero_goal_t08_ep004_s0056_manipulation,libero_goal,8,manipulation,4,56,9.24754021980334e-06,5.338044411473675e-05,9.220122592523694e-05,2.714063214170892e-07,1.638932189962361e-05,5.772393830785841,9.970351219177246,0.5545420114453391,7.509002443839563e-06,7.486739195883274e-05,0.00027199785108678043,0.05518162250518799,0.0034068813547492027,0.9975816834515907,0.9940096417944609,0.8872885194934005,2.9637158443772322,3.589794253925215,0.006404142939141489,0.005293438832486308,0.0013092859194320807,4.193316182381099e-08,0.00018644002173177215,0.0,0.004190878902248913,1.5281145288414066,4.76837158203125e-07,3.219970476919798e-07,0.42412275075912476,libero_goal_4,-0.15960746166170747,-0.1456277119457809,-0.15960746166170747,0.8125,0.05078125,0.06640625,0.109375,-0.537461375600824,-0.24970817120622568,20.389179494039556,0.011391479719139126,0.040978399543615006,3.5972850370585405,0.004190878902248913,0.09662140797805215,0.0731153631383155,0.09191497102662331,0.11527380407415885,0.5887858072916666,0.4006301753833378,0.11527380407415885,0.5887858072916666,0.4006301753833378,0.11705338750286107,0.5895182291666666,0.4024831648049232,0.7709158274204624,0.8445638020833334,0.6832634011692046,0.8165469787136644,0.8800455729166666,0.726907622926068,0.8103134298466468,0.884521484375,0.7069894015370197,0.2646057450217441,0.6727701822916666,0.3608560514790222,0.3110487239642939,0.7178548177083334,0.38543996107311396,0.7276028553444724,0.8361002604166666,0.6598965781603463,0.001960462839452266,0.00047775119308685916,0.0017023405062918618,0.0014300523901521346,0.00029568750008729844,0.0005710421815809029,0.002025535947186803,0.10297536645459356,64,24,False,0.09662140797805215,0.004738857052178625,0.0731153631383155,0.011391479719139126,0.040978399543615006,3.5972850370585405
libero_goal_t08_ep005_s0016_approach,libero_goal,8,approach,5,16,8.94799995876383e-06,8.333058758580592e-05,0.0005014748312532902,1.2238950830578688e-07,2.2363859898177907e-05,9.312761284066665,56.04323196411133,0.6776374696539901,7.265775820997078e-06,0.00040719759999774396,0.0013132725143805146,0.32777175307273865,0.0046488200314342976,0.9982819295033188,0.996204795147631,0.9171244373235675,2.9361188448785382,3.521084669097238,0.05689888214637331,0.0653367050163417,0.007636230392009278,4.073101014132096e-08,0.00039909197504639005,0.0,0.00487130571748127,11.680417006509114,4.76837158203125e-07,3.3783296826683795e-07,0.22104409337043762,libero_goal_5,0.11647402151522088,0.0966752174249949,0.11647402151522088,1.5,0.09375,0.05859375,0.05078125,-0.4791800183108263,-0.4982704852368963,14.52698684327362,0.013799780840876243,0.06997268270813592,5.070564780338415,0.00487130571748127,0.08871368756934633,0.1720143113934278,0.0813794820841229,0.26213735980773634,0.6476236979166666,0.35172518194334423,0.26213735980773634,0.6476236979166666,0.35172518194334423,0.2651593614099336,0.649658203125,0.35503699921129933,0.8868040455481804,0.9344889322916666,0.8446047840027112,0.8984571698329137,0.947265625,0.8653238235569908,0.8844193465323873,0.9386393229166666,0.8294723815576537,0.19502460517280842,0.5923665364583334,0.2954515858532285,0.3097211890592813,0.6649576822916666,0.34145739697599103,0.8330703536278324,0.9000651041666666,0.782458967721797,0.0022233913465930654,0.000712654665431133,0.0025596179828894523,0.002121731729479899,0.0006951560635934385,0.00012720576646150844,0.0,0.09112620966130006,64,27,False,0.08871368756934633,0.006106819600300599,0.1720143113934278,0.013799780840876243,0.06997268270813592,5.070564780338415
libero_goal_t08_ep005_s0032_pre_grasp,libero_goal,8,pre_grasp,5,32,1.0502102668397129e-05,6.601148197660223e-05,0.00015102361794561148,9.96520341800533e-08,2.0326006051618606e-05,6.285549100109603,14.380322456359863,0.5854146045187097,8.527707905159332e-06,0.00012263117241673172,0.00045186036732047796,0.09600988775491714,0.00422520749270916,0.9968406672007324,0.9938394083314259,0.8844152933546959,2.9983158245539583,3.5406267852014155,0.007627873904282079,0.007555419483768692,0.001802938953009212,2.993326183269182e-08,0.0005314385893514543,0.0,0.005854054129041019,1.3030070676048973,4.76837158203125e-07,3.3783296826683795e-07,0.17854280769824982,libero_goal_5,0.025874771114671548,0.05714909980335364,0.025874771114671548,1.3125,0.08203125,0.0625,0.05859375,-0.5020170519569696,-0.3180311570153353,24.774937146886003,0.008006446362362297,0.047820606597253734,5.972763000331185,0.005854054129041019,0.09267789012098618,0.11815709601671218,0.07074096635246718,0.2239785992217899,0.6160481770833334,0.36018910650754177,0.2239785992217899,0.6160481770833334,0.36018910650754177,0.22700989929045548,0.6180013020833334,0.3637135259260221,0.8062771801327535,0.8723958333333334,0.7576796947818508,0.8405384527351797,0.8872884114583334,0.7466820806072303,0.8318765735866331,0.882568359375,0.7128492602558473,0.09323286221103227,0.5440266927083334,0.2992195667877368,0.23039454108491644,0.6180013020833334,0.36401395278947135,0.7229078450446327,0.820556640625,0.6674875691824875,0.0016364131547622846,0.0007386619381407203,0.001483017766873023,0.001496721283140788,0.00031476362975822936,0.00020280323692276818,0.0,0.07635709735529672,64,28,False,0.09267789012098618,0.003740792169109473,0.11815709601671218,0.008006446362362297,0.047820606597253734,5.972763000331185
libero_goal_t08_ep005_s0056_manipulation,libero_goal,8,manipulation,5,56,9.769234566192608e-06,8.263202471425757e-05,0.00026206954498775303,4.5689637317991583e-07,2.084385050693527e-05,8.458392943108743,26.826005935668945,0.6207099233712563,7.93261824583169e-06,0.00021280045621097088,0.000692369241733104,0.17893590033054352,0.004332852549850941,0.9984671835660334,0.9943615529869535,0.8770873865110246,2.965036551074795,3.5715677370135994,0.007610935590581007,0.005460452929271846,0.0016723438391590111,3.962227587808417e-08,0.00046233243723629934,0.0,0.004436640854404809,1.7154725478905233,4.76837158203125e-07,3.219970476919798e-07,0.39946407079696655,libero_goal_5,-0.17640692950331885,-0.05706806783448868,-0.17640692950331885,0.8125,0.05078125,0.0703125,0.09375,-0.5191977569237812,-0.31139133669031815,29.138231532544086,0.0105833413151469,0.05315646474640879,5.022654298253723,0.004436640854404809,0.09968974384293651,0.06607294266251744,0.08351174427025491,0.11850108720531013,0.6566569010416666,0.43782049764506115,0.11850108720531013,0.6566569010416666,0.43782049764506115,0.12070625429159991,0.6576334635416666,0.44027739245175335,0.7823243305104143,0.8126627604166666,0.6466755108418116,0.8282036793316548,0.8622233072916666,0.7305529381802827,0.8263461318379491,0.8841959635416666,0.7424459877744337,0.25313215266651407,0.6513671875,0.3844855418257009,0.3008411535820554,0.7298177083333334,0.45886028044312244,0.7514591439688716,0.81591796875,0.6476340900124374,0.0018917303268968459,0.000460253638332596,0.0019397168700536883,0.0015566350617580898,0.00020276766385832366,0.00034115493991632113,0.0019062230129113147,0.092785307569244,64,23,False,0.09968974384293651,0.0034212695488299925,0.06607294266251744,0.0105833413151469,0.05315646474640879,5.022654298253723
libero_goal_t08_ep006_s0016_approach,libero_goal,8,approach,6,16,8.171205990947783e-06,9.092107211472467e-05,0.00021418450342025608,1.673717093808591e-07,2.0690884412033483e-05,11.127007716541323,26.21210479736328,0.666371042263295,6.63501941744471e-06,0.0001739178114803508,0.0006123374914750457,0.14046384394168854,0.004301055334508419,0.9982218471046006,0.9961833371480888,0.9072857061112383,2.9415577300790394,3.5229920173604494,0.06882079471856786,0.07250461365977123,0.005979908058989535,3.164833240704851e-08,0.0003474755727922649,0.0,0.005170846124243008,13.309387489971568,4.76837158203125e-07,3.3783296826683795e-07,0.21975615620613098,libero_goal_6,0.11935296978713665,0.13558811589306594,0.11935296978713665,1.25,0.078125,0.03125,0.0703125,-0.4507460231174182,-0.440981202792401,16.389094186742046,0.00891214103236901,0.052789020165581145,5.92327028643855,0.005170846124243008,0.09292464255067281,0.19524255363353576,0.08343464492884384,0.2556248569466697,0.6070963541666666,0.3487468311317383,0.2556248569466697,0.6070963541666666,0.3487468311317383,0.25823701075761046,0.608642578125,0.34968853619565693,0.8773818379491874,0.9420572916666666,0.8609700041380716,0.8897666800183108,0.944091796875,0.8657051149416732,0.8740100709544518,0.9261881510416666,0.8219354362220802,0.28244234950789654,0.6883951822916666,0.3810299652607188,0.38677400434882125,0.7353515625,0.42434306472470007,0.8376709487296864,0.929931640625,0.8289609846950836,0.001466605942658565,0.0008743753639860067,0.0012697345899006372,0.0002212990390537364,0.0003383456623751058,0.0013701771800742355,8.860915405859088e-17,0.09369266582592926,64,26,False,0.09292464255067281,0.005669907196715915,0.19524255363353576,0.00891214103236901,0.052789020165581145,5.92327028643855
libero_goal_t08_ep006_s0032_pre_grasp,libero_goal,8,pre_grasp,6,32,1.0762351848825347e-05,7.517740232287906e-05,0.0002184939366998151,2.175829791895012e-07,2.0184959794278257e-05,6.985220644973085,20.30169105529785,0.5802514060962345,8.739028999116272e-06,0.0001774170814314857,0.0006181675125844777,0.11061485856771469,0.004195888061076403,0.9981610494392309,0.9950582227054245,0.8925724326695659,2.966522258222599,3.487397642474881,0.13401322908528499,0.13293136942184197,0.0017235495146469247,2.984698409092528e-08,0.0003827772872627796,0.0,0.004139830282686996,32.37167225084948,4.76837158203125e-07,3.3783296826683795e-07,0.20081022381782532,libero_goal_6,-0.1150735294117647,-0.061365614189618396,-0.1150735294117647,1.1875,0.07421875,0.06640625,0.078125,-0.47191863126573586,-0.2875500686655985,35.85398405036391,0.005833248231691822,0.03547112310828514,6.0808526740850555,0.004139830282686996,0.079837931444929,0.08271739776329169,0.04613419774597384,0.1308101110093843,0.6083984375,0.37767091263957564,0.1308101110093843,0.6083984375,0.37767091263957564,0.13235723277637904,0.6092936197916666,0.37972769456359234,0.8528939688715953,0.8998209635416666,0.7746461739642277,0.8892252231631952,0.9249674479166666,0.8162297248704341,0.8830968184939345,0.9220377604166666,0.7714985701113042,0.1511608777752346,0.6097005208333334,0.385897997298413,0.22261387045090408,0.6807454427083334,0.3922736431716126,0.7902838178072785,0.8690592447916666,0.7370345371631171,0.0012455746760563398,0.00036359181595229306,0.0009864536276470903,0.0009235650817119474,0.00029361262198367985,0.00032250896809255555,3.99121736418635e-17,0.04890591472378752,64,25,False,0.079837931444929,0.002226752027263877,0.08271739776329169,0.005833248231691822,0.03547112310828514,6.0808526740850555
libero_goal_t08_ep006_s0056_manipulation,libero_goal,8,manipulation,6,56,1.0273595762555487e-05,8.432104550593067e-05,0.00025775618269108236,3.858662296352122e-07,2.140756623703055e-05,8.207549474864328,25.089189529418945,0.6244338045961967,8.342160072061233e-06,0.00020929799939040095,0.0006956009310670197,0.14790843427181244,0.0044500334188342094,0.9976374742504005,0.9949344815747311,0.8939309624628061,2.9656454204023115,3.425840884581575,0.014575375166853524,0.01116648468272618,0.0035824547494765643,3.7961494462946794e-08,0.00037849826010918794,0.0,0.0056642656451467484,2.5732153256869204,7.152557373046875e-07,3.219970476919798e-07,0.3705022931098938,libero_goal_6,0.05883711947814145,0.045175785413242325,0.05883711947814145,1.4375,0.08984375,0.0390625,0.0546875,-0.6118548294804304,-0.4038931963836118,8.943592996924878,0.011606909129868394,0.06604272050978205,5.689948958059162,0.0056642656451467484,0.10654610557331212,0.16845819247494917,0.07257728426955684,0.2924174582284276,0.6524251302083334,0.39225446343534065,0.2924174582284276,0.6524251302083334,0.39225446343534065,0.2953665026321813,0.654052734375,0.3947149260821292,0.8048867017624171,0.888916015625,0.7286546242161055,0.8397509441519798,0.9015299479166666,0.7516380408173654,0.8355444609750515,0.8966471354166666,0.7324091429140043,0.17296649691004806,0.5882161458333334,0.30025748328258195,0.3541893167772946,0.6939290364583334,0.3658461928625586,0.7443150606546121,0.85498046875,0.6919165168612553,0.0016814548595409514,0.00039984616358302894,0.0014888357049129477,0.0018786892236318856,0.0006711608067391054,0.0005375615026699986,0.0016806736073197344,0.08098622430273146,64,29,False,0.10654610557331212,0.011913121007409816,0.16845819247494917,0.011606909129868394,0.06604272050978205,5.689948958059162
libero_goal_t08_ep007_s0024_approach,libero_goal,8,approach,7,24,6.123367711552419e-06,6.371444760588929e-05,0.00013495802704710513,1.0686511586754932e-07,1.5187903045443818e-05,10.405131719541332,22.039836883544922,0.6575905036427899,4.972174792783335e-06,0.00010958591155940667,0.0003870475629810244,0.08157771825790405,0.0031571397557854652,0.9984771972991531,0.9960123884184023,0.9058773460746167,2.9533948977705355,3.5538708212873127,0.037020903615992896,0.032691587598313525,0.0028837403311103476,3.5111249258975035e-08,0.00028627164377361953,0.0,0.004170562195414918,8.876717785600555,4.76837158203125e-07,3.3783296826683795e-07,0.21710596978664398,libero_goal_7,0.1810633154039826,0.11995235399514591,0.1810633154039826,1.25,0.078125,0.0546875,0.04296875,-0.6115444037537194,-0.41304217212176697,13.999529594274186,0.005121810418565269,0.034499351003523256,6.7357727413087805,0.004170562195414918,0.09676484952757226,0.18460970793810247,0.07313689732009261,0.3612368390936141,0.7376302083333334,0.4611622091566947,0.3612368390936141,0.7376302083333334,0.4611622091566947,0.3647545204852369,0.7398274739583334,0.4645413977716435,0.8658910791943236,0.9147135416666666,0.8078270289712112,0.8902759498741131,0.9383951822916666,0.865939358249156,0.8886766136415656,0.946533203125,0.8831507927033577,0.1787694552529183,0.6221516927083334,0.3540855172042599,0.3427479114213779,0.7315266927083334,0.4792480957708408,0.8073629549095903,0.8809407552083334,0.7756109151734485,0.0005155653236780499,0.00035260085153500007,0.0006281895860847144,0.00024837718084811853,0.0005283931437776415,0.0005217817231284876,0.0,0.08366654339184881,64,25,False,0.09676484952757226,0.006912007222417509,0.18460970793810247,0.005121810418565269,0.034499351003523256,6.7357727413087805
libero_goal_t08_ep007_s0040_pre_grasp,libero_goal,8,pre_grasp,7,40,9.78498428594321e-06,5.454440452012932e-05,0.0001496450713602826,1.764316266417154e-07,1.7149744962807745e-05,5.574296588139241,15.29333782196045,0.5601181739448416,7.94540665083332e-06,0.00012151178816566244,0.00037438786239363253,0.10114482790231705,0.003564951941370964,0.997324187457084,0.9952012760357061,0.8901526855878538,2.9568364378090317,3.4515749126427426,0.0068627774329367034,0.0061655505267026985,0.0021792185011013324,2.129750509239387e-08,0.00029217986978907767,0.0,0.004723108058080114,1.453021474110914,4.76837158203125e-07,3.3783296826683795e-07,0.19710376858711243,libero_goal_7,-0.03311255436026551,0.0025748243057083704,-0.03311255436026551,1.1875,0.07421875,0.0703125,0.06640625,-0.5707935168230717,-0.3264584287022202,28.073030908796323,0.005312188891802491,0.03430295803340699,6.457405550156853,0.004723108058080114,0.07429602543554795,0.05052960423175484,0.026803488978261073,0.18347090295262072,0.6563313802083334,0.3782416107092955,0.18347090295262072,0.6563313802083334,0.3782416107092955,0.1864428358892195,0.6577962239583334,0.38121643036249747,0.8420769913023575,0.9173177083333334,0.8073661015752435,0.8757910849164569,0.9405924479166666,0.8368928297098718,0.8685161078049897,0.9331868489583334,0.7989732457977297,0.23302886816205082,0.6304524739583334,0.38399899071870264,0.30070811398489355,0.6919759114583334,0.4217813508134149,0.780463921950103,0.8746744791666666,0.7416558356619184,0.001096724103843351,0.0005025548108094271,0.0003162404581395567,0.001061714991747036,0.0008308486172355326,0.00011787069026476941,6.052683905429702e-06,0.027952423017581652,64,27,False,0.07429602543554795,0.0026465266755215356,0.05052960423175484,0.005312188891802491,0.03430295803340699,6.457405550156853
libero_goal_t08_ep007_s0056_manipulation,libero_goal,8,manipulation,7,56,9.654682799009606e-06,5.567644984694198e-05,0.00014581919822376221,2.0355859930987208e-07,1.640921618673019e-05,5.766781882534076,15.103468894958496,0.5735279518138925,7.83960240369197e-06,0.000118405201646965,0.0004386704822536558,0.08021318167448044,0.003411016194149852,0.9971489471274891,0.9942621309224079,0.8835955977721829,2.9086244443877938,3.441971741057758,0.010147256203714015,0.0075787836447591675,0.0018515556414911085,3.804707971573184e-08,0.000285275277823106,0.0,0.004654932126121444,2.179893482607845,4.76837158203125e-07,3.3783296826683795e-07,0.4253733456134796,libero_goal_7,-0.10043488212405585,-0.06186655509526075,-0.10043488212405585,0.8125,0.05078125,0.0703125,0.08203125,-0.5286886301213092,-0.31923208972304873,45.10856469752388,0.006624595065390333,0.04199217925848303,6.338829595467323,0.004654932126121444,0.09749026538698047,0.09355733590336292,0.08371329811530742,0.1579358834973678,0.6422526041666666,0.3643264798629999,0.1579358834973678,0.6422526041666666,0.3643264798629999,0.16098506523231862,0.6441243489583334,0.3663655415289065,0.7690825989929045,0.8685709635416666,0.732705558212855,0.8109414339665827,0.8990071614583334,0.7851910408489335,0.8061706054016937,0.8971354166666666,0.7561507936012887,0.2975394827191577,0.6707356770833334,0.3679532006915661,0.3591418230716411,0.72705078125,0.41842030609582,0.737608720531014,0.85791015625,0.6581476921044718,0.000784413254529292,0.0006955290585918768,0.0006241235671959975,0.0007521619144619682,0.00044922456048533606,0.0003266203123644222,0.0007416726561273664,0.09419385074837668,64,27,False,0.09749026538698047,0.0021612362723370943,0.09355733590336292,0.006624595065390333,0.04199217925848303,6.338829595467323
libero_goal_t08_ep008_s0016_approach,libero_goal,8,approach,8,16,7.2000302679953165e-06,7.998577711987309e-05,0.00025600369554013014,1.4400497150290903e-07,2.1249115889077075e-05,11.109089009724858,35.5559196472168,0.6707291232101287,5.8464247558731586e-06,0.00020787498215213418,0.0006923205801285803,0.13949483633041382,0.004417096264660358,0.9984943636987869,0.9957842183566034,0.9124191748683911,2.9406633547336156,3.473243258920969,0.06588816399380756,0.07104822157921148,0.006480708141915958,3.203020527588983e-08,0.0005284239804329553,0.0,0.004901481073447854,13.442500951546016,4.76837158203125e-07,3.3783296826683795e-07,0.2373145967721939,libero_goal_8,-0.0019398031586175327,0.09546024507675521,-0.0019398031586175327,0.875,0.0546875,0.05859375,0.06640625,-0.40746166170748455,-0.4572978656443122,15.247629863126305,0.011047652739143137,0.058653296834444035,5.309118436229308,0.004901481073447854,0.10256064963431168,0.2081713999712425,0.08213015702976259,0.1760099565117876,0.61669921875,0.3781348945290086,0.1760099565117876,0.61669921875,0.3781348945290086,0.18048108834973678,0.6189778645833334,0.38128525091762305,0.8724958514534218,0.9117838541666666,0.7940439058090832,0.8921449416342413,0.9297688802083334,0.8100204796025706,0.8837870508125429,0.9302571614583334,0.8084767207462128,0.246425812542916,0.6597493489583334,0.35964222830028797,0.328217984664683,0.7245279947916666,0.4141904388719424,0.8323436427100023,0.9012044270833334,0.7648971255454419,0.0011382501145670257,0.0005941791379955903,0.00127899770139008,0.00025568698545468745,0.00040119774294021597,0.0008909118969572935,0.0,0.09319666976363458,64,24,False,0.10256064963431168,0.006726333880807206,0.2081713999712425,0.011047652739143137,0.058653296834444035,5.309118436229308
libero_goal_t08_ep008_s0032_pre_grasp,libero_goal,8,pre_grasp,8,32,9.79724973149132e-06,7.518042912124656e-05,0.00018958449072670192,1.8332441698021285e-07,1.975959457922727e-05,7.673625882944879,19.350786209106445,0.6132400634123327,7.955366527312435e-06,0.0001539426011731848,0.000506508513353765,0.13087566196918488,0.004107466898858547,0.9977948329137102,0.9955024032959487,0.8933530270084687,2.949351369068598,3.562722423708912,0.1320351418362462,0.13220857112181028,0.0015257163985670178,2.768293829631679e-08,0.0003562862693684377,0.0,0.06907373910762389,1.9115099825495485,4.76837158203125e-07,3.3783296826683795e-07,0.21221157908439636,libero_goal_8,-0.036269741359578854,0.045395217692070375,-0.036269741359578854,1.1875,0.07421875,0.07421875,0.08203125,-0.49387231059739073,-0.3409611753261616,69.2584135095142,0.009887070892584482,0.1825058928433969,18.459045639116464,0.06907373910762389,0.089109364077049,0.09184673604903743,0.05126518758015344,0.18200532158388646,0.6258951822916666,0.40974785036107936,0.18200532158388646,0.6258951822916666,0.40974785036107936,0.18345302128633553,0.6263834635416666,0.41178909012781767,0.8087541485465781,0.8800455729166666,0.7378394011411403,0.8442335202563516,0.9031575520833334,0.7616144359011984,0.8465803101396201,0.9072265625,0.7565406063669895,0.17099093041886015,0.63671875,0.35840659670968855,0.2624256122682536,0.6971028645833334,0.41601866791444186,0.7474736781872282,0.8548990885416666,0.6901955766800303,0.001106910202122748,0.000768846278245216,0.0010076666914308338,0.0009758584663236711,0.00017481180262348227,0.0002232387195310513,0.0002851057677910528,0.050604188290932994,64,23,True,0.089109364077049,0.0012866215052191972,0.09184673604903743,0.009887070892584482,0.1825058928433969,18.459045639116464
libero_goal_t08_ep008_s0056_manipulation,libero_goal,8,manipulation,8,56,8.67476046551019e-06,6.979698810027912e-05,0.00013163038238417357,3.3363639317940397e-07,1.7379712517140433e-05,8.04598448312015,15.1739501953125,0.6069948490105125,7.043906407488976e-06,0.00010688387556001544,0.00037903586053289473,0.07841833680868149,0.003612755797803402,0.9982132639047837,0.9936913481345846,0.8746807526512551,2.975573527253424,3.561921162126321,0.005623524903041768,0.003220701830609525,0.001201652740432096,2.8591284948549825e-08,0.0002782564163409393,0.0,0.005206031541091761,1.0801941668341206,9.5367431640625e-07,3.219970476919798e-07,0.3893105089664459,libero_goal_8,-0.04080667772945754,-0.04932484887516378,-0.04080667772945754,1.0,0.0625,0.0546875,0.07421875,-0.5749113069352254,-0.2841883154039826,9.178708092010512,0.012028175877144722,0.05310599255713532,4.4151326933990385,0.005206031541091761,0.10429500965541551,0.10002198053524355,0.08321632080969026,0.17769154840924697,0.6038411458333334,0.34951908618442556,0.17769154840924697,0.6038411458333334,0.34951908618442556,0.17920576791027695,0.6046549479166666,0.35081553880313715,0.8052650778210116,0.861572265625,0.7037322721470706,0.8360880636301213,0.8822428385416666,0.7345928203174336,0.8255786507209888,0.8795572916666666,0.6913647695112487,0.11240844586861982,0.5667317708333334,0.2959106346304027,0.22634112497138933,0.6376953125,0.3179063915291097,0.734708314259556,0.8229166666666666,0.6616559048252509,0.0022460983185934994,0.0003875049499403216,0.0018257216483677213,0.0019582586251677522,0.0004303585701037596,0.00037131985937706517,0.0022111468539863263,0.09256554869272457,64,24,False,0.10429500965541551,0.011362711261365345,0.10002198053524355,0.012028175877144722,0.05310599255713532,4.4151326933990385
libero_goal_t08_ep009_s0016_approach,libero_goal,8,approach,9,16,9.462905836699065e-06,0.00010800603013194632,0.0003271159075666219,1.715061443974264e-07,2.6414327294332907e-05,11.41362198840414,34.56822967529297,0.6752729506969092,7.683878720854409e-06,0.00026561811682768166,0.0008119439589791,0.2243853211402893,0.005490798968821764,0.9981631952391852,0.9959258411535821,0.9090800717174029,2.9997248171900477,3.5722084556980125,0.06264547910696573,0.07205712646354936,0.007696282195285404,3.054559563073041e-08,0.00045031801409963325,0.0,0.005221223281253462,11.998237909474424,7.152557373046875e-07,3.3783296826683795e-07,0.23585793375968933,libero_goal_9,0.09613899061570154,0.06075960692864972,0.09613899061570154,1.0625,0.06640625,0.0546875,0.05078125,-0.46691820210574503,-0.46574945639734494,8.04568480921511,0.009186594394928251,0.06098412468105094,6.638382196858408,0.005221223281253462,0.08729013695235328,0.17971895938508395,0.08377291200916274,0.26798752574959944,0.6255696614583334,0.3507782466084751,0.26798752574959944,0.6255696614583334,0.3507782466084751,0.2711847676813916,0.6270345052083334,0.35504576597973336,0.8833550297550927,0.9393717447916666,0.8545203038093653,0.9007445925841153,0.9457194010416666,0.864246795453766,0.8941784447241932,0.9369303385416666,0.8350406626507066,0.12226267452506294,0.585205078125,0.3088663500728232,0.25368219272144654,0.6538899739583334,0.33603809648249966,0.8197706855115587,0.9039713541666666,0.7893308513237091,0.0008981635309946182,0.0007976808812889174,0.0012321613895386325,0.0007530607952686719,0.0005130325567171741,0.00030221678806699025,0.0,0.09359271160285287,64,23,False,0.08729013695235328,0.010849311012419014,0.17971895938508395,0.009186594394928251,0.06098412468105094,6.638382196858408
libero_goal_t08_ep009_s0032_pre_grasp,libero_goal,8,pre_grasp,9,32,9.311192116001621e-06,7.689736230531707e-05,0.00015331024769693613,1.5389530005904817e-07,1.8775226635625586e-05,8.258594747837517,16.465158462524414,0.5976257731420483,7.560688572993968e-06,0.00012448792404029518,0.00042382869287393987,0.0971970185637474,0.003902843687683344,0.9978978313115129,0.9953915369649805,0.88608234149691,2.958501040297928,3.4792268618150013,0.006805781032752542,0.007810378924043567,0.0020074477598627364,2.995808855352819e-08,0.0002850941572179355,0.0,0.00455650253156442,1.4936414466153847,4.76837158203125e-07,3.219970476919798e-07,0.2152567058801651,libero_goal_9,0.07571669718471045,0.010637587394243636,0.07571669718471045,1.125,0.0703125,0.046875,0.03125,-0.5511301213092241,-0.3108048180361639,22.858318981143128,0.005064662167693787,0.04288130870431265,8.466765854165317,0.00455650253156442,0.08836841689617105,0.122316458884389,0.07757811906416695,0.29027952620737013,0.6639811197916666,0.39958132985431305,0.29027952620737013,0.6639811197916666,0.39958132985431305,0.2913810368505379,0.6647135416666666,0.400943963289101,0.8393074788281071,0.9120279947916666,0.8223222049902108,0.8734171149004348,0.93408203125,0.8609466403855097,0.871383611810483,0.935546875,0.8378945133477482,0.024409189745937285,0.5592447916666666,0.31170416176742255,0.1613763160906386,0.654541015625,0.39097162234279204,0.7401851110093843,0.8670247395833334,0.7476692842667767,0.0009759516710417998,0.00040205873338273063,0.000525621239837626,0.0005223189650209742,0.0010406616719023426,0.000527375346824345,0.0,0.08526096199898875,64,25,False,0.08836841689617105,0.0038659192964151257,0.122316458884389,0.005064662167693787,0.04288130870431265,8.466765854165317
libero_goal_t08_ep009_s0056_manipulation,libero_goal,8,manipulation,9,56,9.585786756360903e-06,6.55975381960161e-05,0.000195632383110933,1.5473442260827142e-07,1.85919943760382e-05,6.843208581965076,20.408588409423828,0.5923965458166734,7.783658475091215e-06,0.0001588534942129627,0.000499097106512636,0.08740831166505814,0.0038647553883492947,0.9980938143739986,0.9940582799267567,0.8770780880445562,2.9694512334148766,3.5682174148373815,0.007112135658073959,0.0059352214311657134,0.0015450391319626277,3.367051745905756e-08,0.00035559158654449255,0.0,0.004603267401979069,1.545019013020243,4.76837158203125e-07,3.219970476919798e-07,0.4259204864501953,libero_goal_9,-0.16602483405813687,-0.09478321909325767,-0.16602483405813687,0.875,0.0546875,0.0703125,0.07421875,-0.47724593728542003,-0.26227755207141223,22.33510986471288,0.006232889293535617,0.039630556813400254,6.358296280747793,0.004603267401979069,0.0871918640477114,0.07375842364025317,0.0902278685015904,0.042036221103227286,0.552490234375,0.2953052337319368,0.042036221103227286,0.552490234375,0.2953052337319368,0.0443579766536965,0.5537109375,0.29592844424673265,0.801459859235523,0.8435872395833334,0.6746205804585561,0.817813000686656,0.8531901041666666,0.6895279344633849,0.795620422293431,0.8401692708333334,0.6366090088714745,0.2568486781872282,0.7010904947916666,0.378531174177039,0.26338192378118563,0.7176920572916666,0.3831349260906953,0.7558594644083314,0.8438313802083334,0.6716579324361531,0.000867401207805112,0.000447986387573043,0.0007822961091968729,0.0008375297540578545,0.0002392530285578939,0.00012078274347595984,0.0008817429597448466,0.10065185509301783,64,22,False,0.0871918640477114,0.0039038028014076217,0.07375842364025317,0.006232889293535617,0.039630556813400254,6.358296280747793
libero_object_t00_ep000_s0024_approach,libero_object,0,approach,0,24,6.095473963796394e-06,7.464133341272827e-05,0.0007649508188478649,2.279804931504259e-07,2.322729051229544e-05,12.245369901677018,125.49488830566406,0.721660419378046,4.949524736730382e-06,0.0006211400614120066,0.0019901676569133997,0.5957692861557007,0.004828302655369043,0.9986023689631495,0.9968270771343557,0.9243135824368659,2.921382493006883,3.4933620078957865,0.04498479736411951,0.04931211111325756,0.005430317888047666,2.741165028486696e-08,0.0005339256179763479,0.0,0.004159864325872509,10.81400590022469,4.76837158203125e-07,3.219970476919798e-07,0.1828412115573883,libero_object_0,0.0855444609750515,0.036098916866225114,0.0855444609750515,1.625,0.1015625,0.015625,0.10546875,-0.5303344586861982,-0.38887045090409705,18.414160912044387,0.009637004529944995,0.043175856818025375,4.480215473995612,0.004159864325872509,0.05763014841805533,0.11709710088208579,0.05351604354964454,0.2748762588693065,0.6488444010416666,0.4194659307399196,0.2748762588693065,0.6488444010416666,0.4194659307399196,0.2753519111924926,0.6492513020833334,0.4209508401034396,0.888301813916228,0.9129231770833334,0.7971430586368052,0.9157816433966582,0.9379069010416666,0.8656721494222986,0.8976267452506295,0.9309895833333334,0.8341222334860158,0.4086668860151064,0.7285970052083334,0.4981552530015293,0.4968084802014191,0.7935384114583334,0.5538124217743654,0.8566119249256122,0.9009602864583334,0.7582704258758272,0.0020055504141064076,0.0004932961785725171,0.0020301815412828456,0.0020222101709918617,6.188612830418738e-05,9.27998956980832e-05,0.0,0.06316138853158186,64,34,False,0.05763014841805533,0.0031296646650210386,0.11709710088208579,0.009637004529944995,0.043175856818025375,4.480215473995612
libero_object_t00_ep000_s0040_pre_grasp,libero_object,0,pre_grasp,0,40,8.58395105751697e-06,7.039951742626727e-05,0.00016924952797126025,2.2970625934704003e-07,1.810453977668658e-05,8.201295295669047,19.71697235107422,0.6121910724649422,6.970168215048034e-06,0.0001374306157231331,0.0004167594888713211,0.10176507383584976,0.0037634274922311306,0.9981724937056534,0.9957720588235294,0.9053544861524375,2.9436800781320036,3.451306328209657,0.00805167950094659,0.00499424462086971,0.00209906807702001,2.797169043536372e-08,0.00037424370789214254,0.0,0.0036908357859604096,2.1815328472684747,4.76837158203125e-07,3.3783296826683795e-07,0.23171743750572205,libero_object_0,0.13777752346074618,0.18543817657833309,0.13777752346074618,1.75,0.109375,0.0078125,0.08203125,-0.620260643167773,-0.326831797894255,72.82548385496372,0.003704909887151802,0.03595453539493716,9.70456407580204,0.0036908357859604096,0.07977728026940205,0.1004916266534032,0.0645234398529499,0.3145585374227512,0.7091471354166666,0.5961696943161643,0.3145585374227512,0.7091471354166666,0.5961696943161643,0.3158982318608377,0.7098795572916666,0.5974633197245734,0.8788767452506294,0.9195149739583334,0.8106743910652159,0.903930390249485,0.93896484375,0.879929431208082,0.8734421492332342,0.9160970052083334,0.8376590972763701,0.3507953765163653,0.705810546875,0.45273340203813184,0.4915362497138933,0.8026529947916666,0.589649240780502,0.8508146887159533,0.9010416666666666,0.7443037411730108,0.0019598585647235193,0.003477718793115148,0.000841301043311172,0.00034866640530664537,0.001433794371428365,0.001728603838934249,0.00031910511816230294,0.06434436479609312,64,39,False,0.07977728026940205,0.0010954582937565828,0.1004916266534032,0.003704909887151802,0.03595453539493716,9.70456407580204
libero_object_t00_ep000_s0056_manipulation,libero_object,0,manipulation,0,56,5.344964847608935e-06,6.459447649831418e-05,0.00010997834033332765,5.763424226756797e-08,1.544363476568833e-05,12.085107823900929,20.576065063476562,0.6492914311253912,4.340111445344519e-06,8.930240437621251e-05,0.00030668583349324763,0.06459138542413712,0.0032102996483445168,0.9982619020370794,0.9945196269169146,0.9044840066376745,2.9737989038731794,3.5455279461259215,0.01108313267240125,0.011117983058788163,0.0022284850665158468,2.8367689888739082e-08,0.00040202926494245316,0.0,0.0038159438972117446,2.9044275730834346,3.5762786865234375e-07,3.3783296826683795e-07,0.3564680516719818,libero_object_0,0.0035791943236438543,0.1269951156143318,0.0035791943236438543,1.375,0.0859375,0.046875,0.08203125,-0.6488455596246281,-0.23166342412451363,14.987352943630317,0.004209742042581237,0.027257858540970764,6.474947458837025,0.0038159438972117446,0.07536730412157255,0.16742107634882175,0.08306848447902881,0.22477826733806364,0.6800944010416666,0.4815642704750901,0.22477826733806364,0.6800944010416666,0.4815642704750901,0.22588406958113985,0.680908203125,0.48864437275630757,0.8675440604257267,0.9220377604166666,0.8203708452024006,0.9012495708400091,0.9446614583333334,0.8834382608955216,0.8744742790112153,0.928955078125,0.8540749790515364,0.5247482261387045,0.7562662760416666,0.5032562014967868,0.5668616960402838,0.8208821614583334,0.5798712060208686,0.8597877088578623,0.9097493489583334,0.7832195468174361,0.0006171195877095055,0.00039672398822065453,0.0006013699073123785,0.0006839140906306899,0.0003988797748847111,0.00011300008629816303,0.0006124061008286379,0.09512392277203638,64,32,False,0.07536730412157255,0.005028726849299325,0.16742107634882175,0.004209742042581237,0.027257858540970764,6.474947458837025
libero_object_t00_ep001_s0024_approach,libero_object,0,approach,1,24,5.868088010174688e-06,8.186793274944648e-05,0.00023507664445787668,2.3026763074085466e-07,2.0525691070361063e-05,13.951381200741286,40.060176849365234,0.6739462339690302,4.764887307828758e-06,0.00019088223052676767,0.0005895059439353645,0.16613148152828217,0.004266716539859772,0.998470044632639,0.9953250171663997,0.9209470607309073,2.9720109345433245,3.4903401612727563,0.014972041663455903,0.019820752429555985,0.0033183744568224273,3.333046671944514e-08,0.00038371781065107383,0.0,0.004963611574153272,3.0163604544358287,4.76837158203125e-07,3.3783296826683795e-07,0.18345168232917786,libero_object_1,0.023967154955367363,-0.032508360842494755,0.023967154955367363,1.375,0.0859375,0.01953125,0.109375,-0.4984271286335546,-0.38671892881666287,15.32921838985557,0.008903602444440398,0.03978735828388959,4.468680911144419,0.004963611574153272,0.05255275658284928,0.11101761061318152,0.049437042322640574,0.22126559281300068,0.6407877604166666,0.4829312915226774,0.22126559281300068,0.6407877604166666,0.4829312915226774,0.22242504005493247,0.6416829427083334,0.48567866813665617,0.87192077706569,0.927001953125,0.7887869083848241,0.8977354657816434,0.9522298177083334,0.8969154517147369,0.8758711947814145,0.9424641927083334,0.8785694887002685,0.4006995307850767,0.7162272135416666,0.4814043213436131,0.46489113641565577,0.769775390625,0.5153382427969754,0.8420412279697871,0.9130045572916666,0.7430725831301216,0.0017668298824284187,0.0006043758169207329,0.0014906042734856185,0.0016705343341647753,0.000408836404098436,0.00011946054857749127,0.0,0.05753403655279213,64,31,False,0.05255275658284928,0.0034282737330061127,0.11101761061318152,0.008903602444440398,0.03978735828388959,4.468680911144419
libero_object_t00_ep001_s0048_pre_grasp,libero_object,0,pre_grasp,1,48,8.521168638253585e-06,8.746634557610378e-05,0.00022174934565555304,2.036110657854806e-07,2.1402291167760268e-05,10.264595067799295,26.02334976196289,0.6421819755962964,6.919188763276907e-06,0.00018006045138463378,0.0006184972589835525,0.16166836023330688,0.004448937717825174,0.998415684367132,0.9960080968184939,0.9119137197680628,2.945166774952976,3.561766199364557,0.008764622625532207,0.006895950083128637,0.0022153132960371844,2.877765294266095e-08,0.00026773502901283,0.0,0.0051780907853507235,1.6926359519087806,3.5762786865234375e-07,3.3783296826683795e-07,0.2630341351032257,libero_object_1,0.09268925955596247,0.1792878420600027,0.09268925955596247,1.875,0.1171875,0.03125,0.0859375,-0.5922994392309453,-0.3268790054932479,32.923973039784606,0.004723917746018286,0.03844999080724706,8.139428515590884,0.0051780907853507235,0.06136483353208137,0.02559815572689926,0.01841257903652748,0.30642094872968645,0.7442220052083334,0.563501653734592,0.30642094872968645,0.7442220052083334,0.563501653734592,0.3074645227740902,0.7450358072916666,0.5677051704920877,0.8706490329594873,0.9290364583333334,0.8299260878801812,0.9068608377203021,0.9618326822916666,0.9269148580416763,0.880797236209659,0.9562174479166666,0.9061715186928028,0.3291349565117876,0.6499837239583334,0.44679254944769653,0.4483634699015793,0.777587890625,0.6002831373508962,0.8311663138017853,0.9009602864583334,0.7695851286643715,0.0021033661474240666,0.000193988472787928,0.001998960820832681,0.0020543135144962567,0.00024706632391728313,0.00014014864423381724,0.0006440005610394252,0.0189506034291104,64,39,False,0.06136483353208137,0.0018638344102543986,0.02559815572689926,0.004723917746018286,0.03844999080724706,8.139428515590884
libero_object_t00_ep001_s0064_manipulation,libero_object,0,manipulation,1,64,6.887618383188965e-06,8.331333083333448e-05,0.0002362681698286906,2.1612976297546993e-07,1.982871617656201e-05,12.09610146762522,34.30331802368164,0.668889061278439,5.592746219917899e-06,0.00019184977281838655,0.0006174325826577842,0.14468790590763092,0.0041218348778784275,0.9979965381094071,0.9950932707713436,0.9004723144121461,2.9810886095539275,3.5655073348132382,0.030571085008489304,0.030123818422726323,0.0038928464162341116,3.800843738668685e-08,0.0005158261429722288,0.0,0.004228772190605638,7.229305252338733,4.76837158203125e-07,3.3783296826683795e-07,0.35267511010169983,libero_object_1,0.048419975967040514,0.24463847292868635,0.048419975967040514,1.5,0.09375,0.04296875,0.078125,-0.657001029983978,-0.27912279697871367,11.364477763674493,0.0035321733987557073,0.03396093013490078,9.61474035982048,0.004228772190605638,0.06648700688160189,0.1684735151836886,0.0828306152363482,0.2910462920576791,0.7079264322916666,0.5501624454827961,0.2910462920576791,0.7079264322916666,0.5501624454827961,0.291597047379263,0.7083333333333334,0.5512384719456049,0.8660033760585947,0.9150390625,0.7871827623427283,0.9026200217441062,0.941162109375,0.8760189693437406,0.8804560540169375,0.93408203125,0.8664384161118266,0.4748505092698558,0.754150390625,0.44552536124938436,0.5457262817578393,0.8177083333333334,0.6142950524227216,0.8417894541084916,0.902587890625,0.7145539263080084,0.0004281375108099357,0.0004136379479707539,0.00023837366051517853,0.00032995055434967155,0.00019924293679385543,0.00013802622966256617,0.00044235680347172907,0.09414683016680245,64,33,False,0.06648700688160189,0.005850423452970457,0.1684735151836886,0.0035321733987557073,0.03396093013490078,9.61474035982048
libero_object_t00_ep002_s0024_approach,libero_object,0,approach,2,24,4.957380042469595e-06,7.050483509374317e-05,0.0001607289450475946,2.645620895691536e-07,1.7080215911846608e-05,14.222196904359205,32.42215347290039,0.6732917430215877,4.02539262722712e-06,0.00013051189307589084,0.0005119008128531277,0.11286171525716782,0.003550498280674219,0.9980258640421149,0.9959487296864271,0.9014152742809186,2.9656350994599787,3.4701136200200553,0.005641846563374701,0.005858588271942716,0.0012462340297847323,2.6396406392708867e-08,0.00029010726055323074,0.0,0.0044638178158317,1.2639060992509414,7.152557373046875e-07,3.3783296826683795e-07,0.16421779990196228,libero_object_2,-0.02151307507438773,-0.12011861613662299,-0.02151307507438773,1.0,0.0625,0.0390625,0.12109375,-0.5201411936369879,-0.37740830281528953,16.358525212126924,0.0021673162821921,0.028130066451757987,12.979216131438948,0.0044638178158317,0.05283819324593483,0.10313272760190495,0.05191252923815892,0.16063100823987184,0.5716959635416666,0.3550412241612472,0.16063100823987184,0.5716959635416666,0.3550412241612472,0.1618719958800641,0.5725911458333334,0.35813225585220254,0.8791049153124285,0.931640625,0.8191935476169077,0.9008776321812771,0.9554036458333334,0.8949883586428233,0.8789046406500344,0.935302734375,0.8408914111211119,0.41571226253147175,0.73388671875,0.4792481254536209,0.45268224994277867,0.7496744791666666,0.4664305922486774,0.8456733520256352,0.92138671875,0.7630063618550472,0.0003454134896344626,0.0004768784282045203,0.00023479135709879819,0.00035852633485593087,0.00011308059899592443,6.80914532556692e-05,0.0,0.05778146861823098,64,26,False,0.05283819324593483,0.0032300096269387187,0.10313272760190495,0.0021673162821921,0.028130066451757987,12.979216131438948
libero_object_t00_ep002_s0048_pre_grasp,libero_object,0,pre_grasp,2,48,8.531607818440534e-06,7.842626473575365e-05,0.00018245122919324785,2.691371889795846e-07,1.989692827919498e-05,9.192436690097288,21.38532829284668,0.6253254702728525,6.927665708644781e-06,0.00014815038593951613,0.0004770941159222275,0.12323561310768127,0.004136014264076948,0.9980458915083543,0.994702735179675,0.9155882829785611,2.9393954029206935,3.523820999465605,0.008595065342471148,0.006841244284497864,0.002097690175460994,2.496396220043341e-08,0.0003790605320168255,0.0,0.004415997350918004,1.946347486074554,4.76837158203125e-07,3.3783296826683795e-07,0.23437711596488953,libero_object_2,0.09964665827420463,0.12437295638810082,0.09964665827420463,1.625,0.1015625,0.03125,0.078125,-0.6342877374685283,-0.30775205996795607,31.395091213535313,0.0053615666909117435,0.03676902242561591,6.857887730454263,0.004415997350918004,0.06323186456277095,0.08155110890873192,0.059501697376777504,0.2934002346074617,0.7259928385416666,0.5805399004651977,0.2934002346074617,0.7259928385416666,0.5805399004651977,0.2933930819409476,0.7262369791666666,0.582725629633005,0.8972376401922637,0.9265950520833334,0.7939610863619173,0.9245479514763104,0.955078125,0.8782647091322602,0.8994370851453422,0.9484049479166666,0.8624754356434916,0.33836332684824905,0.6840006510416666,0.44876771551653294,0.4522924296177615,0.792236328125,0.5939581766514564,0.8596975852597849,0.9012044270833334,0.7300059762863074,0.0003298992978183809,7.532038215040398e-05,0.0005547904148794873,0.00033313189906089037,0.00022683511057192447,7.993979444326662e-05,5.230012259880263e-05,0.05972503230046943,64,33,False,0.06323186456277095,0.0020140685205032693,0.08155110890873192,0.0053615666909117435,0.03676902242561591,6.857887730454263
libero_object_t00_ep002_s0064_manipulation,libero_object,0,manipulation,2,64,8.942297426983714e-06,8.77407564985333e-05,0.00019916829478461295,8.465081435815591e-08,2.0758363461936824e-05,9.81188080747262,22.27260971069336,0.6547608335968342,7.261146038217703e-06,0.00016172467439901084,0.000582250184379518,0.1194131001830101,0.00431508244946599,0.9972211890592813,0.9952069981689173,0.9011182001983672,2.928084148446194,3.4819093495580065,0.018265412428124975,0.0202455812577496,0.003254640500844096,3.251541179499358e-08,0.00039470626244641485,0.0,0.004079538164365369,4.477323582280158,3.5762786865234375e-07,3.3783296826683795e-07,0.37446436285972595,libero_object_2,-0.08467612726024262,-0.03730130398696854,-0.08467612726024262,1.375,0.0859375,0.0625,0.09765625,-0.5480215724422065,-0.26445053215838865,14.332941166310695,0.003730033611271913,0.03160457865305823,8.473001036117019,0.004079538164365369,0.059782779174787914,0.15535469743775493,0.08451425545006024,0.15531657701991303,0.6448567708333334,0.4166779686155972,0.15531657701991303,0.6448567708333334,0.4166779686155972,0.15793087663080796,0.6465657552083334,0.42025227820171296,0.8539775978484779,0.8929850260416666,0.7812948366717779,0.8875836861982147,0.924072265625,0.841420623245597,0.8552479114213779,0.91259765625,0.7998732294749523,0.5143997482261387,0.7552083333333334,0.5040048858502939,0.5284783417257953,0.8015950520833334,0.5759205706071842,0.8375343327992676,0.8893229166666666,0.7498573945435479,0.0006249708103644811,0.00043550193948749407,0.0007182948499041444,0.0006288698527475537,0.0004401192853328762,9.405862440764298e-05,0.0006512278679022375,0.09612975807559958,64,30,False,0.059782779174787914,0.004171005707697,0.15535469743775493,0.003730033611271913,0.03160457865305823,8.473001036117019
libero_object_t00_ep003_s0024_approach,libero_object,0,approach,3,24,6.053673132555559e-06,8.244644595833961e-05,0.00016563890676479787,2.990524023971375e-07,2.017165934375953e-05,13.619243086475471,27.361719131469727,0.673089517538778,4.915582394460216e-06,0.0001344987831544131,0.0004684102314058691,0.09265344589948654,0.004193123430013657,0.9983076791027695,0.9960910677500572,0.9200391489280536,2.9651526409985887,3.5162086559837196,0.005260497012978758,0.006848551821474167,0.0012808527975274294,2.799671795580981e-08,0.00025518516384420107,0.0,0.004259273750011306,1.2350690098199946,4.76837158203125e-07,4.319687170184494e-07,0.16457200050354004,libero_object_3,0.025089408331425957,-0.037528321806075744,0.025089408331425957,1.375,0.0859375,0.0234375,0.11328125,-0.5602605001144426,-0.3248319123369192,14.39873517715067,0.0069835612143917146,0.03570147218149747,5.112215828784305,0.004259273750011306,0.05838544941380461,0.11001312105593264,0.04923626811213313,0.23175783932249944,0.62255859375,0.4862552467239608,0.23175783932249944,0.62255859375,0.4862552467239608,0.23223492217898833,0.6228841145833334,0.48866255890472865,0.875461346990158,0.919189453125,0.793860362061755,0.9036042286564431,0.9466145833333334,0.8645607980447498,0.8851124399176012,0.9413248697916666,0.8436704718943058,0.3398560883497368,0.687255859375,0.4775952972594386,0.4624234664682994,0.7776692708333334,0.5014930764354206,0.8334723334859235,0.9000651041666666,0.7447666240499866,0.001286086558342413,0.0005400903045662083,0.00105023377169463,0.001253647777818876,0.0002533104912840882,0.0001661057244000712,0.0,0.05524950245566805,64,31,False,0.05838544941380461,0.004054901240896923,0.11001312105593264,0.0069835612143917146,0.03570147218149747,5.112215828784305
libero_object_t00_ep003_s0048_pre_grasp,libero_object,0,pre_grasp,3,48,9.487159331911243e-06,7.706201540713664e-05,0.00016670806508045644,3.121829195151804e-07,2.193280670326203e-05,8.12277023196279,17.57196807861328,0.6145556753156766,7.7035729191266e-06,0.00013536693586502224,0.0004304455651436001,0.09462179988622665,0.0045592160895466805,0.9984006637674525,0.9951726653696498,0.9188460841535058,2.9634147858509206,3.4733738190004186,0.0070181012663873025,0.0034689780088949973,0.002108227205339054,2.8990921408447214e-08,0.0004158313080412897,0.0,0.005457257085813494,1.2860125803182934,4.76837158203125e-07,4.478046375933076e-07,0.26984721422195435,libero_object_3,0.09641865987640193,0.17700182586361232,0.09641865987640193,1.5,0.09375,0.03125,0.08203125,-0.6365300984206912,-0.27337062256809336,40.855970435257575,0.003926414200326675,0.04670463429637549,11.894984052494944,0.005457257085813494,0.06342932286224269,0.041136584832635575,0.030626243031441167,0.289912594415198,0.7236328125,0.5529051514706527,0.289912594415198,0.7236328125,0.5529051514706527,0.2906679159990845,0.724609375,0.5553268328058636,0.8869749942778667,0.92431640625,0.8013803051976364,0.9169661249713893,0.9539388020833334,0.8878776665079363,0.8821469443808652,0.9400227864583334,0.8544904420987015,0.3780141336690318,0.7178548177083334,0.5111688122256854,0.4818830109864958,0.8211263020833334,0.6322393393243148,0.8576004234378576,0.90478515625,0.7511960499969956,0.0007748033313704107,0.00031004338710472254,0.0003930897273036556,0.0006609663096586471,0.00050402618130599,0.00014971448157789267,0.00029117500943544127,0.030248734988184145,64,36,False,0.06342932286224269,0.0015525104954975484,0.041136584832635575,0.003926414200326675,0.04670463429637549,11.894984052494944
libero_object_t00_ep003_s0064_manipulation,libero_object,0,manipulation,3,64,7.055070454953238e-06,7.249446389323566e-05,0.0002950458147097379,1.5052945911975257e-07,1.908262856886722e-05,10.275512392982355,41.82039260864258,0.6383415176266527,5.7287170420750044e-06,0.00023957720259204507,0.0007825823849998415,0.2083788961172104,0.003966744523495436,0.9980780785076676,0.9951125829709315,0.8908085851071945,2.9536907956322893,3.516429507779254,0.02497313823845184,0.02993063335933767,0.004903851455087843,3.957612203813668e-08,0.0007525881629901656,0.0,0.004034785546878148,6.189458633749299,5.960464477539062e-07,4.319687170184494e-07,0.36521926522254944,libero_object_3,0.022518024719615472,0.10698131223177108,0.022518024719615472,1.375,0.0859375,0.0390625,0.0859375,-0.6476946955825131,-0.22682965209430075,3.031859226106408,0.008655978541574601,0.03669417961706396,4.239171740181897,0.004034785546878148,0.06709568800668833,0.14739727819118906,0.07847453096387084,0.2897831311512932,0.74609375,0.5990693573885454,0.2897831311512932,0.74609375,0.5990693573885454,0.2906335831998169,0.74658203125,0.6017097120008684,0.8558115415426871,0.8872884114583334,0.7424891438890743,0.9019040398260472,0.9464518229166666,0.8910535859183508,0.8799782558937972,0.952392578125,0.8852239633752845,0.4679553387502861,0.707763671875,0.3798930018210983,0.5584265564202334,0.822998046875,0.5706755179314495,0.8335488670176242,0.8680013020833334,0.6553478365905911,0.001506937104686062,0.00036523136285941167,0.0014711482741382263,0.0015030550221079863,0.00015450187644062063,0.00012435586815798478,0.0015072920045330178,0.0873242169794881,64,34,False,0.06709568800668833,0.022130211970477962,0.14739727819118906,0.008655978541574601,0.03669417961706396,4.239171740181897
libero_object_t00_ep004_s0024_approach,libero_object,0,approach,4,24,5.457986389956204e-06,7.091506449796725e-05,0.00015825066657271236,2.666178886556736e-07,1.7858805222203955e-05,12.992898741643122,28.99433135986328,0.6526254946364112,4.431884917721618e-06,0.00012849953782279044,0.00042787412530742586,0.11906522512435913,0.003712346078827977,0.9986052300297551,0.9968542572671092,0.9275577935454337,2.9748970191725945,3.5508673134336686,0.005818441306042504,0.007578112758745369,0.0011555381102429233,2.5762792258241605e-08,0.0003233076330757666,0.0,0.004322006558934694,1.346236112024008,4.76837158203125e-07,3.3783296826683795e-07,0.15044549107551575,libero_object_4,-0.0157279983978027,-0.12018897204351027,-0.0157279983978027,1.1875,0.07421875,0.03125,0.125,-0.4987346932936599,-0.35323801213092243,21.053682977089338,0.004973361069462502,0.02662159958527143,5.3528386966982415,0.004322006558934694,0.05536429982728312,0.08771445622571075,0.04304539123796476,0.12542772945754177,0.53857421875,0.348214042799305,0.12542772945754177,0.53857421875,0.348214042799305,0.126572156099794,0.5391438802083334,0.3508433173550892,0.9150313286793317,0.943603515625,0.8445873385990847,0.9252746623941406,0.9540201822916666,0.8608268594734494,0.881536106660563,0.91943359375,0.7695388584108037,0.4172028782330053,0.7159016927083334,0.472655337161222,0.4247217612726024,0.7301432291666666,0.41071082816967247,0.8871952964065003,0.9280598958333334,0.811055808073814,0.0008670204673314452,0.00046093823364723577,0.0003879531206602373,0.0008185495112583352,0.0004892316534263505,5.536395985082055e-05,0.0,0.04949582712015338,64,30,False,0.05536429982728312,0.0026296729129653917,0.08771445622571075,0.004973361069462502,0.02662159958527143,5.3528386966982415
libero_object_t00_ep004_s0048_pre_grasp,libero_object,0,pre_grasp,4,48,8.339920896105468e-06,8.133071605698206e-05,0.00018097813881468028,2.8994739409426984e-07,2.0726121874758974e-05,9.751976915627754,21.70022201538086,0.6354867676467678,6.772015694878064e-06,0.00014695424761157483,0.0004950755974277854,0.10235545784235,0.004308380652219057,0.9985794804303044,0.9964165140764477,0.9162348840314335,2.9440588607836418,3.443495248417994,0.0070774383636615975,0.005688024698252022,0.0018622651232856958,3.020087452218334e-08,0.00030475360935467387,0.0,0.0045392612261365576,1.559160843819805,7.152557373046875e-07,3.3783296826683795e-07,0.21559034287929535,libero_object_4,0.10318722819867246,0.14493658866675574,0.10318722819867246,1.625,0.1015625,0.02734375,0.08984375,-0.633101110093843,-0.31729872396429387,34.0847350882041,0.0033652182545424415,0.03925043168138538,11.663561978009698,0.0045392612261365576,0.05969697510946392,0.07019938127774898,0.05216716580290657,0.30136472877088577,0.7294108072916666,0.5758221141009428,0.30136472877088577,0.7294108072916666,0.5758221141009428,0.3019576848249027,0.7300618489583334,0.5768389472256927,0.9010936427100023,0.9207356770833334,0.7678157296746946,0.9275420576791028,0.9520670572916666,0.889184749407634,0.9035055218585488,0.9444173177083334,0.8817613467281611,0.36585531586175324,0.7041829427083334,0.43246488771054586,0.48620679789425497,0.807861328125,0.6023867892861259,0.8725359063859006,0.9049479166666666,0.720037515144378,0.0034355455966718317,0.0055902623011318126,0.001061799768340832,0.0011631307128619017,0.0034585274055422897,0.0039070619033366345,0.002802807641011318,0.05080780942076508,64,34,False,0.05969697510946392,0.00175142846230521,0.07019938127774898,0.0033652182545424415,0.03925043168138538,11.663561978009698
libero_object_t00_ep004_s0064_manipulation,libero_object,0,manipulation,4,64,6.5071426433860324e-06,7.172427285695449e-05,0.00019628985319286585,7.340549501577698e-08,1.8398666725261137e-05,11.022391360954138,30.16529083251953,0.6544645186311329,5.283799964672653e-06,0.00015938736032694578,0.0005135025712661445,0.11246546357870102,0.003824567887932062,0.997475108720531,0.9958042458228428,0.9126015678644999,2.948203164074002,3.5089012771129493,0.02155755160997808,0.023605102582988646,0.004194669686655818,3.426081928004932e-08,0.0005059097602584229,0.0,0.0044796094686892305,4.812372989354804,4.76837158203125e-07,4.478046375933076e-07,0.3521483838558197,libero_object_4,0.05922264820325017,0.1139667777648411,0.05922264820325017,1.625,0.1015625,0.05078125,0.07421875,-0.6323336289768826,-0.2977368963149462,16.029800313978054,0.002947350103738173,0.03476754847498052,11.796205829393754,0.0044796094686892305,0.06546431141076947,0.16382125704212033,0.08289821037356136,0.2363026436255436,0.7159016927083334,0.5313422952468825,0.2363026436255436,0.7159016927083334,0.5313422952468825,0.23790555619134812,0.7167154947916666,0.5318738401783494,0.8848127431906615,0.918701171875,0.7905032529785984,0.9058172636758983,0.9442545572916666,0.8643856041115493,0.8799196040283818,0.9359537760416666,0.8516759975652506,0.47916714351110096,0.7166341145833334,0.38437628411813224,0.5275799668116273,0.7806803385416666,0.5071543169387794,0.8456261444266423,0.8876953125,0.6854559605747657,0.00037050921186715033,0.0005001347852553788,0.00036632372904816444,0.00044494360715883406,0.00010382724904047385,0.00011306034788711998,0.0004044761850923121,0.09395616548619884,64,32,False,0.06546431141076947,0.004083913122772714,0.16382125704212033,0.002947350103738173,0.03476754847498052,11.796205829393754
libero_object_t00_ep005_s0024_approach,libero_object,0,approach,5,24,5.70847714698175e-06,7.632133019797038e-05,0.0004364360647741705,2.3836598472826154e-07,2.0849434804404154e-05,13.369823200277478,76.45402526855469,0.7010711096474336,4.635283403331414e-06,0.00035438613849692047,0.001123415189795196,0.332643061876297,0.004334013909101486,0.998357747768368,0.9967827306019684,0.9249775883115893,2.941335100148792,3.5022517138061513,0.01894112380726781,0.022198964596715255,0.0035522671164984827,2.3750029990229816e-08,0.00042364995105637933,0.0,0.0041292704840248246,4.587038771266392,4.76837158203125e-07,3.3783296826683795e-07,0.16545212268829346,libero_object_5,0.045400120164797435,0.10423655862288794,0.045400120164797435,1.25,0.078125,0.02734375,0.11328125,-0.5166943236438545,-0.38654726482032503,15.91291908601168,0.010151690433246997,0.04044604382238029,3.9841683597756936,0.0041292704840248246,0.056211312101213516,0.10530001674222833,0.046335407588921226,0.21543402380407417,0.567626953125,0.4276452326162773,0.21543402380407417,0.567626953125,0.4276452326162773,0.21647187571526666,0.568359375,0.43176170171428263,0.8888075074387731,0.947998046875,0.8656316635407042,0.9072621023117419,0.9522298177083334,0.8665284476316156,0.8817106317235065,0.9278157552083334,0.8076183926206292,0.43092526894026095,0.7451171875,0.5242369325217965,0.48768453879606316,0.757568359375,0.5017823900656173,0.8617968928816663,0.9335123697916666,0.8311405269812655,0.0021519320910658043,0.0004332190144007736,0.001930167145910287,0.0020655033716021833,0.00022386118936919307,0.00010429013869480768,0.0,0.053461876911639,64,33,False,0.056211312101213516,0.003532432477705724,0.10530001674222833,0.010151690433246997,0.04044604382238029,3.9841683597756936
libero_object_t00_ep005_s0048_pre_grasp,libero_object,0,pre_grasp,5,48,8.523040378349833e-06,8.908716699806973e-05,0.00018095807172358036,2.7489730314300687e-07,2.2078684196458198e-05,10.45251025964494,21.23163414001465,0.6391794675234255,6.92070898367092e-06,0.00014693794946651906,0.0005152799421921372,0.10940397530794144,0.00458953995257616,0.9980451762417029,0.9960617418173495,0.9122460803387503,2.9516418256265897,3.515588842026487,0.00996875743815211,0.00440439922169917,0.0033235687742858558,2.7410520187146952e-08,0.0002966928038918325,0.0,0.005588652402594654,1.7837497700740694,4.76837158203125e-07,3.3783296826683795e-07,0.24953524768352509,libero_object_5,0.08532487411306935,0.17263129391821522,0.08532487411306935,1.625,0.1015625,0.0390625,0.08203125,-0.6437542915999085,-0.25133254177157244,17.602951897330545,0.003922476629516683,0.03427915648890591,8.739161434629043,0.005588652402594654,0.04876021866179045,0.027961770008701748,0.007615797803033062,0.291654983978027,0.6761067708333334,0.4874544530727327,0.291654983978027,0.6761067708333334,0.4874544530727327,0.2920283531700618,0.6763509114583334,0.48868561117915316,0.8903245880064088,0.9334309895833334,0.8232292661914519,0.9193737125200274,0.9490559895833334,0.8800381127447405,0.8855051213092241,0.9287923177083334,0.8409504644967714,0.4383533131151293,0.742919921875,0.5017895692972759,0.5218692778667887,0.81103515625,0.5843976524892933,0.858108262760357,0.91748046875,0.7736691505003904,0.0002892485075525217,0.0002673011454824563,0.0003445288796719394,0.00034058991553507335,6.171751461582373e-05,5.916068229883344e-05,0.0002782616059395312,0.013182779345241145,64,37,False,0.04876021866179045,0.002770002376787842,0.027961770008701748,0.003922476629516683,0.03427915648890591,8.739161434629043
libero_object_t00_ep005_s0064_manipulation,libero_object,0,manipulation,5,64,8.885095667210408e-06,8.954970689956099e-05,0.0002552688820287585,1.555745114956153e-07,2.2498050384456292e-05,10.078642960484443,28.730009078979492,0.6395729480439301,7.2146976890508085e-06,0.0002072783390758559,0.0007167523726820946,0.17979109287261963,0.004676714073866606,0.9976160162508583,0.9937635900663767,0.8751320859082933,2.973100102442765,3.492290387640545,0.03511047488027631,0.038297511253010265,0.005653709370612564,3.9039447773570484e-08,0.0005826086530100062,0.0,0.004593874239243876,7.642889868499162,5.960464477539062e-07,3.3783296826683795e-07,0.40396103262901306,libero_object_5,-0.03893267910276951,0.02134564202697018,-0.03893267910276951,1.125,0.0703125,0.0546875,0.09375,-0.6177421892881666,-0.23682121194781414,10.97914616421883,0.013734997794833063,0.04749266371682735,3.457784589866735,0.004593874239243876,0.058690614280570035,0.14185263616645077,0.08375925470116684,0.21013103685053788,0.6322428385416666,0.48028846579734796,0.21013103685053788,0.6322428385416666,0.48028846579734796,0.21157229915312428,0.6331380208333334,0.4820857183885173,0.8332663366903181,0.9102376302083334,0.7630461112333663,0.871913624399176,0.93798828125,0.834941095362642,0.8425805390249484,0.9269205729166666,0.8109553692008736,0.46129334515907533,0.7499186197916666,0.47455598340398714,0.5012960631723506,0.7818196614583334,0.5606860900528133,0.8061133840695811,0.8983561197916666,0.7360449763588762,0.0026205384929747348,0.0005176134454472264,0.0027028020913297955,0.0024233205635668365,0.0003787430045454248,0.00020371595844422647,0.002629179511754303,0.09489002685738973,64,26,False,0.058690614280570035,0.0053456446794351185,0.14185263616645077,0.013734997794833063,0.04749266371682735,3.457784589866735
libero_object_t00_ep006_s0024_approach,libero_object,0,approach,6,24,5.24689403391676e-06,7.286913751158863e-05,0.00015177529712673277,3.0056796163080435e-07,1.7982616554945707e-05,13.88805206290634,28.926692962646484,0.6624884301998589,4.260477908246685e-06,0.0001232415233971551,0.0004002791829407215,0.09498804807662964,0.0037380822468549013,0.9983649004348821,0.995659046692607,0.9208764877546348,2.927692037056568,3.560218867083253,0.006101458686037254,0.00470302272415168,0.0013450278053229517,2.76739848492918e-08,0.0003471753506384045,0.0,0.0048676572616612405,1.2534692477413538,3.5762786865234375e-07,3.3783296826683795e-07,0.18966293334960938,libero_object_6,0.03924310482948043,-0.05799371768135238,0.03924310482948043,1.4375,0.08984375,0.0234375,0.109375,-0.4777409018081941,-0.4232719157701991,18.95421587765224,0.009173109962362187,0.035646494787063054,3.885977049585444,0.0048676572616612405,0.0537717816638061,0.11296613340477109,0.055851941257243604,0.19047264820325016,0.6214192708333334,0.4854918727149875,0.19047264820325016,0.6214192708333334,0.4854918727149875,0.19055490386816204,0.621337890625,0.48546816346618094,0.8959351396200503,0.9453938802083334,0.8152657389583695,0.9107018196383612,0.9671223958333334,0.9029494840142269,0.8828665026321812,0.956298828125,0.8958950186019787,0.3567084859235523,0.7001139322916666,0.4158623696949878,0.4101918345159075,0.745361328125,0.4538522449863436,0.8489557106889448,0.9256184895833334,0.7415833342873719,0.0018094152071538255,0.00040465577157309304,0.0014074566410772215,0.001719324104442775,0.0004618637947611266,0.00018796473679869732,0.0,0.06255516665605905,64,32,False,0.0537717816638061,0.0028369299076145753,0.11296613340477109,0.009173109962362187,0.035646494787063054,3.885977049585444
libero_object_t00_ep006_s0048_pre_grasp,libero_object,0,pre_grasp,6,48,6.482739081548061e-06,7.919199379102793e-05,0.00015120486204978079,1.832014362435075e-07,1.8981032553710975e-05,12.215823094968227,23.3242244720459,0.6613586893355645,5.2639838941104244e-06,0.00012277835048735142,0.000397144554881379,0.08468317985534668,0.003945625387132168,0.9981038281071183,0.9959365701533531,0.9116962787060349,2.9479099771582726,3.45998121124738,0.008019070511833558,0.005232213022556239,0.002090951346649992,2.6140508095869546e-08,0.00040412400659917044,0.0,0.0040960702544170224,1.95774730747993,4.76837158203125e-07,3.3783296826683795e-07,0.22764913737773895,libero_object_6,0.13517252231631952,0.14257720404777066,0.13517252231631952,1.5,0.09375,0.02734375,0.078125,-0.5615465495536736,-0.35797665369649806,30.951509472154534,0.004032784980356694,0.03529267039095892,8.7514386615865,0.0040960702544170224,0.06777475535302224,0.07913728381794832,0.050599144288071815,0.30825632295719846,0.6863606770833334,0.4977179612185615,0.30825632295719846,0.6863606770833334,0.4977179612185615,0.3096646829938201,0.687744140625,0.5024032605862094,0.8798280498970016,0.93408203125,0.8310926242394421,0.9053680762188143,0.9512532552083334,0.8848810504999431,0.8826676585030899,0.9354654947916666,0.8437445275760288,0.34177014190890365,0.6890462239583334,0.4275715278611747,0.4379785133897917,0.7618815104166666,0.4963539568238383,0.8490601396200503,0.9132486979166666,0.7672731969306381,0.00041240405444146864,0.0002573148850515815,0.0007230174079881352,0.0006723658757215766,0.0003204408347179106,0.00026515531299369085,4.926382274390366e-05,0.0504216871485313,64,36,False,0.06777475535302224,0.002189707589397802,0.07913728381794832,0.004032784980356694,0.03529267039095892,8.7514386615865
libero_object_t00_ep006_s0064_manipulation,libero_object,0,manipulation,6,64,8.683068699610885e-06,8.700392208993435e-05,0.00026100166724063456,7.968693438442642e-08,2.2645726858172566e-05,10.01995090673799,30.05868911743164,0.6727545172523128,7.0506521296920255e-06,0.00021193335123825818,0.0006961475592106581,0.16019093990325928,0.0047074127942323685,0.9984864957656214,0.9958671892881666,0.9116710059510185,2.96246016814039,3.5208424806669827,0.018199866651005085,0.017117664123870734,0.003155928647813541,3.110434156699363e-08,0.0002564655629919707,0.0,0.004298538311887087,4.233966369608841,4.76837158203125e-07,3.3783296826683795e-07,0.39237648248672485,libero_object_6,0.014249542229343099,0.06495319937615941,0.014249542229343099,1.625,0.1015625,0.04296875,0.1015625,-0.6157594701304646,-0.2949266136415656,19.77915648753146,0.0061287697270723425,0.036828848162292746,6.009174728756786,0.004298538311887087,0.06646836991347989,0.15704693854594842,0.08382458761222324,0.23853141451132984,0.6644694010416666,0.4408335354842929,0.23853141451132984,0.6644694010416666,0.4408335354842929,0.23927529182879378,0.6650390625,0.44188152939398384,0.8672050240329595,0.9198404947916666,0.7709069910484047,0.899248970016022,0.9427083333333334,0.8477614020623401,0.8785069523918517,0.9274088541666666,0.8168670977850861,0.4586475738155184,0.744140625,0.4956258443973726,0.5165162222476539,0.78857421875,0.576204174461028,0.8314273861295491,0.90234375,0.7295944595373021,0.000713037569094278,0.0003780473777772221,0.0006660856454303177,0.0005897948433620481,0.0004210429067749043,0.00015012968544112157,0.0007145677990837079,0.09576443270164114,64,36,False,0.06646836991347989,0.0033605260171606474,0.15704693854594842,0.0061287697270723425,0.036828848162292746,6.009174728756786
libero_object_t00_ep007_s0024_approach,libero_object,0,approach,7,24,6.647755981248338e-06,7.966891280375421e-05,0.0002474610519129783,3.435056612488552e-07,2.045221481239423e-05,11.984331709599502,37.22475051879883,0.6701681440747995,5.397977929533226e-06,0.0002009383897529915,0.0006476384587585926,0.1750212460756302,0.004251442849636078,0.9980566205081254,0.9955431734950789,0.9245741779201954,2.964820828107392,3.5053147258204693,0.008425009218474527,0.014109618351488416,0.0019136240034713543,3.065896779638878e-08,0.0002671821928844323,0.0,0.00474458530265319,1.7757103479124363,4.76837158203125e-07,4.319687170184494e-07,0.17345097661018372,libero_object_7,-0.007547493705653468,-0.1259142978281506,-0.007547493705653468,1.0625,0.06640625,0.0234375,0.125,-0.5144405184252689,-0.35552471961547266,20.43168335934666,0.0036229558470171758,0.03323490880380025,9.173423637266504,0.00474458530265319,0.056505295418899676,0.09998871020714593,0.050325849872233985,0.17061756122682536,0.57373046875,0.3710274776644095,0.17061756122682536,0.57373046875,0.3710274776644095,0.1716132124055848,0.57421875,0.37169421328383456,0.8776965552758068,0.919921875,0.7716338046071923,0.8991659990844587,0.9441731770833334,0.8663385871507491,0.8686655985351339,0.9247233072916666,0.8330594230284059,0.3827985523002975,0.7188313802083334,0.44869207043281933,0.4421520943007553,0.74658203125,0.4702417226498556,0.8375829709315633,0.907958984375,0.7157999927180274,0.0004827964785877586,0.0005633960672980736,0.0005622537584229671,0.00047662283630899347,0.00042479758713403023,0.0001365611390953914,0.0,0.05695544827227518,64,27,False,0.056505295418899676,0.002765572179914335,0.09998871020714593,0.0036229558470171758,0.03323490880380025,9.173423637266504
libero_object_t00_ep007_s0048_pre_grasp,libero_object,0,pre_grasp,7,48,8.035853170440532e-06,8.170737055479549e-05,0.00020576298993546516,2.1597286092855938e-07,2.0709065211121924e-05,10.167852600312782,25.60561752319336,0.6422583662683875,6.525112439703662e-06,0.00016707954637240618,0.000552841171156615,0.12297604233026505,0.004304834641516209,0.998547293430991,0.9960281242847333,0.922396190966659,2.964130675106029,3.510493409923588,0.008922468366670974,0.0056179260894928,0.002274408170113336,2.9512735548699346e-08,0.0004470051817070912,0.0,0.004968660772067142,1.7957491517294522,4.76837158203125e-07,3.3783296826683795e-07,0.23869727551937103,libero_object_7,0.13555232890821697,0.2430710843259753,0.13555232890821697,1.625,0.1015625,0.015625,0.08984375,-0.6087727454795148,-0.33646429388876176,58.69249773830465,0.005558714721364688,0.04112236065478113,7.397818149711669,0.004968660772067142,0.06161539949539256,0.06735990446021535,0.043971241151108544,0.29683208400091554,0.7390950520833334,0.6049481451865298,0.29683208400091554,0.7390950520833334,0.6049481451865298,0.29746080338750286,0.739990234375,0.607148359846295,0.8956833657587548,0.9315592447916666,0.7961754063931976,0.9147538052185855,0.9583333333333334,0.9051296018370393,0.8856116960402838,0.94580078125,0.8875502018671138,0.3701991302357519,0.6966959635416666,0.47288577393707093,0.45889362554360263,0.79541015625,0.6301959421668241,0.867297293430991,0.90771484375,0.740979412658268,0.0008393273714470967,0.00021213463140114697,0.0006049757551721903,0.0005768126032918986,0.00025998632256703144,0.0002647975274406913,0.00020227950177345274,0.0440691976081087,64,38,False,0.06161539949539256,0.001049800259965725,0.06735990446021535,0.005558714721364688,0.04112236065478113,7.397818149711669
libero_object_t00_ep007_s0064_manipulation,libero_object,0,manipulation,7,64,5.680772574123694e-06,5.957116445642896e-05,0.0002142575103789568,8.407627660744765e-08,1.625605727895163e-05,10.486454734656986,37.71626281738281,0.6617105362348374,4.6127870518830605e-06,0.00017397709598299116,0.0005831196322105825,0.1338241845369339,0.0033791791647672653,0.9983684767681391,0.9954823758297093,0.9031385900663768,2.9537392561360383,3.48526233321079,0.016092039713101285,0.016690610705471575,0.0027282182148349187,4.469326142473719e-08,0.0003401170421754389,0.0,0.004220132815504842,3.8131595417989805,3.5762786865234375e-07,3.219970476919798e-07,0.38776832818984985,libero_object_7,0.009300612268253605,0.1463483793962854,0.009300612268253605,1.375,0.0859375,0.046875,0.09375,-0.6855315861753262,-0.25328808079652093,15.9051689316722,0.0031855484717831796,0.032367050780893435,10.160589633965067,0.004220132815504842,0.06396094713711108,0.1626037920273454,0.08486286242290447,0.24179016937514305,0.7202962239583334,0.5416678385654694,0.24179016937514305,0.7202962239583334,0.5416678385654694,0.2429825188830396,0.7213541666666666,0.5434246477243603,0.8639863241016251,0.8893229166666666,0.7548618379542575,0.9016994735637446,0.9305013020833334,0.8481273834654367,0.8825460631723506,0.9330240885416666,0.8395735639057632,0.526084344243534,0.7803548177083334,0.5478678789202716,0.5628976882581826,0.8465169270833334,0.691384106316161,0.8489871824216068,0.895751953125,0.7428037766890823,0.00038363185033350717,0.00029930476725819434,0.00033590596255905894,0.0004443918835055917,0.00011620456512256764,0.0002296199439776076,0.0003839448670214573,0.09735324202351171,64,32,False,0.06396094713711108,0.004021393749025198,0.1626037920273454,0.0031855484717831796,0.032367050780893435,10.160589633965067
libero_object_t00_ep008_s0024_approach,libero_object,0,approach,8,24,5.327302460500505e-06,7.235713565023616e-05,0.0003560139157343656,2.9737205409219314e-07,1.8379181710770354e-05,13.582321669687616,66.82817840576172,0.6934692724042949,4.3257696233922616e-06,0.00028908331296406686,0.0009870805079117417,0.2518422603607178,0.0038205168675631285,0.9986867704280156,0.9965631437399862,0.9151152532997635,2.9590277950332564,3.566805513196064,0.02992565861835124,0.03355831934215334,0.0036012211683375144,2.490557269932617e-08,0.00044732608410864795,0.0,0.005009530396662027,5.973745291233573,2.384185791015625e-07,3.219970476919798e-07,0.17220847308635712,libero_object_8,0.040077821011673155,-0.00046379632497681254,0.040077821011673155,1.375,0.0859375,0.015625,0.11328125,-0.5499477855344472,-0.3563501373311971,16.05559010499315,0.010719044902105736,0.044854269178842,4.184539722380532,0.005009530396662027,0.059298383746828755,0.11503173441977292,0.049606271760408216,0.24590009155413137,0.62890625,0.49894347368105973,0.24590009155413137,0.62890625,0.49894347368105973,0.24778624971389335,0.6302897135416666,0.5022918494774123,0.9003075646601053,0.932861328125,0.8051983603356091,0.92748984321355,0.9586588541666666,0.9112089752492382,0.9073643854428931,0.9471028645833334,0.8733641464002635,0.37388060769054704,0.7290852864583334,0.47168763780641676,0.4557528896772717,0.7794596354166666,0.5495566258258974,0.8533388647287709,0.9178873697916666,0.7780164865000024,0.0022345093427136933,0.00048235172120911175,0.001848124075818005,0.002003504590957273,0.00040785534456407973,0.00023176722028716364,0.0,0.05802506160066972,64,35,False,0.059298383746828755,0.003693316978463577,0.11503173441977292,0.010719044902105736,0.044854269178842,4.184539722380532
libero_object_t00_ep008_s0040_pre_grasp,libero_object,0,pre_grasp,8,40,5.869887900189497e-06,7.400380854960531e-05,0.000136949893203564,2.6631926175468834e-07,1.7693757399683818e-05,12.60736317421262,23.330921173095703,0.659900908668159,4.766348865814507e-06,0.00011120332783320919,0.0003999630862381309,0.084547258913517,0.003678036853671074,0.9981374456397345,0.9963550011444267,0.9048583295185778,2.934820784926365,3.512504528343309,0.010700710457008192,0.009466704246375563,0.0020800810345178986,3.0046882517636994e-08,0.0004111033971763834,0.0,0.003775547967787103,2.8342138805562618,4.76837158203125e-07,3.3783296826683795e-07,0.22314909100532532,libero_object_8,0.16268453879606318,0.15607633726286893,0.16268453879606318,1.875,0.1171875,0.015625,0.05859375,-0.6142202162966354,-0.32273689631494623,11.192476705324708,0.002968049016417754,0.038328377729272264,12.91366062934236,0.003775547967787103,0.07147320169243815,0.11369480532730405,0.07064397584344755,0.3458471618219272,0.6968587239583334,0.5251178440694669,0.3458471618219272,0.6968587239583334,0.5251178440694669,0.3469393739986267,0.6975911458333334,0.5261893935846206,0.8901050011444266,0.9263509114583334,0.8542709090018429,0.9152745193408103,0.9449055989583334,0.8781264938849014,0.8945160505836576,0.93408203125,0.8367443072154337,0.39340953307392995,0.7355143229166666,0.5017554984765655,0.4984385728999771,0.7938639322916666,0.5696793186476508,0.843777895399405,0.9004720052083334,0.815384844941206,0.0001783053297830084,0.00023653986865980546,0.0001862277018565545,0.0001689253276405227,0.0001699490400810465,4.896899532312926e-05,3.164585037819991e-05,0.07224098446244498,64,36,False,0.07147320169243815,0.006385825323579019,0.11369480532730405,0.002968049016417754,0.038328377729272264,12.91366062934236
libero_object_t00_ep008_s0056_manipulation,libero_object,0,manipulation,8,56,7.68191421229858e-06,7.185441063484177e-05,0.00035009579733014107,5.928062662974298e-08,1.7538746760692447e-05,9.353711672515738,45.574031829833984,0.6629602404677372,6.237715297174873e-06,0.0002842778048943728,0.0008994995732791722,0.18708114326000214,0.0036458144895732403,0.9982289997711147,0.9951891165026322,0.9063863775082016,2.9444149411671603,3.604648963979275,0.009215155672725447,0.009440743114544787,0.0017675503284298047,3.2920639295379885e-08,0.0005090824229784037,0.0,0.00379760920419508,2.4265676580270035,3.5762786865234375e-07,3.3783296826683795e-07,0.3910420536994934,libero_object_8,0.02338421263447013,0.12653320719250874,0.02338421263447013,1.375,0.0859375,0.0625,0.0859375,-0.6291528381780728,-0.23614814602883955,14.844238504369653,0.007403113098370783,0.034202461237610636,4.620010633788323,0.00379760920419508,0.05739882317667121,0.16027807218255308,0.07879235594814374,0.20014591439688717,0.6624348958333334,0.47389345654834225,0.20014591439688717,0.6624348958333334,0.47389345654834225,0.2005049782558938,0.662841796875,0.47368452766591074,0.8837705996795605,0.9312337239583334,0.8348461395506837,0.9026350423437858,0.955322265625,0.8968140424787888,0.8713800354772259,0.938720703125,0.8568612619962414,0.4690861753261616,0.7506510416666666,0.49438935769227926,0.5103656443121996,0.810302734375,0.5937006370742298,0.8486181048294804,0.9095052083333334,0.7830131605641609,0.0007685569943004155,0.0003067400636308448,0.0007799497284113141,0.0007659045319372377,0.0001055315368100178,0.00012269962356802655,0.00076803475406906,0.09101771479867529,64,31,False,0.05739882317667121,0.003866740831788947,0.16027807218255308,0.007403113098370783,0.034202461237610636,4.620010633788323
libero_object_t00_ep009_s0024_approach,libero_object,0,approach,9,24,6.024399226589594e-06,6.26033179287333e-05,0.00019401258032303303,2.80582327150114e-07,1.769909795257263e-05,10.391628372240692,32.2044677734375,0.6623581428316313,4.89181229568203e-06,0.00015753821935504675,0.0004917000769637525,0.13449294865131378,0.0036791469901800156,0.9985658903639276,0.9963228141451133,0.9103444247348745,2.9221757023221047,3.5329932311533687,0.004434545620812673,0.006874164227519178,0.0007889176223638244,2.7870018388423776e-08,0.0003461645933699066,0.0,0.0046573932808014525,0.952151848351009,4.76837158203125e-07,4.319687170184494e-07,0.14019927382469177,libero_object_9,-0.032327191577019916,-0.10523851151528854,-0.032327191577019916,1.0625,0.06640625,0.03125,0.12109375,-0.5513869020370794,-0.2964823186083772,14.347059119291638,0.0035245606868775027,0.023846391487200476,6.7657769593766295,0.0046573932808014525,0.055145432604579,0.11464198505116792,0.055663762695630135,0.12642409590295262,0.5721028645833334,0.361960220454075,0.12642409590295262,0.5721028645833334,0.361960220454075,0.12715795948729686,0.5724283854166666,0.3654338951875443,0.8832899404898146,0.9315592447916666,0.8098053186875875,0.9014569981689173,0.9561360677083334,0.8826361044535389,0.8606124113069352,0.9327799479166666,0.8231968856210091,0.4493512531471733,0.7080891927083334,0.4163656825380257,0.46269955939574275,0.7211100260416666,0.4272426781488482,0.8463707370107576,0.9015299479166666,0.7140752611406208,0.00064044094127625,0.0005497497470442042,0.0002833528047737549,0.0005608438787698399,0.0005209368009926616,0.00017343721808911106,0.0,0.05979059875314473,64,28,False,0.055145432604579,0.003843675000837701,0.11464198505116792,0.0035245606868775027,0.023846391487200476,6.7657769593766295
libero_object_t00_ep009_s0048_pre_grasp,libero_object,0,pre_grasp,9,48,8.534361768397503e-06,8.48936069814954e-05,0.00014272502448875457,2.9313602567526686e-07,2.082690662064124e-05,9.947270725721284,16.723573684692383,0.6348176262015891,6.929902156116441e-06,0.00011589271161938086,0.00043575550080277026,0.09825387597084045,0.004329330287873745,0.9982869363698786,0.9958400091554132,0.9093039501792934,2.932056418238006,3.5260949724064634,0.007502368506363635,0.00462579164014692,0.0017718833408526152,2.9139332107707185e-08,0.000275810343286578,0.0,0.0042280646245710166,1.7744214368825624,4.76837158203125e-07,3.3783296826683795e-07,0.23908475041389465,libero_object_9,0.09018725680933852,0.12000450166719422,0.09018725680933852,1.5625,0.09765625,0.02734375,0.07421875,-0.6282837891966125,-0.2922429331654841,40.1413014310132,0.003187950916527093,0.03615318859848922,11.340572532363193,0.0042280646245710166,0.05948061352812315,0.07140196517008027,0.06241398594048254,0.30912751773861297,0.7549641927083334,0.6293252828361457,0.30912751773861297,0.7549641927083334,0.6293252828361457,0.30979128519111926,0.7557779947916666,0.634123716415913,0.8891694323643854,0.9253743489583334,0.792666382225898,0.9226746681162737,0.9656575520833334,0.91396432900713,0.8907601853971161,0.96240234375,0.9088268515700494,0.3214966239414054,0.6494140625,0.3460495400121622,0.45266937514305333,0.7893880208333334,0.5143037267617288,0.8542644197756923,0.8912760416666666,0.6817333235626497,0.0002457408815365167,0.0003331006710504051,0.0003872023437767308,0.00024975565766680285,0.0002912880863794398,0.00018583060173413136,0.00013308436145494177,0.0671191578361704,64,37,False,0.05948061352812315,0.00148178088290377,0.07140196517008027,0.003187950916527093,0.03615318859848922,11.340572532363193
libero_object_t00_ep009_s0064_manipulation,libero_object,0,manipulation,9,64,5.412602149590384e-06,6.588947508134879e-05,0.00019587510905694216,6.773123573111661e-08,1.5348981833085418e-05,12.173345326394475,36.18871307373047,0.6583205322812925,4.395033101900481e-06,0.0001590505853528157,0.0005543372826650739,0.12852458655834198,0.0031906235963106155,0.9980358777752346,0.9939538509956511,0.9010538261997406,2.941043605114032,3.5630150568622905,0.013853391691787186,0.015380535650804463,0.002451694946944386,3.533244059790857e-08,0.0003477002227393482,0.0,0.0036907147183645435,3.7535796583936465,7.152557373046875e-07,3.3783296826683795e-07,0.38343629240989685,libero_object_9,0.05761830510414283,0.1338915936469106,0.05761830510414283,1.4375,0.08984375,0.04296875,0.078125,-0.6899383440146487,-0.21157229915312428,10.89989663590728,0.0023735094482061356,0.02721524857274435,11.466248256695689,0.0036907147183645435,0.06288323788522449,0.1568389340965706,0.08377193646890987,0.2824580853742275,0.7245279947916666,0.5563489667692746,0.2824580853742275,0.7245279947916666,0.5563489667692746,0.28348949988555733,0.7252604166666666,0.5579262117743871,0.877695124742504,0.904052734375,0.7468791892424267,0.9113169489585717,0.93798828125,0.8440012778062039,0.888542143511101,0.9330240885416666,0.8540002624773558,0.5339880407415885,0.7427571614583334,0.43472774663888064,0.5906371595330739,0.8121744791666666,0.5720053243994614,0.8482855058365759,0.882080078125,0.6587602784819068,0.0003795936090479028,0.0003990275334716431,0.00029129345010516357,0.0003683484465545749,0.0001999078177310059,0.0002773737247377673,0.00037883349413493026,0.09647176878818742,64,31,False,0.06288323788522449,0.005769159033439433,0.1568389340965706,0.0023735094482061356,0.02721524857274435,11.466248256695689
libero_spatial_t02_ep000_s0024_approach,libero_spatial,2,approach,0,24,7.741161425656173e-06,8.404956861340906e-05,0.00014616991393268108,1.087296013224659e-07,2.0249261069693603e-05,10.857488171587207,18.88216781616211,0.6497509391158449,6.285823474172503e-06,0.00011868996807606891,0.00046552237472496927,0.09504953771829605,0.004209253937005997,0.9985444323643854,0.9964408331425956,0.9257712958724346,2.929196974325232,3.4674177130125523,0.037192891362937505,0.03871940613793194,0.003976888525655133,3.934080071913963e-08,0.000401531225515384,0.0,0.004271670067079784,8.70687360654786,4.76837158203125e-07,3.3783296826683795e-07,0.23122844099998474,libero_spatial_0,0.08833614671549554,0.023137060300869303,0.08833614671549554,1.125,0.0703125,0.03515625,0.0703125,-0.5086604486152437,-0.4083915083543145,18.79032782935396,0.005564785427439824,0.04740834662313961,8.51934854295912,0.004271670067079784,0.10431162022040386,0.18175612020243032,0.07474720549783082,0.2450145914396887,0.599853515625,0.35297716979885174,0.2450145914396887,0.599853515625,0.35297716979885174,0.24802657930876632,0.6012369791666666,0.35541526635546233,0.8562142366674296,0.8949381510416666,0.76512979292612,0.8701276035706111,0.9049479166666666,0.7813360348131985,0.8492353799496453,0.8938802083333334,0.7450319879672848,0.21942878805218585,0.6595052083333334,0.4289181823447991,0.33506523231860835,0.7023111979166666,0.45063545590089193,0.8082949473563744,0.8777669270833334,0.7330399856609678,0.0005666497400049487,0.0003328092047066154,0.0003733779112155004,0.0005250766387587309,0.0004692222172168169,0.000283720240566812,0.0,0.08620142820023606,64,26,False,0.10431162022040386,0.005551346462652566,0.18175612020243032,0.005564785427439824,0.04740834662313961,8.51934854295912
libero_spatial_t02_ep000_s0040_pre_grasp,libero_spatial,2,pre_grasp,0,40,8.129141860990785e-06,5.6756122830847744e-05,9.94698129943572e-05,1.6529162394363084e-07,1.544476253911853e-05,6.981809863991016,12.236201286315918,0.5874107208811447,6.600862434424926e-06,8.076948142843321e-05,0.0003252923779655248,0.07025288790464401,0.0032105338759720325,0.9980423151750972,0.9952141508354314,0.8886482413977265,2.9351466831026727,3.501512096821985,0.004804965697152498,0.004022663230882501,0.0008559918999915427,2.4948756827223436e-08,0.0005884068836096335,0.0,0.06822394841886142,0.07042931123910297,4.76837158203125e-07,4.319687170184494e-07,0.19776204228401184,libero_spatial_0,0.08366259441519798,0.07417160654635614,0.08366259441519798,1.5,0.09375,0.04296875,0.06640625,-0.5696140421149004,-0.3188351167315175,37.948105709734186,0.0036934946366024165,0.04080617413379995,11.048120587319131,0.06822394841886142,0.07955305263050783,0.07298015347629758,0.03785421539574455,0.2832598992904555,0.6947428385416666,0.4137130036162484,0.2832598992904555,0.6947428385416666,0.4137130036162484,0.28591568436713205,0.6966145833333334,0.4180813301702321,0.8188637273975738,0.8860677083333334,0.7520910433450239,0.8441391050583658,0.9126790364583334,0.8152037403206628,0.8204737926298924,0.9095052083333334,0.8014122080029017,0.20227740901808194,0.6092936197916666,0.38238535306838917,0.30243834401464864,0.6837565104166666,0.4934336313671103,0.7716282330052644,0.8511555989583334,0.6976890692915323,0.00024780985026424664,0.0008619225413970503,0.00023704880901965534,0.00021245752781376436,0.00012434190127799539,0.00020267305694108935,6.21521005305203e-05,0.03661540852697971,64,31,False,0.07955305263050783,0.002096364251367815,0.07298015347629758,0.0036934946366024165,0.04080617413379995,11.048120587319131
libero_spatial_t02_ep000_s0064_manipulation,libero_spatial,2,manipulation,0,64,9.753341146279126e-06,6.363537431752775e-05,0.00013527041301131248,1.9420765795530315e-07,1.8274111425853334e-05,6.524469242194453,13.869135856628418,0.593750534810773,7.919712516013533e-06,0.00010983958054566756,0.0004113710019737482,0.07790929824113846,0.0037986761890351772,0.9983455882352941,0.9959301327534905,0.8840700579842832,2.9632335692579264,3.495874256561827,0.015680961058922444,0.014108678495615156,0.0034659890839507375,3.9630484062934456e-08,0.0006124950585525119,0.0,0.004542658659631552,3.451934700326857,4.76837158203125e-07,3.3783296826683795e-07,0.4782729744911194,libero_spatial_0,0.09211132410162509,-0.025798979899380965,0.09211132410162509,1.125,0.0703125,0.03125,0.0546875,-0.5972605287251087,-0.32574387731746396,13.723590864643496,0.007265980140206825,0.04309639802924826,5.931257338672209,0.004542658659631552,0.10064158535596252,0.2525586357014351,0.09192663779124974,0.3038846131837949,0.6028645833333334,0.3426080259597263,0.3038846131837949,0.6028645833333334,0.3426080259597263,0.30630865186541545,0.6044108072916666,0.3446504404151629,0.8285806248569467,0.8948567708333334,0.7200917599229103,0.8631408789196613,0.9046223958333334,0.7411020998132228,0.8484457255664912,0.8836263020833334,0.6828202529820596,0.2493641279468986,0.6866861979166666,0.40409274813883744,0.3901028553444724,0.7279459635416666,0.43750893393684076,0.7736810482948043,0.8770345052083334,0.71210451032777,0.0008720625098145013,0.0005454335752304768,0.0004214661090843324,0.0006352623033695258,0.0007310905271437559,0.0003120384435925547,0.000904611569541056,0.10342344356021467,64,28,False,0.10064158535596252,0.007333473178045954,0.2525586357014351,0.007265980140206825,0.04309639802924826,5.931257338672209
libero_spatial_t02_ep001_s0016_approach,libero_spatial,2,approach,1,16,6.733895133947954e-06,8.236898793256842e-05,0.00020148658950347453,1.2661442383432586e-07,1.955295738298446e-05,12.231997424093692,29.921255111694336,0.6603145738279049,5.467923074320424e-06,0.00016360711015295237,0.0005576445837505162,0.12463752180337906,0.004064512439072132,0.9984063859006638,0.9966103513389791,0.9178971637293049,2.9371755234548576,3.48028864235601,0.056693924332050886,0.060648645519858914,0.005136017803377881,2.4964272417739956e-08,0.0003436549853922032,0.0,0.004530450933376629,12.513969396374382,3.5762786865234375e-07,3.219970476919798e-07,0.2159336507320404,libero_spatial_1,0.11363298237582971,0.06134930552102253,0.11363298237582971,0.875,0.0546875,0.0390625,0.07421875,-0.5247410734721905,-0.36707269970244905,13.40576537436122,0.0067984359299206945,0.047715791142650996,7.01864246931391,0.004530450933376629,0.09325901065899701,0.19639886015503186,0.07820527089038114,0.2626773861295491,0.59619140625,0.3266802129567883,0.2626773861295491,0.59619140625,0.3266802129567883,0.2670004577706569,0.5989583333333334,0.3328119577327061,0.8356066891737239,0.8834635416666666,0.7546740994857939,0.8525384813458458,0.8898111979166666,0.7595195878850396,0.8376523517967498,0.8761393229166666,0.711844819438334,0.2457241359578851,0.649658203125,0.3684480521743617,0.34141680018310827,0.6722819010416666,0.4022790772902344,0.7706583314259556,0.8534342447916666,0.6663059216885987,0.0012620334625765225,0.0006156736058176641,0.0005864114782366395,0.0007119081649454429,0.0007137061531472224,0.0005787751027303624,0.0,0.08866078560862561,64,21,False,0.09325901065899701,0.00695663460570726,0.19639886015503186,0.0067984359299206945,0.047715791142650996,7.01864246931391
libero_spatial_t02_ep001_s0032_pre_grasp,libero_spatial,2,pre_grasp,1,32,1.0123210813617334e-05,7.712164006079547e-05,0.00016869528917595744,2.451755278798373e-07,2.1176490918151103e-05,7.618298332487017,16.664207458496094,0.604177740571767,8.220046765927691e-06,0.00013698058319278061,0.0005300103221088648,0.10599297285079956,0.0044019995257258415,0.9975952735179675,0.9944774261844815,0.8744678416113527,2.9927705045209687,3.5642399440254864,0.004022241092137245,0.005768990934036337,0.0015348205439987186,3.5487065256891014e-08,0.0004146748585384842,0.0,0.0039232103712727,1.0252422662801075,4.76837158203125e-07,3.3783296826683795e-07,0.22636310756206512,libero_spatial_1,0.05381809338521401,0.021739362629785576,0.05381809338521401,1.1875,0.07421875,0.05859375,0.0546875,-0.5128161478599221,-0.4222691119249256,35.09550998548354,0.005457843310712939,0.05617858637702865,10.293184171622954,0.0039232103712727,0.08624815678710762,0.12299255880546078,0.06328119205606296,0.24280370222018768,0.6416829427083334,0.3689377572296839,0.24280370222018768,0.6416829427083334,0.3689377572296839,0.246294203479057,0.6436360677083334,0.3723737352412588,0.7734757667658503,0.8938802083333334,0.7892727766832766,0.798687485694667,0.9073079427083334,0.8219144919494469,0.7877918287937743,0.9007161458333334,0.7940169363748143,0.13149462119478142,0.62646484375,0.3461437968908837,0.24414625772487983,0.6859537760416666,0.382558619941884,0.697131065461204,0.8584798177083334,0.7403577017564994,0.0007894049352970504,0.0003853065694964506,0.0006168557455609805,0.000817232600378351,0.00018452889786369736,0.0001902171396114155,0.0,0.0681238186608688,64,28,False,0.08624815678710762,0.002457526803525016,0.12299255880546078,0.005457843310712939,0.05617858637702865,10.293184171622954
libero_spatial_t02_ep001_s0056_manipulation,libero_spatial,2,manipulation,1,56,7.680320777581073e-06,6.450114778999705e-05,0.00019327086920384318,1.8502203147363616e-07,1.747704482113477e-05,8.398236175014524,25.164426803588867,0.6491608199861769,6.236419721972197e-06,0.00015693595923949033,0.000510964950080961,0.11972685903310776,0.0036329880822449923,0.9980816548409247,0.9962233920805676,0.9003855287251087,2.921657281529317,3.5009719383617783,0.014274897987741524,0.009009227172887494,0.002912868807009794,4.1447591651395356e-08,0.0003818468196369496,0.0,0.004308903232001944,3.312884327901074,5.960464477539062e-07,3.3783296826683795e-07,0.49943089485168457,libero_spatial_1,0.025645885786221102,-0.005144002354423168,0.025645885786221102,0.8125,0.05078125,0.0546875,0.06640625,-0.5206111238269627,-0.38902924010070955,14.21583952532845,0.006299678218874043,0.04684104270388932,7.435465920076999,0.004308903232001944,0.10496904136838882,0.2084860469505887,0.08720544013779213,0.2726825360494392,0.612060546875,0.3853247746595247,0.2726825360494392,0.612060546875,0.3853247746595247,0.2762223907072557,0.6142578125,0.38771931125731257,0.8227125772487983,0.8990885416666666,0.7504251386504164,0.8559388590066377,0.9149576822916666,0.8002157440238041,0.849124513618677,0.908203125,0.7906926579720744,0.22364027809567408,0.64599609375,0.36008781599574624,0.3347412165255207,0.6917317708333334,0.4333074095361954,0.7361266880292974,0.862060546875,0.6668746711734481,0.0007794142328835799,0.0006022645234890547,0.00026049409818601076,0.0006852938552449422,0.0007271701950454316,0.00012961634308831371,0.000765300556703282,0.10004342219338395,64,18,False,0.10496904136838882,0.007383949509864777,0.2084860469505887,0.006299678218874043,0.04684104270388932,7.435465920076999
libero_spatial_t02_ep002_s0016_approach,libero_spatial,2,approach,2,16,6.953382580832113e-06,6.400008896889631e-05,0.00012576847802847624,1.325068978985655e-07,1.748968497850001e-05,9.204166206145585,18.08738136291504,0.632644955454549,5.646146746585146e-06,0.00010212400229647756,0.00035929997102357447,0.08242861181497574,0.003635615576058626,0.9978813801785306,0.9957477397573815,0.9023260471503777,2.91779122485561,3.498423675141826,0.04610460710149463,0.04781177440087407,0.00518452671463968,3.1204022078961285e-08,0.00043191477787808853,0.0,0.004530577483201557,10.17632018709336,4.76837158203125e-07,3.3783296826683795e-07,0.20222456753253937,libero_spatial_2,0.07989027809567406,0.03742054835004155,0.07989027809567406,1.25,0.078125,0.0390625,0.09375,-0.5033195525291829,-0.4125472075989929,10.328648209865184,0.008661610162242183,0.04295682206164306,4.959449947181999,0.004530577483201557,0.08620317003583677,0.1719233735979332,0.06932335328849074,0.22027709430075532,0.5765787760416666,0.3427869978381819,0.22027709430075532,0.5765787760416666,0.3427869978381819,0.22206168459601738,0.577880859375,0.3451602475246053,0.8683837834744793,0.9070638020833334,0.781577980475373,0.8778996910048066,0.9134928385416666,0.8081487456658355,0.8430268654154268,0.8863932291666666,0.7515816136395307,0.23979815175097277,0.636962890625,0.39487587985883293,0.3203836690318151,0.6627604166666666,0.40755912175646375,0.811261158159762,0.880615234375,0.7448472207870197,0.0014224435882996035,0.00041073703273218783,0.001523009453550676,0.0013514637784194183,0.0003769017514121343,0.0001472384215941123,0.0,0.07905674771438857,64,26,False,0.08620317003583677,0.008346026360849473,0.1719233735979332,0.008661610162242183,0.04295682206164306,4.959449947181999
libero_spatial_t02_ep002_s0032_pre_grasp,libero_spatial,2,pre_grasp,2,32,1.0275978638674133e-05,7.932226617413107e-05,0.00014962056593503803,2.60513246530536e-07,2.000754466280341e-05,7.71919336963177,14.560225486755371,0.6109218986558751,8.344094567291904e-06,0.00012149190297350287,0.0004561948589980602,0.11323525756597519,0.004159008152782917,0.9980537594415197,0.994543230716411,0.8830875200274662,2.9248227892170693,3.452130466208551,0.006520121636048152,0.0054583273791434924,0.0019445959442716402,2.774457203848468e-08,0.000324134184455203,0.0,0.004137929548242265,1.575696627995469,7.152557373046875e-07,2.2786129894036833e-07,0.20713497698307037,libero_spatial_2,0.10243405241474021,0.06606968331089215,0.10243405241474021,1.3125,0.08203125,0.05859375,0.0625,-0.5328936827649348,-0.4169239242389563,24.441417849655924,0.006525187169994789,0.046330085370506466,7.100192555939122,0.004137929548242265,0.08612404400630153,0.15155044194939865,0.07187879034845218,0.24266780155642023,0.6685384114583334,0.41964971633360393,0.24266780155642023,0.6685384114583334,0.41964971633360393,0.24526350423437857,0.6700032552083334,0.42516812391419756,0.8138740272373541,0.908447265625,0.7779913921901198,0.8295190547035936,0.9271647135416666,0.8160827800105687,0.8110415712977798,0.9237467447916666,0.7938989507554266,0.2190411135271229,0.6205240885416666,0.31921402026567686,0.3549596589608606,0.7138671875,0.3866148084451909,0.7721689745937286,0.8815104166666666,0.6913348414159913,0.0014402921645586412,0.00044911686858332506,0.0009123381732738583,0.0013241811251542242,0.0006899764678552854,0.0003702539823840856,0.0,0.07924034952456913,64,28,False,0.08612404400630153,0.0035236926520513957,0.15155044194939865,0.006525187169994789,0.046330085370506466,7.100192555939122
libero_spatial_t02_ep002_s0056_manipulation,libero_spatial,2,manipulation,2,56,8.104765583993867e-06,7.725281102466397e-05,0.0001957932981895283,1.9669472806072008e-07,1.8340142560191453e-05,9.531776116662874,24.157798767089844,0.635674010847796,6.581070010724943e-06,0.0001589841558597982,0.0005589508800767362,0.1367027461528778,0.00381240202113986,0.9982654783703364,0.9957463092240787,0.898703459983215,2.9479859435694302,3.5072473680304967,0.021607896481072367,0.017279294445297643,0.004409691787240095,4.0190488598346656e-08,0.000402839068742702,0.0,0.0037033759400478313,5.834648394025395,4.76837158203125e-07,3.3783296826683795e-07,0.4818265736103058,libero_spatial_2,-0.050496395056076906,-0.06583625245888046,-0.050496395056076906,0.875,0.0546875,0.0546875,0.06640625,-0.5539253833829252,-0.32077348935683225,7.840386829602164,0.008406726809196494,0.051870352036980386,6.170100826904127,0.0037033759400478313,0.09851538737532534,0.20123086488834066,0.08160683410020518,0.22814788853284504,0.591552734375,0.38685489877479684,0.22814788853284504,0.591552734375,0.38685489877479684,0.23084015220874343,0.5929361979166666,0.39119647834122395,0.7985108148317693,0.884033203125,0.7750800048281016,0.8495450904097047,0.911865234375,0.8121841483001836,0.8545412279697872,0.9142252604166666,0.8006182244470611,0.25555333028152893,0.655517578125,0.3670449556634694,0.36646615358205537,0.7029622395833334,0.4177519632299798,0.7322435053788052,0.8505045572916666,0.7148399542617698,0.0006977019163365872,0.0005698853744913936,0.00048643858408031526,0.0004338520026054985,0.000268080167774071,0.00032734540470182196,0.0006890961771473765,0.09380492583428453,64,21,False,0.09851538737532534,0.01256511822118491,0.20123086488834066,0.008406726809196494,0.051870352036980386,6.170100826904127
libero_spatial_t02_ep003_s0016_approach,libero_spatial,2,approach,3,16,7.566294698335696e-06,7.403902418445796e-05,0.0001588626328157261,1.1102672914375944e-07,1.964013063115999e-05,9.785374101374058,20.99609375,0.6458895423748721,6.14383134234231e-06,0.00012899645662400872,0.0004390465619508177,0.10153031349182129,0.004082633648067713,0.9978491931792172,0.9962176699473564,0.9175376230258641,2.9444589458302968,3.501520908910515,0.043028717870927984,0.04329284668160475,0.005008158571173654,2.9892615364963046e-08,0.00021920544040220178,0.0,0.004652260262388916,9.248991983271571,7.152557373046875e-07,3.3783296826683795e-07,0.19695864617824554,libero_spatial_3,0.07090295262073701,0.01251580576933269,0.07090295262073701,1.125,0.0703125,0.03125,0.07421875,-0.4413910505836576,-0.46360651750972764,9.104612403150407,0.005293446268181577,0.0468377964549928,8.848261431599019,0.004652260262388916,0.0875304514789478,0.17916282703726666,0.07762000683794829,0.261977140077821,0.6170247395833334,0.39984691065826494,0.261977140077821,0.6170247395833334,0.39984691065826494,0.2639777409018082,0.618408203125,0.4019974760163544,0.8679725051499199,0.921142578125,0.8349877068233456,0.892177843900206,0.9385579427083334,0.8728142608153145,0.874128089951934,0.9293619791666666,0.8397025139451372,0.295566062027924,0.658935546875,0.3547583045303063,0.41584101052872513,0.7259928385416666,0.4168349345629456,0.8172980086976425,0.893798828125,0.7407105913627151,0.0009676138740973946,0.0003520914664069616,0.000985832006488147,0.0008744688771936196,0.00043098241793240077,0.0001035094794076884,0.0,0.0877505405642847,64,26,False,0.0875304514789478,0.00961385805149985,0.17916282703726666,0.005293446268181577,0.0468377964549928,8.848261431599019
libero_spatial_t02_ep003_s0032_pre_grasp,libero_spatial,2,pre_grasp,3,32,8.78281207405962e-06,5.112714188726386e-05,0.00015367324522230774,1.6557947901674197e-07,1.5490859368583187e-05,5.821272441689818,17.49704360961914,0.5683006999607819,7.1316435423796065e-06,0.00012478267308324575,0.0003992603160440922,0.09954874962568283,0.003220115788280964,0.9981174181734951,0.9946855687800412,0.8806942378118562,2.9721270996895903,3.4940188818116997,0.0055894871654440246,0.005424741785017615,0.0018478203048080083,2.3023844581934863e-08,0.00029817976705490856,0.0,0.003765177558576606,1.484521534107168,4.76837158203125e-07,3.3783296826683795e-07,0.2104421854019165,libero_spatial_3,-0.02924010070954452,0.005021940360181682,-0.02924010070954452,1.375,0.0859375,0.0625,0.08984375,-0.37376115815976196,-0.3539260986495766,55.14762418168115,0.005487915244038204,0.03730180775167769,6.797081604385291,0.003765177558576606,0.0758422616260242,0.0579278823988926,0.032715209096615516,0.24072370679789426,0.7045084635416666,0.43236501233614,0.24072370679789426,0.7045084635416666,0.43236501233614,0.24246967269398031,0.7056477864583334,0.4347684955216071,0.7723585202563515,0.872314453125,0.7101595800599714,0.8100251773861296,0.9099934895833334,0.8071086057514704,0.8022237640192263,0.9189453125,0.8039524583697677,0.18275349050125886,0.6000162760416666,0.32865677376395874,0.31037208171206226,0.7046712239583334,0.4095054435497044,0.7092390993362325,0.8331705729166666,0.630748403915051,0.0009622488404812255,0.0003765053303053185,0.0005860238094702928,0.0010233865731263724,0.00042564353277258605,0.00020650682248617166,1.0131786440847993e-05,0.03388593872809926,64,29,False,0.0758422616260242,0.0013752589078259412,0.0579278823988926,0.005487915244038204,0.03730180775167769,6.797081604385291
libero_spatial_t02_ep003_s0056_manipulation,libero_spatial,2,manipulation,3,56,8.059843821683899e-06,6.63160317344591e-05,0.00016525205865036696,2.1600790489628707e-07,1.6323914678650908e-05,8.22795493332575,20.50313377380371,0.6072206671023437,6.544593361468287e-06,0.00013418465096037835,0.00048770601279102266,0.10985983163118362,0.0033932849764823914,0.9980308709086747,0.995659046692607,0.8868898775463494,2.918165047011439,3.441733106656579,0.01408805287260625,0.01340116828537908,0.0025429929723543225,4.2044377600670444e-08,0.00029628460598297366,0.0,0.004461763958803365,3.157507434881121,3.5762786865234375e-07,3.3783296826683795e-07,0.4655931890010834,libero_spatial_3,0.083402952620737,0.019073853818913807,0.083402952620737,1.0625,0.06640625,0.0390625,0.03515625,-0.568111266880293,-0.34969887273975736,1.8758664861759817,0.004360849364974248,0.038470738766858956,8.82184536706329,0.004461763958803365,0.09600593190149247,0.24227347924400228,0.08288726756931482,0.30172021629663537,0.6722819010416666,0.39144080954129357,0.30172021629663537,0.6722819010416666,0.39144080954129357,0.3036392767223621,0.673828125,0.39448290257314284,0.8472462233920806,0.912109375,0.8042796448969018,0.8831054016937514,0.9325358072916666,0.8593911584918709,0.8640385385671778,0.921875,0.8219437648741623,0.317874513618677,0.701904296875,0.4113156953970203,0.4155405985351339,0.7560221354166666,0.5108479247281046,0.7923859864957656,0.8924153645833334,0.7527523566195561,0.0005593537799699855,0.0005561383370200612,0.0003074929240970894,0.0005608893748599054,0.0003228240764793291,8.431793842224445e-05,0.0005618188480378551,0.0934677662436191,64,25,False,0.09600593190149247,0.051179512091711975,0.24227347924400228,0.004360849364974248,0.038470738766858956,8.82184536706329
libero_spatial_t02_ep004_s0016_approach,libero_spatial,2,approach,4,16,8.314665137731936e-06,8.17295385786565e-05,0.0001535660558147356,1.481532194702595e-07,1.911241633933969e-05,9.829564657723617,18.469301223754883,0.6420158650181531,6.751508408342488e-06,0.0001246956380782649,0.000470601866254583,0.09461674839258194,0.003972935955971479,0.9971303501945525,0.994372997253376,0.8887982089723049,2.910292659709146,3.4853881670617524,0.049953434031103375,0.052006392493228956,0.004801575681391506,2.6226577108484213e-08,0.00043668920048578523,0.0,0.0044743051909496515,11.16451200784115,4.76837158203125e-07,3.3783296826683795e-07,0.20908606052398682,libero_spatial_4,0.118076218814374,0.036461603832620454,0.118076218814374,1.1875,0.07421875,0.046875,0.078125,-0.5004327363241017,-0.4057149805447471,17.882097939776447,0.007358806668343503,0.04337596289053308,5.8944289265174,0.0044743051909496515,0.09336270057070148,0.18634596049352128,0.07567532419929074,0.1994270714122225,0.5371907552083334,0.31051862626441096,0.1994270714122225,0.5371907552083334,0.31051862626441096,0.2026472018768597,0.5384114583333334,0.3145813081713632,0.8814738784618906,0.90771484375,0.8367684362550007,0.8837534332799267,0.9029134114583334,0.8117046018332614,0.8518854428931105,0.8724772135416666,0.718449979704691,0.2385278381780728,0.6853841145833334,0.3662916788588182,0.31388046463721675,0.6715494791666666,0.3856861031936346,0.8315654325932708,0.8946940104166666,0.752900082379878,0.0013783400293706479,0.000644408114961672,0.0011115467615434053,0.0011869549930339533,0.00027696417020755,0.00023861291576568998,0.0,0.08490229734405427,64,26,False,0.09336270057070148,0.0052210149721158014,0.18634596049352128,0.007358806668343503,0.04337596289053308,5.8944289265174
libero_spatial_t02_ep004_s0032_pre_grasp,libero_spatial,2,pre_grasp,4,32,8.868502845871262e-06,7.590690984216053e-05,0.00016180604870896786,1.4861886654671252e-07,1.981748573598452e-05,8.559157183729049,18.245023727416992,0.5996954135871061,7.201225344033446e-06,0.0001313865213887766,0.00045437191147357225,0.10634341835975647,0.004119500983506441,0.9980516136415656,0.9962391279468986,0.8995553425650415,2.9875447407320306,3.475155652878545,0.011312274444400331,0.007628745867483912,0.002004913540641483,2.9753429423124965e-08,0.0003365669018169469,0.0,0.004104841485777703,2.7558370971436204,7.152557373046875e-07,3.3783296826683795e-07,0.18192264437675476,libero_spatial_4,0.14834201190203708,0.15901121351275177,0.14834201190203708,1.5,0.09375,0.04296875,0.0546875,-0.5592798695353628,-0.4380343041886015,25.813631257947662,0.006720380449610952,0.04808758551249052,7.155485596842117,0.004104841485777703,0.08546118281056284,0.12020180527445125,0.05224829901996585,0.3460595960173953,0.7012532552083334,0.448296775732445,0.3460595960173953,0.7012532552083334,0.448296775732445,0.349012216754406,0.703125,0.4532895959815022,0.8471024547951477,0.9161783854166666,0.8058197995135629,0.87714937628748,0.932373046875,0.8554517661231308,0.871801327534905,0.9298502604166666,0.8540779878295813,0.1454702162966354,0.61376953125,0.3753313067327324,0.30653539139391167,0.7171223958333334,0.4838946304809243,0.7925032902265965,0.890380859375,0.7405973014944095,0.0006915491958252311,0.000377612665355117,0.0008547127430144843,0.0006253294131205451,0.00021807596167863015,0.0002426279568586737,0.0,0.05656366035272938,64,34,False,0.08546118281056284,0.0033106997694432533,0.12020180527445125,0.006720380449610952,0.04808758551249052,7.155485596842117
libero_spatial_t02_ep004_s0056_manipulation,libero_spatial,2,manipulation,4,56,8.074238394328859e-06,6.782680975447875e-05,0.00029072168399579823,1.418794965957204e-07,1.9185470591764897e-05,8.40039721915055,36.006080627441406,0.6332337589637546,6.556282187375473e-06,0.00023606601462233812,0.0008377207559533417,0.20447927713394165,0.003988122567534447,0.9977275978484779,0.9951462005035477,0.8763642519264515,2.9708775103620075,3.457842189298847,0.017907343114566023,0.01367790481230708,0.003640586416451575,3.6543710718197786e-08,0.000447937730302844,0.0,0.0043624957062086845,4.104839138083362,4.76837158203125e-07,3.219970476919798e-07,0.4877281188964844,libero_spatial_4,0.09804803730830854,0.07389638029416976,0.09804803730830854,1.375,0.0859375,0.03515625,0.0703125,-0.562977082856489,-0.3473914225223163,8.80480533492116,0.005185017605316251,0.04686606184885361,9.038746908168907,0.0043624957062086845,0.10152509598572064,0.21382671808733938,0.0866850539228049,0.3288059338521401,0.6365559895833334,0.37780099412964163,0.3288059338521401,0.6365559895833334,0.37780099412964163,0.3312972075989929,0.6376953125,0.38064297118196266,0.8114607175555046,0.8653157552083334,0.7373389323035247,0.849612325474937,0.88037109375,0.7459619439589571,0.8497096017395285,0.87890625,0.7158443235120121,0.2569144827191577,0.6400553385416666,0.3575860268707478,0.38430132753490504,0.69482421875,0.4308691765916389,0.7335789082169832,0.828125,0.6859898307994063,0.000897971059624143,0.0006522519479293603,0.00031334626046851394,0.0006666222823422005,0.0006562636017846934,0.00025131968737895504,0.000912215178911907,0.099352736336936,64,30,False,0.10152509598572064,0.011530646287996292,0.21382671808733938,0.005185017605316251,0.04686606184885361,9.038746908168907
libero_spatial_t02_ep005_s0016_approach,libero_spatial,2,approach,5,16,8.363055712834466e-06,0.00010418030615255702,0.00022349983919411898,1.3949052402040252e-07,2.2318778064800426e-05,12.457205802500566,26.72466278076172,0.6590417069635272,6.790802217437886e-06,0.00018148188246414065,0.0006155961309559643,0.11506528407335281,0.004639449063688517,0.9983076791027695,0.9962577248798352,0.8937170977340353,2.9253411534499127,3.4485343283576873,0.04345609677177241,0.04594077434094978,0.003994596088243683,3.141550173100997e-08,0.00048616242115485713,0.0,0.0047820004524858385,9.087430501848347,4.76837158203125e-07,3.219970476919798e-07,0.23567260801792145,libero_spatial_5,-0.011346274891279469,-0.01813760767432603,-0.011346274891279469,1.375,0.0859375,0.0546875,0.0703125,-0.5501194495307851,-0.35778996910048066,13.794189212851089,0.01098213049972989,0.05508641162376089,5.016004100945237,0.0047820004524858385,0.09874322321160214,0.19162603073242074,0.07653449726440865,0.15371581025406272,0.58154296875,0.3643262353722868,0.15371581025406272,0.58154296875,0.3643262353722868,0.15657401579308766,0.58349609375,0.36799746985200044,0.8800619420920119,0.9403483072916666,0.8639011461529741,0.8959430075532159,0.9512532552083334,0.8911692958873745,0.8673573758297093,0.9322102864583334,0.8455874046692134,0.30844443808651867,0.6300455729166666,0.34708105263455197,0.3613148031586175,0.6673177083333334,0.3637486027622061,0.8345244907301442,0.905517578125,0.7834134092474488,0.0009641465683315331,0.0006348284224430434,0.0002106532910091048,0.0011709885754855956,0.0007598092861966366,0.00021457726589215286,0.0,0.08685927057867625,64,26,False,0.09874322321160214,0.007158320250911603,0.19162603073242074,0.01098213049972989,0.05508641162376089,5.016004100945237
libero_spatial_t02_ep005_s0032_pre_grasp,libero_spatial,2,pre_grasp,5,32,1.0273741281707771e-05,8.703566709300503e-05,0.0002961051359307021,2.00836566932594e-07,2.206987119279802e-05,8.471662338623478,28.821548461914062,0.6100515863163538,8.342278306372464e-06,0.00024043738085310906,0.0008451009052805603,0.19318193197250366,0.004587708041071892,0.9981667715724422,0.9961132410162509,0.8947191863126575,2.97761246535003,3.5334305702751037,0.012941302951208796,0.01035465885284599,0.002246035897463126,2.7272367903761787e-08,0.0006203805172475826,0.0,0.004551022635958989,2.843603292358007,4.76837158203125e-07,4.478046375933076e-07,0.21348169445991516,libero_spatial_5,0.13038238155184254,0.06795042701229892,0.13038238155184254,1.1875,0.07421875,0.03125,0.07421875,-0.6128011272602426,-0.41197284847791255,24.955852811597367,0.007138253989752612,0.05919423773576526,8.29253733766578,0.004551022635958989,0.0943069761845635,0.1380527812458094,0.06990860225066463,0.33145242046234835,0.6896158854166666,0.46168451189339177,0.33145242046234835,0.6896158854166666,0.46168451189339177,0.3326369020370794,0.6903483072916666,0.4660252241625884,0.855928845273518,0.903564453125,0.7431150713333498,0.8858649004348821,0.9271647135416666,0.8179327057493204,0.8730516136415656,0.9235026041666666,0.8131816954081562,0.13370908674753948,0.5506998697916666,0.31762947547559006,0.29555175669489586,0.635009765625,0.4083743569283105,0.7965559910734722,0.8583170572916666,0.656816368003975,0.0005872200949448868,0.0004554247670088011,0.0006218091575699095,0.000701271649290047,0.000493971009875908,0.00021185594216967157,0.0,0.0776453526532556,64,31,False,0.0943069761845635,0.003778952282066312,0.1380527812458094,0.007138253989752612,0.05919423773576526,8.29253733766578
libero_spatial_t02_ep005_s0056_manipulation,libero_spatial,2,manipulation,5,56,9.856829819909763e-06,7.135298801586032e-05,0.0001950777368620038,1.4932111014331895e-07,1.9214110579923727e-05,7.238938819024223,19.79112434387207,0.5944339365356707,8.003746188478544e-06,0.0001584031415404752,0.0005524945445358753,0.12905043363571167,0.003994075581431389,0.9978556305790799,0.995113298237583,0.8755059319447623,2.943560528874567,3.51462665954147,0.013229708380749732,0.009951953933876411,0.0030166597662832483,3.961680281004534e-08,0.0002737415272369735,0.0,0.003958196545803634,3.3423576185916004,4.76837158203125e-07,2.2786129894036833e-07,0.5073488354682922,libero_spatial_5,0.08272344930189975,0.05428934717024985,0.08272344930189975,1.3125,0.08203125,0.0625,0.04296875,-0.6480888075074388,-0.34771257724879834,12.314069034505145,0.009263778169929758,0.05064683079047583,5.467189505344109,0.003958196545803634,0.10660546164121429,0.186217835352252,0.08980214157108335,0.32046449416342415,0.6600748697916666,0.3840972364373718,0.32046449416342415,0.6600748697916666,0.3840972364373718,0.3228649290455482,0.6622721354166666,0.3891042048476532,0.8262953479056993,0.9110514322916666,0.7740675038266472,0.8631880865186542,0.9256998697916666,0.7953361883572151,0.8581504634927901,0.9192708333333334,0.7407795002566109,0.29696583886472877,0.635498046875,0.339920016664096,0.41840881780727857,0.691162109375,0.4093495988124153,0.7579609178301671,0.8619791666666666,0.6826426044455829,0.0012591604033214082,0.000610492873781137,0.0008185643180510238,0.001291527389701616,0.0004522129421685711,0.00022852708775649417,0.001326084903012082,0.10309974044405837,64,29,False,0.10660546164121429,0.008657208378218257,0.186217835352252,0.009263778169929758,0.05064683079047583,5.467189505344109
libero_spatial_t02_ep006_s0016_approach,libero_spatial,2,approach,6,16,6.8469053076114506e-06,8.760981654631905e-05,0.0002162933087674901,1.327222634017744e-07,1.927266566781327e-05,12.795535006001392,31.589937210083008,0.6688404665087611,5.559687451750506e-06,0.00017563016444910318,0.0005765153910033405,0.15669871866703033,0.004006247967481613,0.9979965381094071,0.9967813000686656,0.9116705291065843,2.931351140095389,3.51764992075016,0.051902493273546194,0.0548149589117559,0.00552397398633258,2.6279674565542137e-08,0.00046304686429097706,0.0,0.00430302266017737,12.061868452118906,4.76837158203125e-07,3.3783296826683795e-07,0.19926717877388,libero_spatial_6,0.1311083772030213,0.05885142902495201,0.1311083772030213,1.3125,0.08203125,0.03125,0.06640625,-0.5085803387502861,-0.3613798924238956,14.59913696154051,0.006169266042084895,0.04291964949225092,6.957010639428719,0.00430302266017737,0.08472819204226423,0.17585379350094424,0.07228710701366813,0.24413695925841153,0.6214192708333334,0.39053980206749117,0.24413695925841153,0.6214192708333334,0.39053980206749117,0.24601954108491644,0.6224772135416666,0.39455240668411606,0.8703357461661707,0.92138671875,0.8389617445555938,0.8794182021057451,0.9335123697916666,0.8616937907817886,0.853365329594873,0.9195963541666666,0.8215640462384656,0.29272216182192723,0.6868489583333334,0.40280230906189674,0.3706569008926528,0.7246907552083334,0.4490244397313464,0.8186062314030671,0.901611328125,0.8052773068376736,0.0011839787168176081,0.0004708694944560812,0.0009061809510101911,0.0012396984856850987,0.0008976354757221646,5.955862246391202e-05,0.0,0.08233577728315686,64,28,False,0.08472819204226423,0.0058036439281279155,0.17585379350094424,0.006169266042084895,0.04291964949225092,6.957010639428719
libero_spatial_t02_ep006_s0032_pre_grasp,libero_spatial,2,pre_grasp,6,32,1.2494752809288912e-05,8.34952497825725e-05,0.0002475293294992298,3.4953995964315254e-07,2.310670242877677e-05,6.682425099318495,19.8106632232666,0.604870218273504,1.0145739906874951e-05,0.00020099383255001158,0.0007022270001471043,0.14382296800613403,0.004803236573934555,0.9984907873655299,0.9953779468986038,0.8854264419775691,2.9616717253278777,3.45425366629777,0.008579293924529104,0.007422336963228613,0.1342995668868989,2.1953561052246966e-08,0.0003145049318540893,0.0,0.06921258055495731,0.12395570076623327,4.76837158203125e-07,3.219970476919798e-07,0.1852210909128189,libero_spatial_6,0.14619835774776838,0.02993513562344493,0.14619835774776838,1.5,0.09375,0.046875,0.05859375,-0.5699380579079881,-0.4012216754406043,25.37682905236278,0.004665797200808276,0.319207092973446,68.41426646622112,0.06921258055495731,0.09459075059280192,0.15243606589931705,0.06273288803564958,0.3181069752803845,0.6240234375,0.35490967523221184,0.3181069752803845,0.6240234375,0.35490967523221184,0.32095230601968416,0.6261393229166666,0.3581830013830809,0.8315589951934081,0.8756510416666666,0.740347891788149,0.8582305733577478,0.8850911458333334,0.7288095768730638,0.8412072270542458,0.87255859375,0.670630116305313,0.15475580796520944,0.5933430989583334,0.33312419402390087,0.31136344129091326,0.6451822916666666,0.36535342020615047,0.7698143167772946,0.845703125,0.6848432317935838,0.0005798320817315808,0.0009138565255472601,0.0006425343380286027,0.000521009502883545,0.0003555652554287615,0.0004474735733467344,0.0,0.06826066114635626,64,31,True,0.09459075059280192,0.003727445648958661,0.15243606589931705,0.004665797200808276,0.319207092973446,68.41426646622112
libero_spatial_t02_ep006_s0056_manipulation,libero_spatial,2,manipulation,6,56,9.2771188064944e-06,7.32678163331002e-05,0.00014478203956969082,2.4560847577959066e-07,1.8722374079516158e-05,7.897690852229837,15.606358528137207,0.602278639900317,7.5330203799239825e-06,0.0001175630241050385,0.000372338923625648,0.0849691703915596,0.0038918573409318924,0.9982669089036392,0.9953886758983749,0.900305418860151,2.9492476896167172,3.4427006831741997,0.015675640425629144,0.012154160067060323,0.0025449908480426973,3.502423896610785e-08,0.0003551603554536471,0.0,0.003595688696837366,4.359565509499433,4.76837158203125e-07,3.3783296826683795e-07,0.4604782164096832,libero_spatial_6,0.1117976081483177,0.009445417550896576,0.1117976081483177,1.25,0.078125,0.02734375,0.07421875,-0.6697141794460975,-0.3311205367360952,9.709477439866948,0.009427079738349286,0.06210481876087411,6.587916988569875,0.003595688696837366,0.11716764856414018,0.2160844832500527,0.08099537012518727,0.3415019169146258,0.6088053385416666,0.36658642731561497,0.3415019169146258,0.6088053385416666,0.36658642731561497,0.3432278553444724,0.60986328125,0.3684429563247241,0.8383533131151293,0.9248860677083334,0.8418766493432328,0.8818672751201648,0.934814453125,0.8466504145285493,0.8725401979858091,0.913818359375,0.7595664757920216,0.2934123941405356,0.718017578125,0.4297420650958884,0.45528081368734263,0.7586263020833334,0.47311074954346066,0.787906986724651,0.9076334635416666,0.764243959266678,0.0010400152964082524,0.0003560740372883043,0.0009203547435418915,0.0008220406684853677,0.0006876558770134558,0.00038933089275414867,0.0010171205854154848,0.09152396298326171,64,33,False,0.11716764856414018,0.012067348574236494,0.2160844832500527,0.009427079738349286,0.06210481876087411,6.587916988569875
libero_spatial_t02_ep007_s0016_approach,libero_spatial,2,approach,7,16,7.346806341956835e-06,6.381892853823956e-05,0.00018692563753575087,1.2675518235027994e-07,1.7614058378967457e-05,8.686621855509706,25.443115234375,0.6478203457236855,5.965606760582887e-06,0.0001517836208222434,0.0005362355732358992,0.1367972046136856,0.003661469556391239,0.9978398947127489,0.9965667200732433,0.9029731250476845,2.9246798019529403,3.5300291840826032,0.04358930394512921,0.044911604856901,0.0045480996689378946,3.0822277542182754e-08,0.00045330271215144734,0.0,0.004611744453157249,9.451803842966084,3.5762786865234375e-07,3.3783296826683795e-07,0.20557533204555511,libero_spatial_7,0.051763847562371255,0.04875266895953289,0.051763847562371255,1.125,0.0703125,0.0390625,0.078125,-0.4859285591668574,-0.3481481746395056,11.269944828303268,0.005761152572717781,0.04119530369539749,7.15053162981308,0.004611744453157249,0.08085161203264539,0.1652797293955146,0.07368167628439654,0.19259627489127948,0.59814453125,0.39095434152044567,0.19259627489127948,0.59814453125,0.39095434152044567,0.19533503089951934,0.5996907552083334,0.3977152478390297,0.8656114099336233,0.9066569010416666,0.7954659978083991,0.8763461318379492,0.916748046875,0.820004517773826,0.8452513447013047,0.8985188802083334,0.7923277139945532,0.26499198901350424,0.653076171875,0.3686018681888522,0.3313265335317006,0.6930338541666666,0.3678988517698093,0.8112954909590295,0.8785807291666666,0.7707151432908923,0.001110078859181486,0.000546029710280841,0.0011710639712739243,0.0011587638715044822,0.0007050105766500401,0.0004180261357528548,0.0,0.08369443519089627,64,23,False,0.08085161203264539,0.007174091225701375,0.1652797293955146,0.005761152572717781,0.04119530369539749,7.15053162981308
libero_spatial_t02_ep007_s0032_pre_grasp,libero_spatial,2,pre_grasp,7,32,1.0119785656570457e-05,7.121396993170492e-05,0.00019634344789665192,2.510120395982085e-07,1.9893599528586492e-05,7.037102597668948,19.40193748474121,0.5880666698729033,8.21726553112967e-06,0.00015943085600156337,0.0005563575541600585,0.12949496507644653,0.004135322291404009,0.997819151979858,0.995418717097734,0.8837667849240863,2.955275428009415,3.484976420961842,0.011881231391880975,0.009126595212027126,0.002522051300966361,2.8514184150161894e-08,0.00045256216203763303,0.0,0.0670990264546983,0.17707010100813536,4.76837158203125e-07,3.3783296826683795e-07,0.19558408856391907,libero_spatial_7,0.048589494163424125,0.052297772841630494,0.048589494163424125,1.25,0.078125,0.06640625,0.0625,-0.520469501029984,-0.4216010528725109,18.83876070115728,0.003583299473378654,0.04333538289440364,12.09370950330958,0.0670990264546983,0.08290889986729054,0.14079337552399623,0.062176407474805566,0.23582842183566033,0.6180826822916666,0.36504294220476285,0.23582842183566033,0.6180826822916666,0.36504294220476285,0.23853356031128406,0.6193033854166666,0.3664462746988008,0.8683852140077821,0.9227701822916666,0.810874048872283,0.8879692149233234,0.9318033854166666,0.8435640628536738,0.8763525692378119,0.9224446614583334,0.8218268750419098,0.1567742904554818,0.61279296875,0.3642886530160567,0.2564288166628519,0.6713053385416666,0.3928886979862737,0.8053094243533989,0.8946126302083334,0.7549826582985806,0.0004473259308954666,0.000998554987379847,0.00038278074518440056,0.0005171014956598675,0.0002493250995661827,0.00016413824425334856,0.0,0.06948838975796068,64,27,True,0.08290889986729054,0.00440097422259904,0.14079337552399623,0.003583299473378654,0.04333538289440364,12.09370950330958
libero_spatial_t02_ep007_s0056_manipulation,libero_spatial,2,manipulation,7,56,8.004373739822768e-06,6.756285802111961e-05,0.00023516942746937275,1.2780488134467305e-07,1.9113153030048124e-05,8.440742551161232,29.380115509033203,0.616633469798454,6.4995520006050356e-06,0.00019095758034382015,0.0006508275982923806,0.10008356720209122,0.003973089158535004,0.9980480373083085,0.9956225680933852,0.8971191443503471,2.947663168199273,3.440910338587625,0.014190473378891753,0.009050657146215321,0.002359924995330043,3.2242751082824155e-08,0.0003261173926583781,0.0,0.003973753514236597,3.5710502244419917,9.5367431640625e-07,3.3783296826683795e-07,0.4682190716266632,libero_spatial_7,0.07675741016250859,0.10580124744316838,0.07675741016250859,1.1875,0.07421875,0.0390625,0.08984375,-0.5572356374456398,-0.3604135671778439,13.212037488277598,0.0051071463318068415,0.049854210643932945,9.761656981207972,0.003973753514236597,0.09828302383705267,0.19961511662027567,0.0801705609479411,0.29773975738155184,0.6709798177083334,0.41854104989364427,0.29773975738155184,0.6709798177083334,0.41854104989364427,0.2999721046005951,0.6722819010416666,0.4204470508857163,0.8186999313344014,0.8634440104166666,0.7031420961810912,0.8476553559166857,0.8876953125,0.7617257050153133,0.8389956225680933,0.8870442708333334,0.7431168543189215,0.2806770714122225,0.603759765625,0.3201916985483496,0.40338106546120395,0.6793619791666666,0.4132350715030065,0.7532945181963836,0.8238118489583334,0.601046426187976,0.0006058605798708541,0.0006319215521489571,0.0002688188511031056,0.000787879075990153,0.0005953313014472358,0.00034413847073308355,0.0005324503985157657,0.09184484364871326,64,28,False,0.09828302383705267,0.007438899855158379,0.19961511662027567,0.0051071463318068415,0.049854210643932945,9.761656981207972
libero_spatial_t02_ep008_s0016_approach,libero_spatial,2,approach,8,16,7.242578249133658e-06,6.300182940321974e-05,0.0001857273164205253,1.485916385490782e-07,1.7093583664973266e-05,8.698812389186944,25.64381217956543,0.6279567230232259,5.880973731109407e-06,0.00015081057790666819,0.0004651425697375089,0.12807144224643707,0.0035532773472368717,0.9979464694438086,0.9959487296864271,0.9127489127946898,2.965850618525197,3.4457780320789606,0.04861110796514942,0.052869347272395395,0.0055945247994083624,2.719979017013146e-08,0.00044418579732165726,0.0,0.0039767039354390524,12.223969587462502,4.76837158203125e-07,3.3783296826683795e-07,0.2013317048549652,libero_spatial_8,0.1271243419546807,0.08925708762324422,0.1271243419546807,1.5625,0.09765625,0.0234375,0.078125,-0.5596160448615244,-0.4392974650949874,13.37824783881409,0.00850119979977487,0.041734598644064536,4.9092598253213335,0.0039767039354390524,0.0934696254978234,0.19403580400536874,0.07127693489004658,0.268935969329366,0.608642578125,0.3929612698247951,0.268935969329366,0.608642578125,0.3929612698247951,0.27113398374914166,0.6090494791666666,0.3948356944442791,0.8888361181048294,0.9254557291666666,0.8232670353745501,0.9014398317692836,0.9300944010416666,0.837832231552466,0.8630929560540169,0.8981119791666666,0.7859362245876488,0.24952792401007096,0.6743977864583334,0.3928676571679671,0.37166542687113757,0.7245279947916666,0.4441509846156195,0.8452749485008011,0.9130045572916666,0.7944421906682225,0.0014785284589701457,0.00048418384004844835,0.0010541243027564129,0.0013207626309261462,0.00042987481890320307,0.0001838341554648835,0.0,0.08124862186396206,64,30,False,0.0934696254978234,0.006986686628260793,0.19403580400536874,0.00850119979977487,0.041734598644064536,4.9092598253213335
libero_spatial_t02_ep008_s0032_pre_grasp,libero_spatial,2,pre_grasp,8,32,1.030381190503249e-05,7.778021790727507e-05,0.00021208282851148397,3.7329661495277833e-07,2.1220639609964564e-05,7.548683790441322,20.582948684692383,0.5900414775131791,8.36669460113626e-06,0.0001722112501738593,0.0005304471123963594,0.09558919817209244,0.00441117724403739,0.9967684252689403,0.9945103284504463,0.86684619859617,2.9670789904591026,3.496340373123542,0.011348327473355742,0.008614802717094184,0.002489331107762777,3.020298996581284e-08,0.00042188555451324407,0.0,0.004897740635247548,2.3170535801110583,4.76837158203125e-07,3.219970476919798e-07,0.18787182867527008,libero_spatial_8,0.04786993591210804,0.023685391122179676,0.04786993591210804,1.25,0.078125,0.0390625,0.0703125,-0.6219572556649119,-0.33312685969329364,53.27692132017899,0.004334879154888186,0.04637632763322974,10.698413029792054,0.004897740635247548,0.09438516113138705,0.1291974511407865,0.06432762035752915,0.3214250972762646,0.661865234375,0.4350285463687215,0.3214250972762646,0.661865234375,0.4350285463687215,0.3235651750972763,0.662841796875,0.43679934075552757,0.8077384699015793,0.8933919270833334,0.7635242707113942,0.8573872739757381,0.9178873697916666,0.8335820324136274,0.8476918345159076,0.906494140625,0.8046860140562363,0.24526851110093842,0.6461588541666666,0.34909884509247474,0.4200017166399634,0.7207845052083334,0.4524008653006223,0.7531450274662395,0.8634440104166666,0.6955205678879564,0.00025473889583388197,0.0005258692362802986,0.0003708109750711624,0.00026954968340582873,0.0002551104189821007,0.00018788828555259794,0.0,0.0701709772892594,64,25,False,0.09438516113138705,0.0017715956280421896,0.1291974511407865,0.004334879154888186,0.04637632763322974,10.698413029792054
libero_spatial_t02_ep008_s0056_manipulation,libero_spatial,2,manipulation,8,56,9.10950984689407e-06,7.567388820461929e-05,0.00016272107313852757,1.5230806127419783e-07,1.9634622731246054e-05,8.307130622447337,17.862770080566406,0.6265237352223703,7.396923138003331e-06,0.00013212951307650656,0.0005330760031938553,0.10556281358003616,0.004081488586962223,0.9979829480430304,0.9963414110780499,0.892551689936675,2.9298101825990144,3.4922930939844923,0.019327986712782155,0.01460793125429539,0.0036455505248219004,3.448342322007357e-08,0.00039044296084878694,0.0,0.004622661278367184,4.181138428470188,4.76837158203125e-07,3.3783296826683795e-07,0.48589542508125305,libero_spatial_8,0.015609264133669032,-0.01598793619500247,0.015609264133669032,0.875,0.0546875,0.05859375,0.08203125,-0.5969965953307393,-0.36699974250400547,10.311469125099796,0.005053893556189994,0.04797903530999688,9.49347958688847,0.004622661278367184,0.10434906955241767,0.1904725726359376,0.07757893485596547,0.2451633669031815,0.6538899739583334,0.4570149516119324,0.2451633669031815,0.6538899739583334,0.4570149516119324,0.24844071869993134,0.6554361979166666,0.46114964130196767,0.8446025978484779,0.8999837239583334,0.7739632998893553,0.8747267681391623,0.9286295572916666,0.8215290776293356,0.8628948271915771,0.9278157552083334,0.8013129334153468,0.2185547322041657,0.6144205729166666,0.3430701622510549,0.33557021057450215,0.7081705729166666,0.4183092505021239,0.772060969329366,0.8529459635416666,0.6913689292713087,0.0008172423757695481,0.0006625448002143026,0.0008186555236144882,0.0005554781482985296,0.0005592324439988651,0.000287151336222747,0.0008483717657257356,0.08927699114568882,64,25,False,0.10434906955241767,0.010119709196613345,0.1904725726359376,0.005053893556189994,0.04797903530999688,9.49347958688847
libero_spatial_t02_ep009_s0016_approach,libero_spatial,2,approach,9,16,7.884671504143625e-06,8.290152618428692e-05,0.0001849760883487761,1.4243646262457332e-07,2.0729385141748935e-05,10.514265069980372,23.460214614868164,0.637415159095497,6.402353392331861e-06,0.00015020057617221028,0.0005257222219370306,0.13651162385940552,0.00430905818939209,0.99711890592813,0.9958736266880293,0.8937433241779202,2.900652463761164,3.478373642476441,0.055043864989842525,0.060894809384667396,0.005910032541545573,3.017008766326298e-08,0.0003512639850379071,0.0,0.004691999937649921,11.731429181862332,4.76837158203125e-07,3.3783296826683795e-07,0.21516752243041992,libero_spatial_9,0.06353570611123827,-0.004840437055081875,0.06353570611123827,1.0625,0.06640625,0.03515625,0.08203125,-0.5042730029755093,-0.41906185626001374,12.071160158886938,0.003909304458645417,0.03981408706522198,10.184442651217205,0.004691999937649921,0.08085139196108042,0.15752799188680425,0.07717086186490074,0.19163853284504465,0.5342610677083334,0.30479096497067515,0.19163853284504465,0.5342610677083334,0.30479096497067515,0.19324716754406043,0.5354817708333334,0.30635827814245,0.8604314488441291,0.904296875,0.7803438862340633,0.8662429903868162,0.8997395833333334,0.7659900914598843,0.8255300125886931,0.8621419270833334,0.6911861833432336,0.33713950560769057,0.7010904947916666,0.45748798257110856,0.38296234836346993,0.6962076822916666,0.44439361410594924,0.8304667830167086,0.9015299479166666,0.7799458964758519,0.0007989905207822738,0.0006847298709317693,0.0006435262221139308,0.0006657749112465606,0.0007798685847693592,0.00019343852704707836,0.0,0.0870323446076372,64,28,False,0.08085139196108042,0.006697897413978721,0.15752799188680425,0.003909304458645417,0.03981408706522198,10.184442651217205
libero_spatial_t02_ep009_s0032_pre_grasp,libero_spatial,2,pre_grasp,9,32,9.571311238687485e-06,7.428725257341284e-05,0.0001980749802896753,1.7380462224991788e-07,2.0276229406590573e-05,7.761449891331698,20.69465446472168,0.6041828824252524,7.771905075060204e-06,0.00016083689115475863,0.0004666050954256207,0.13750050961971283,0.004214860498905182,0.9984092469672694,0.9958700503547723,0.8987764171816587,2.9670830371296715,3.585455826545032,0.008950561019013054,0.006301191001845301,0.001958344676384758,3.123750878730495e-08,0.0005467226061348418,0.0,0.0048883011838097,1.8310166829854435,4.76837158203125e-07,3.3783296826683795e-07,0.23202694952487946,libero_spatial_9,0.046433680476081485,-0.014831844030202655,0.046433680476081485,1.0,0.0625,0.0703125,0.06640625,-0.47199158846417943,-0.5180118448157474,17.148949944799693,0.006366817445831994,0.040310578303316774,6.331354502665362,0.0048883011838097,0.08410709241939915,0.14251310271570494,0.07219988571455078,0.17260957885099565,0.5702311197916666,0.3015170589650681,0.17260957885099565,0.5702311197916666,0.3015170589650681,0.17555790798809795,0.571533203125,0.30358398663954345,0.8878233005264362,0.9242350260416666,0.7986444491148521,0.8929288738841841,0.9244791666666666,0.78101293873288,0.867418173495079,0.9044596354166666,0.7339642319826067,0.2633990901808194,0.690185546875,0.39398172454411085,0.3242325188830396,0.7135416666666666,0.4120228363327166,0.8471375028610666,0.9109700520833334,0.7577404992241845,0.00027802427370576414,0.00044770074665844453,0.0001733139791775432,0.00029094056299851717,0.00023947787886000852,0.00011517079101906921,0.0,0.08164721459838445,64,23,False,0.08410709241939915,0.004904503894681573,0.14251310271570494,0.006366817445831994,0.040310578303316774,6.331354502665362
libero_spatial_t02_ep009_s0056_manipulation,libero_spatial,2,manipulation,9,56,9.76786031969823e-06,7.905987695266958e-05,0.00013241976557765156,2.0538622891308478e-07,1.9211625840398483e-05,8.093878737519875,13.556680679321289,0.6161962168157943,7.931503205327317e-06,0.00010752485104603693,0.00043273033224977553,0.08512965589761734,0.003993558697402477,0.9977705138475623,0.9957248512245365,0.8834866388189516,2.925258927847904,3.4639675852696934,0.014049107588176677,0.012358190867734278,0.0034757483594376796,3.960820074658273e-08,0.00036967760730647676,0.0,0.00495568762026808,2.83494615978573,4.76837158203125e-07,3.3783296826683795e-07,0.5072914361953735,libero_spatial_9,0.07567235065232318,-0.012460310239331996,0.07567235065232318,1.3125,0.08203125,0.03515625,0.078125,-0.5932514591439688,-0.3667143511100938,12.69811671655079,0.0077413215575968565,0.05159376036897581,6.6647225522294535,0.00495568762026808,0.10621326499692543,0.2286663936675774,0.0901035624810677,0.3253082799267567,0.6492513020833334,0.42482066391849166,0.3253082799267567,0.6492513020833334,0.42482066391849166,0.32748483634699016,0.6507161458333334,0.42795686783015774,0.8088192378118563,0.86083984375,0.6444786183558234,0.8462348363469901,0.8870442708333334,0.6970263135607854,0.842309452964065,0.8853352864583334,0.6974887741835879,0.25124814030670634,0.6102701822916666,0.34471870452328585,0.3924303330281529,0.6763509114583334,0.41999964393416267,0.7563436999313344,0.8304850260416666,0.5787601160996972,0.0011380556283619476,0.0007645511221239343,0.0010895444474894116,0.000997581102753991,0.0004296389347127133,0.00028452355208152634,0.0011834646918566798,0.10318036663699101,64,29,False,0.10621326499692543,0.008364489600848258,0.2286663936675774,0.0077413215575968565,0.05159376036897581,6.6647225522294535
