auroc_top_quartile,episode,log_mae,log_rmse,ndcg64,pearson,phase,predictor,spearman,split,state_id,suite,task_id,top64_precision,top64_recall
0.8934733072916666,libero_goal_t5_ep0,0.13069676127072805,0.17264596698588416,0.9239772763675155,0.7791573777111659,approach,U_hat_mlp,0.8233255607690547,testB2,libero_goal_t05_ep000_s0040_approach,libero_goal,5,0.71875,0.71875
0.5166015625,libero_goal_t5_ep0,,,0.6680673620913793,0.025126133292291762,approach,B0_random,-0.020757753490501258,testB2,libero_goal_t05_ep000_s0040_approach,libero_goal,5,0.25,0.25
0.5371907552083334,libero_goal_t5_ep0,,,0.6246595336285948,0.02912656776194832,approach,B0x_token_index,-0.0071905756466010525,testB2,libero_goal_t05_ep000_s0040_approach,libero_goal,5,0.21875,0.21875
0.8611653645833334,libero_goal_t5_ep0,,,0.8852231972895115,0.6560350917349987,approach,B1_pred_norm_neg,0.6642080567635614,testB2,libero_goal_t05_ep000_s0040_approach,libero_goal,5,0.65625,0.65625
0.8920084635416666,libero_goal_t5_ep0,,,0.8516164832775585,0.6570092676692861,approach,B2_change_norm,0.8268224994277866,testB2,libero_goal_t05_ep000_s0040_approach,libero_goal,5,0.65625,0.65625
0.8926595052083334,libero_goal_t5_ep0,,,0.8528409791039028,0.5394232636920404,approach,B3_cos_dist,0.8280363069352255,testB2,libero_goal_t05_ep000_s0040_approach,libero_goal,5,0.65625,0.65625
0.9100748697916666,libero_goal_t5_ep0,,,0.8852736660875511,0.7775239617435656,approach,B4_linear_stats,0.8503168631265736,testB2,libero_goal_t05_ep000_s0040_approach,libero_goal,5,0.625,0.625
0.9336751302083334,libero_goal_t5_ep1,0.1359732314576847,0.17879482366581032,0.9286788342521127,0.7676747522102908,approach,U_hat_mlp,0.8237997825589379,testB2,libero_goal_t05_ep001_s0048_approach,libero_goal,5,0.78125,0.78125
0.5596516927083334,libero_goal_t5_ep1,,,0.6358459045034531,0.0424168932345233,approach,B0_random,0.046279182879377434,testB2,libero_goal_t05_ep001_s0048_approach,libero_goal,5,0.28125,0.28125
0.552978515625,libero_goal_t5_ep1,,,0.6211606716868713,0.04170360691780057,approach,B0x_token_index,0.04272931448844129,testB2,libero_goal_t05_ep001_s0048_approach,libero_goal,5,0.21875,0.21875
0.8527018229166666,libero_goal_t5_ep1,,,0.8884388032504745,0.670225711037691,approach,B1_pred_norm_neg,0.626886158159762,testB2,libero_goal_t05_ep001_s0048_approach,libero_goal,5,0.625,0.625
0.9309895833333334,libero_goal_t5_ep1,,,0.869745646597819,0.7070889842004066,approach,B2_change_norm,0.8902773804074159,testB2,libero_goal_t05_ep001_s0048_approach,libero_goal,5,0.703125,0.703125
0.9312337239583334,libero_goal_t5_ep1,,,0.8698251804230088,0.6059988073415442,approach,B3_cos_dist,0.8905656328679331,testB2,libero_goal_t05_ep001_s0048_approach,libero_goal,5,0.703125,0.703125
0.931396484375,libero_goal_t5_ep1,,,0.8904986979209211,0.7915523531641759,approach,B4_linear_stats,0.8929596303501945,testB2,libero_goal_t05_ep001_s0048_approach,libero_goal,5,0.6875,0.6875
0.951171875,libero_goal_t5_ep2,0.12504859896998272,0.17041477376270614,0.9019749202394112,0.7995871981877897,approach,U_hat_mlp,0.8679117074845503,testB2,libero_goal_t05_ep002_s0024_approach,libero_goal,5,0.796875,0.796875
0.5708821614583334,libero_goal_t5_ep2,,,0.6106703530047485,0.06887350143216055,approach,B0_random,0.0512817578393225,testB2,libero_goal_t05_ep002_s0024_approach,libero_goal,5,0.328125,0.328125
0.344970703125,libero_goal_t5_ep2,,,0.5677109478231206,-0.2332361221795977,approach,B0x_token_index,-0.24499098764019225,testB2,libero_goal_t05_ep002_s0024_approach,libero_goal,5,0.140625,0.140625
0.8246256510416666,libero_goal_t5_ep2,,,0.8576970047143097,0.6367471545024765,approach,B1_pred_norm_neg,0.5702792401007095,testB2,libero_goal_t05_ep002_s0024_approach,libero_goal,5,0.65625,0.65625
0.9413248697916666,libero_goal_t5_ep2,,,0.8863196652012069,0.770925954260495,approach,B2_change_norm,0.8864142252231632,testB2,libero_goal_t05_ep002_s0024_approach,libero_goal,5,0.75,0.75
0.94189453125,libero_goal_t5_ep2,,,0.8870966632066493,0.7148206747598839,approach,B3_cos_dist,0.886926356145571,testB2,libero_goal_t05_ep002_s0024_approach,libero_goal,5,0.75,0.75
0.91552734375,libero_goal_t5_ep2,,,0.8966039277856731,0.7752944045067228,approach,B4_linear_stats,0.8627324616617075,testB2,libero_goal_t05_ep002_s0024_approach,libero_goal,5,0.6875,0.6875
0.9351399739583334,libero_goal_t5_ep3,0.16559817872681037,0.22635791754747903,0.8667911061406397,0.7455475715033838,approach,U_hat_mlp,0.8202542057679103,testB2,libero_goal_t05_ep003_s0088_approach,libero_goal,5,0.796875,0.796875
0.4852701822916667,libero_goal_t5_ep3,,,0.5664778427458705,0.027399863053016567,approach,B0_random,-0.027695840009155412,testB2,libero_goal_t05_ep003_s0088_approach,libero_goal,5,0.25,0.25
0.5563151041666666,libero_goal_t5_ep3,,,0.5731884776384868,0.06091811434509144,approach,B0x_token_index,0.06126401922636759,testB2,libero_goal_t05_ep003_s0088_approach,libero_goal,5,0.234375,0.234375
0.8566080729166666,libero_goal_t5_ep3,,,0.8322246176114766,0.6574684435592284,approach,B1_pred_norm_neg,0.6316147859922179,testB2,libero_goal_t05_ep003_s0088_approach,libero_goal,5,0.6875,0.6875
0.9407552083333334,libero_goal_t5_ep3,,,0.9073782678238166,0.8346167505715807,approach,B2_change_norm,0.9093506809338522,testB2,libero_goal_t05_ep003_s0088_approach,libero_goal,5,0.765625,0.765625
0.9415690104166666,libero_goal_t5_ep3,,,0.9074027541405613,0.7569876570382823,approach,B3_cos_dist,0.9100902666514077,testB2,libero_goal_t05_ep003_s0088_approach,libero_goal,5,0.765625,0.765625
0.927001953125,libero_goal_t5_ep3,,,0.8613884943233379,0.7884679628028984,approach,B4_linear_stats,0.8972412165255207,testB2,libero_goal_t05_ep003_s0088_approach,libero_goal,5,0.78125,0.78125
0.9497884114583334,libero_goal_t5_ep4,0.15359973633072085,0.19692719182375357,0.9357399672780133,0.8053637981292648,approach,U_hat_mlp,0.8392223620965896,testB2,libero_goal_t05_ep004_s0048_approach,libero_goal,5,0.78125,0.78125
0.5188802083333334,libero_goal_t5_ep4,,,0.5997269516192184,-0.03406543655330601,approach,B0_random,-0.08245093270771343,testB2,libero_goal_t05_ep004_s0048_approach,libero_goal,5,0.234375,0.234375
0.508544921875,libero_goal_t5_ep4,,,0.5712081481525838,0.016649274204881846,approach,B0x_token_index,0.0008554589150835431,testB2,libero_goal_t05_ep004_s0048_approach,libero_goal,5,0.171875,0.171875
0.8917643229166666,libero_goal_t5_ep4,,,0.9084580753921229,0.7126046930478777,approach,B1_pred_norm_neg,0.6557042515449759,testB2,libero_goal_t05_ep004_s0048_approach,libero_goal,5,0.734375,0.734375
0.935302734375,libero_goal_t5_ep4,,,0.8733488561771015,0.7376821403778695,approach,B2_change_norm,0.8992675669489586,testB2,libero_goal_t05_ep004_s0048_approach,libero_goal,5,0.78125,0.78125
0.9356282552083334,libero_goal_t5_ep4,,,0.8735573629875685,0.6158622366060071,approach,B3_cos_dist,0.8998254749370566,testB2,libero_goal_t05_ep004_s0048_approach,libero_goal,5,0.78125,0.78125
0.9413248697916666,libero_goal_t5_ep4,,,0.913179834699481,0.8385264137585052,approach,B4_linear_stats,0.9162308308537422,testB2,libero_goal_t05_ep004_s0048_approach,libero_goal,5,0.75,0.75
0.89306640625,libero_goal_t5_ep5,0.13734865041760289,0.18522784868019965,0.9088488588885979,0.7681314936584255,approach,U_hat_mlp,0.8352748054474708,testB2,libero_goal_t05_ep005_s0032_approach,libero_goal,5,0.703125,0.703125
0.4886881510416667,libero_goal_t5_ep5,,,0.6112551844691355,-0.022003903953697737,approach,B0_random,-0.030712834744792857,testB2,libero_goal_t05_ep005_s0032_approach,libero_goal,5,0.21875,0.21875
0.45166015625,libero_goal_t5_ep5,,,0.5750505847790549,-0.09609630055095256,approach,B0x_token_index,-0.1378261615930419,testB2,libero_goal_t05_ep005_s0032_approach,libero_goal,5,0.109375,0.109375
0.8798828125,libero_goal_t5_ep5,,,0.9118300217542188,0.7285331850362021,approach,B1_pred_norm_neg,0.6778882467383841,testB2,libero_goal_t05_ep005_s0032_approach,libero_goal,5,0.71875,0.71875
0.895263671875,libero_goal_t5_ep5,,,0.843401134305788,0.6708338819046796,approach,B2_change_norm,0.8561155298695353,testB2,libero_goal_t05_ep005_s0032_approach,libero_goal,5,0.65625,0.65625
0.8964029947916666,libero_goal_t5_ep5,,,0.8469373082414197,0.5937929328779706,approach,B3_cos_dist,0.8568744277866789,testB2,libero_goal_t05_ep005_s0032_approach,libero_goal,5,0.671875,0.671875
0.9182942708333334,libero_goal_t5_ep5,,,0.9019592446223825,0.7816392001792285,approach,B4_linear_stats,0.8750779640650035,testB2,libero_goal_t05_ep005_s0032_approach,libero_goal,5,0.703125,0.703125
0.9022623697916666,libero_goal_t5_ep6,0.12080803497422024,0.16132952754075067,0.9087383560214668,0.7642636152796174,approach,U_hat_mlp,0.8135092412451362,testB2,libero_goal_t05_ep006_s0024_approach,libero_goal,5,0.6875,0.6875
0.509765625,libero_goal_t5_ep6,,,0.6803608665962266,0.10574996457546913,approach,B0_random,0.08533417257953765,testB2,libero_goal_t05_ep006_s0024_approach,libero_goal,5,0.203125,0.203125
0.383056640625,libero_goal_t5_ep6,,,0.6590323453566357,-0.12389466289547953,approach,B0x_token_index,-0.15079036964980544,testB2,libero_goal_t05_ep006_s0024_approach,libero_goal,5,0.171875,0.171875
0.739501953125,libero_goal_t5_ep6,,,0.8464742147706316,0.4985728177061355,approach,B1_pred_norm_neg,0.5143840123598077,testB2,libero_goal_t05_ep006_s0024_approach,libero_goal,5,0.578125,0.578125
0.8955891927083334,libero_goal_t5_ep6,,,0.8497411325653021,0.6043372884857825,approach,B2_change_norm,0.8006609063859007,testB2,libero_goal_t05_ep006_s0024_approach,libero_goal,5,0.625,0.625
0.8948567708333334,libero_goal_t5_ep6,,,0.8519343289952162,0.5222125751503335,approach,B3_cos_dist,0.8000536449988556,testB2,libero_goal_t05_ep006_s0024_approach,libero_goal,5,0.625,0.625
0.8727213541666666,libero_goal_t5_ep6,,,0.8439789313184771,0.6947984336728549,approach,B4_linear_stats,0.782620450904097,testB2,libero_goal_t05_ep006_s0024_approach,libero_goal,5,0.625,0.625
0.9305013020833334,libero_goal_t5_ep7,0.11358772343214708,0.15449893186063315,0.9284684603499512,0.80792362534555,approach,U_hat_mlp,0.8412959201190203,testB2,libero_goal_t05_ep007_s0024_approach,libero_goal,5,0.765625,0.765625
0.4720052083333333,libero_goal_t5_ep7,,,0.6670328283709824,0.02290623178855818,approach,B0_random,-0.0021007381551842526,testB2,libero_goal_t05_ep007_s0024_approach,libero_goal,5,0.28125,0.28125
0.38232421875,libero_goal_t5_ep7,,,0.6102891549776188,-0.17871244088917537,approach,B0x_token_index,-0.2128290226596475,testB2,libero_goal_t05_ep007_s0024_approach,libero_goal,5,0.171875,0.171875
0.8218587239583334,libero_goal_t5_ep7,,,0.9001589614371089,0.6364919980805545,approach,B1_pred_norm_neg,0.5735258354314489,testB2,libero_goal_t05_ep007_s0024_approach,libero_goal,5,0.640625,0.640625
0.9144694010416666,libero_goal_t5_ep7,,,0.8557453535798063,0.6933914300189424,approach,B2_change_norm,0.8383661879148546,testB2,libero_goal_t05_ep007_s0024_approach,libero_goal,5,0.671875,0.671875
0.9148763020833334,libero_goal_t5_ep7,,,0.8558477980175003,0.6262445053967729,approach,B3_cos_dist,0.8386937800411993,testB2,libero_goal_t05_ep007_s0024_approach,libero_goal,5,0.671875,0.671875
0.9192708333333334,libero_goal_t5_ep7,,,0.8988259151602026,0.774170659589681,approach,B4_linear_stats,0.8432907988097963,testB2,libero_goal_t05_ep007_s0024_approach,libero_goal,5,0.671875,0.671875
0.8924967447916666,libero_goal_t5_ep8,0.13179472876779444,0.17114765961232642,0.9038385541222064,0.756822138785123,approach,U_hat_mlp,0.8312442778667888,testB2,libero_goal_t05_ep008_s0040_approach,libero_goal,5,0.703125,0.703125
0.5096842447916666,libero_goal_t5_ep8,,,0.6159114461305677,-0.009994094841770022,approach,B0_random,-0.022569523918516823,testB2,libero_goal_t05_ep008_s0040_approach,libero_goal,5,0.203125,0.203125
0.5004069010416666,libero_goal_t5_ep8,,,0.613316286232121,-0.025177800565905774,approach,B0x_token_index,-0.0875751029983978,testB2,libero_goal_t05_ep008_s0040_approach,libero_goal,5,0.140625,0.140625
0.8695475260416666,libero_goal_t5_ep8,,,0.883986350099524,0.6721739079296105,approach,B1_pred_norm_neg,0.6860494392309453,testB2,libero_goal_t05_ep008_s0040_approach,libero_goal,5,0.703125,0.703125
0.8983561197916666,libero_goal_t5_ep8,,,0.8605161063245443,0.6531740806540347,approach,B2_change_norm,0.8313673037308309,testB2,libero_goal_t05_ep008_s0040_approach,libero_goal,5,0.65625,0.65625
0.8990885416666666,libero_goal_t5_ep8,,,0.8610938391916513,0.5681492940170149,approach,B3_cos_dist,0.8326025692378118,testB2,libero_goal_t05_ep008_s0040_approach,libero_goal,5,0.65625,0.65625
0.9017740885416666,libero_goal_t5_ep8,,,0.8618421910828449,0.7453535186662906,approach,B4_linear_stats,0.8524748226138704,testB2,libero_goal_t05_ep008_s0040_approach,libero_goal,5,0.640625,0.640625
0.9672037760416666,libero_goal_t5_ep9,0.19174295566620592,0.2814858969442724,0.8864423175408458,0.7983891566691089,approach,U_hat_mlp,0.8995458056763561,testB2,libero_goal_t05_ep009_s0120_approach,libero_goal,5,0.84375,0.84375
0.4442545572916667,libero_goal_t5_ep9,,,0.4341375289070025,-0.09043480990913194,approach,B0_random,-0.04061355573357748,testB2,libero_goal_t05_ep009_s0120_approach,libero_goal,5,0.1875,0.1875
0.3463541666666667,libero_goal_t5_ep9,,,0.36400147405579386,-0.2088566807825354,approach,B0x_token_index,-0.20961604486152438,testB2,libero_goal_t05_ep009_s0120_approach,libero_goal,5,0.03125,0.03125
0.9368489583333334,libero_goal_t5_ep9,,,0.9051062913265331,0.7975766896752519,approach,B1_pred_norm_neg,0.7107132639047837,testB2,libero_goal_t05_ep009_s0120_approach,libero_goal,5,0.8125,0.8125
0.9996744791666666,libero_goal_t5_ep9,,,0.9979228102765793,0.995440734798822,approach,B2_change_norm,0.9950503547722591,testB2,libero_goal_t05_ep009_s0120_approach,libero_goal,5,0.984375,0.984375
0.999755859375,libero_goal_t5_ep9,,,0.9986283240933754,0.9630341846817759,approach,B3_cos_dist,0.9950646601052873,testB2,libero_goal_t05_ep009_s0120_approach,libero_goal,5,0.984375,0.984375
0.9937337239583334,libero_goal_t5_ep9,,,0.896333784668304,0.8769495420477356,approach,B4_linear_stats,0.9782616159304188,testB2,libero_goal_t05_ep009_s0120_approach,libero_goal,5,0.9375,0.9375
0.9931640625,libero_object_t3_ep0,0.04041700923969092,0.054097502884450324,0.9928711905737505,0.9615092524616988,approach,U_hat_mlp,0.9839594300755321,train,libero_object_t03_ep000_s0024_approach,libero_object,3,0.921875,0.921875
0.4595540364583333,libero_object_t3_ep0,,,0.5732090336084942,-0.08902486375174104,approach,B0_random,-0.06482604715037767,train,libero_object_t03_ep000_s0024_approach,libero_object,3,0.171875,0.171875
0.266845703125,libero_object_t3_ep0,,,0.6016571580204049,-0.315665723639814,approach,B0x_token_index,-0.27483262760357063,train,libero_object_t03_ep000_s0024_approach,libero_object,3,0.109375,0.109375
0.8893229166666666,libero_object_t3_ep0,,,0.893249448089882,0.6909495272213867,approach,B1_pred_norm_neg,0.5946040283817807,train,libero_object_t03_ep000_s0024_approach,libero_object,3,0.671875,0.671875
0.96533203125,libero_object_t3_ep0,,,0.8965004181135662,0.7215272548749834,approach,B2_change_norm,0.9206762130922408,train,libero_object_t03_ep000_s0024_approach,libero_object,3,0.828125,0.828125
0.9649251302083334,libero_object_t3_ep0,,,0.8966214064803271,0.5852401950110734,approach,B3_cos_dist,0.920395828564889,train,libero_object_t03_ep000_s0024_approach,libero_object,3,0.828125,0.828125
0.9646809895833334,libero_object_t3_ep0,,,0.9386519609601996,0.8647810285489317,approach,B4_linear_stats,0.9137309739070726,train,libero_object_t03_ep000_s0024_approach,libero_object,3,0.796875,0.796875
0.9947916666666666,libero_object_t3_ep0,0.03655277400891302,0.049598579924491674,0.995545751368203,0.9489733772613864,pre_grasp,U_hat_mlp,0.9891358148317693,train,libero_object_t03_ep000_s0040_pre_grasp,libero_object,3,0.9375,0.9375
0.4688313802083333,libero_object_t3_ep0,,,0.5726113296756,-0.0391123338259478,pre_grasp,B0_random,-0.07660505836575876,train,libero_object_t03_ep000_s0040_pre_grasp,libero_object,3,0.21875,0.21875
0.3397623697916667,libero_object_t3_ep0,,,0.5465568757013195,-0.22087078330481347,pre_grasp,B0x_token_index,-0.22965567063401235,train,libero_object_t03_ep000_s0040_pre_grasp,libero_object,3,0.09375,0.09375
0.8978678385416666,libero_object_t3_ep0,,,0.8597325080991535,0.6887436244804007,pre_grasp,B1_pred_norm_neg,0.6236495765621424,train,libero_object_t03_ep000_s0040_pre_grasp,libero_object,3,0.671875,0.671875
0.951416015625,libero_object_t3_ep0,,,0.8797987416914103,0.7515153296823007,pre_grasp,B2_change_norm,0.9412880521858549,train,libero_object_t03_ep000_s0040_pre_grasp,libero_object,3,0.8125,0.8125
0.95166015625,libero_object_t3_ep0,,,0.8798652145426982,0.6034287273697263,pre_grasp,B3_cos_dist,0.9414833199816892,train,libero_object_t03_ep000_s0040_pre_grasp,libero_object,3,0.8125,0.8125
0.952392578125,libero_object_t3_ep0,,,0.8835768644941461,0.8371358148701956,pre_grasp,B4_linear_stats,0.9439338235294118,train,libero_object_t03_ep000_s0040_pre_grasp,libero_object,3,0.78125,0.78125
0.996337890625,libero_object_t3_ep0,0.05169927097868539,0.07052265997808013,0.9937793870323958,0.9509588443544184,manipulation,U_hat_mlp,0.9832620450904097,train,libero_object_t03_ep000_s0064_manipulation,libero_object,3,0.9375,0.9375
0.50390625,libero_object_t3_ep0,,,0.5163723584797291,-0.022169173852740563,manipulation,B0_random,-0.04456039711604486,train,libero_object_t03_ep000_s0064_manipulation,libero_object,3,0.1875,0.1875
0.24430338541666666,libero_object_t3_ep0,,,0.43401199111854394,-0.3251821307740655,manipulation,B0x_token_index,-0.31200932707713436,train,libero_object_t03_ep000_s0064_manipulation,libero_object,3,0.03125,0.03125
0.934326171875,libero_object_t3_ep0,,,0.9019810367671874,0.8216456856397495,manipulation,B1_pred_norm_neg,0.669737783245594,train,libero_object_t03_ep000_s0064_manipulation,libero_object,3,0.765625,0.765625
0.9485677083333334,libero_object_t3_ep0,,,0.7997767805603095,0.6584652633661986,manipulation,B2_change_norm,0.9213313973449302,train,libero_object_t03_ep000_s0064_manipulation,libero_object,3,0.78125,0.78125
0.948974609375,libero_object_t3_ep0,,,0.8020094061923259,0.525734122872127,manipulation,B3_cos_dist,0.9219214923323416,train,libero_object_t03_ep000_s0064_manipulation,libero_object,3,0.78125,0.78125
0.9654947916666666,libero_object_t3_ep0,,,0.909431170477106,0.851071088500757,manipulation,B4_linear_stats,0.9310611696040284,train,libero_object_t03_ep000_s0064_manipulation,libero_object,3,0.8125,0.8125
0.9952799479166666,libero_object_t3_ep1,0.03950201113281618,0.05568060120229237,0.9971981302203894,0.9681262960168858,approach,U_hat_mlp,0.9879155699244678,train,libero_object_t03_ep001_s0024_approach,libero_object,3,0.953125,0.953125
0.52783203125,libero_object_t3_ep1,,,0.6078920909447235,0.03408947798405229,approach,B0_random,0.027035648889906158,train,libero_object_t03_ep001_s0024_approach,libero_object,3,0.28125,0.28125
0.295654296875,libero_object_t3_ep1,,,0.592046590416301,-0.33425849628775617,approach,B0x_token_index,-0.3148417830167086,train,libero_object_t03_ep001_s0024_approach,libero_object,3,0.125,0.125
0.874755859375,libero_object_t3_ep1,,,0.9009093972068074,0.7176491624305688,approach,B1_pred_norm_neg,0.6540083543144884,train,libero_object_t03_ep001_s0024_approach,libero_object,3,0.640625,0.640625
0.9484049479166666,libero_object_t3_ep1,,,0.8921774062753483,0.7045720062855095,approach,B2_change_norm,0.9326340409704738,train,libero_object_t03_ep001_s0024_approach,libero_object,3,0.765625,0.765625
0.9488118489583334,libero_object_t3_ep1,,,0.8924178020101539,0.5665752767763841,approach,B3_cos_dist,0.9326233119707027,train,libero_object_t03_ep001_s0024_approach,libero_object,3,0.765625,0.765625
0.9405924479166666,libero_object_t3_ep1,,,0.9326290726449818,0.8612924174427449,approach,B4_linear_stats,0.9265750171663997,train,libero_object_t03_ep001_s0024_approach,libero_object,3,0.765625,0.765625
0.99658203125,libero_object_t3_ep1,0.04056392027639448,0.05482658292063765,0.9978983850049076,0.95502413997355,pre_grasp,U_hat_mlp,0.9888811799038681,train,libero_object_t03_ep001_s0040_pre_grasp,libero_object,3,0.953125,0.953125
0.5244140625,libero_object_t3_ep1,,,0.5125981409906146,-0.03703012030143515,pre_grasp,B0_random,-0.013859006637674524,train,libero_object_t03_ep001_s0040_pre_grasp,libero_object,3,0.234375,0.234375
0.2676595052083333,libero_object_t3_ep1,,,0.4907831645613208,-0.3008635674804033,pre_grasp,B0x_token_index,-0.28220774204623483,train,libero_object_t03_ep001_s0040_pre_grasp,libero_object,3,0.015625,0.015625
0.9541015625,libero_object_t3_ep1,,,0.9143281775690609,0.8107687779070005,pre_grasp,B1_pred_norm_neg,0.6952470531013962,train,libero_object_t03_ep001_s0040_pre_grasp,libero_object,3,0.796875,0.796875
0.98486328125,libero_object_t3_ep1,,,0.9084497786745654,0.8074042291308584,pre_grasp,B2_change_norm,0.9576433394369421,train,libero_object_t03_ep001_s0040_pre_grasp,libero_object,3,0.921875,0.921875
0.985107421875,libero_object_t3_ep1,,,0.9084128956306671,0.6697811768617927,pre_grasp,B3_cos_dist,0.9577348935683223,train,libero_object_t03_ep001_s0040_pre_grasp,libero_object,3,0.921875,0.921875
0.988037109375,libero_object_t3_ep1,,,0.9072771119439702,0.8915160818472739,pre_grasp,B4_linear_stats,0.9625,train,libero_object_t03_ep001_s0040_pre_grasp,libero_object,3,0.90625,0.90625
0.9993489583333334,libero_object_t3_ep1,0.04488800211481331,0.07043941748215042,0.9990165641545806,0.9505466938097138,manipulation,U_hat_mlp,0.9845151922636759,train,libero_object_t03_ep001_s0064_manipulation,libero_object,3,0.984375,0.984375
0.5655924479166666,libero_object_t3_ep1,,,0.5739498149840149,0.07299543975332377,manipulation,B0_random,0.08153610666056306,train,libero_object_t03_ep001_s0064_manipulation,libero_object,3,0.3125,0.3125
0.24226888020833334,libero_object_t3_ep1,,,0.4683036981700172,-0.3262120494910721,manipulation,B0x_token_index,-0.35614271000228886,train,libero_object_t03_ep001_s0064_manipulation,libero_object,3,0.0,0.0
0.953857421875,libero_object_t3_ep1,,,0.9296917314448429,0.802616279379614,manipulation,B1_pred_norm_neg,0.7321283474479285,train,libero_object_t03_ep001_s0064_manipulation,libero_object,3,0.78125,0.78125
0.974609375,libero_object_t3_ep1,,,0.8859359558841994,0.7857548879911391,manipulation,B2_change_norm,0.9256244277866789,train,libero_object_t03_ep001_s0064_manipulation,libero_object,3,0.859375,0.859375
0.97509765625,libero_object_t3_ep1,,,0.8869028683909802,0.6943502097307862,manipulation,B3_cos_dist,0.926061455710689,train,libero_object_t03_ep001_s0064_manipulation,libero_object,3,0.875,0.875
0.952880859375,libero_object_t3_ep1,,,0.8861040002608278,0.8260831847675718,manipulation,B4_linear_stats,0.9157430189974822,train,libero_object_t03_ep001_s0064_manipulation,libero_object,3,0.859375,0.859375
0.9982096354166666,libero_object_t3_ep2,0.044320332486089575,0.0606046750237802,0.9958746705985791,0.9529728363432838,approach,U_hat_mlp,0.9764963378347448,train,libero_object_t03_ep002_s0016_approach,libero_object,3,0.953125,0.953125
0.5279947916666666,libero_object_t3_ep2,,,0.5387590676570473,-0.07246890000208996,approach,B0_random,-0.02914210917830167,train,libero_object_t03_ep002_s0016_approach,libero_object,3,0.296875,0.296875
0.23136393229166666,libero_object_t3_ep2,,,0.4699325295030354,-0.44538259641838424,approach,B0x_token_index,-0.40125529297322043,train,libero_object_t03_ep002_s0016_approach,libero_object,3,0.09375,0.09375
0.8621419270833334,libero_object_t3_ep2,,,0.85782714784602,0.74609396960379,approach,B1_pred_norm_neg,0.6135893511100938,train,libero_object_t03_ep002_s0016_approach,libero_object,3,0.625,0.625
0.9737955729166666,libero_object_t3_ep2,,,0.8730504702343757,0.7260952783745124,approach,B2_change_norm,0.9413123712520027,train,libero_object_t03_ep002_s0016_approach,libero_object,3,0.859375,0.859375
0.9739583333333334,libero_object_t3_ep2,,,0.8732917153446614,0.5786467107907451,approach,B3_cos_dist,0.9415126459143969,train,libero_object_t03_ep002_s0016_approach,libero_object,3,0.859375,0.859375
0.95849609375,libero_object_t3_ep2,,,0.9045283161814981,0.8556922692100978,approach,B4_linear_stats,0.9301949816891737,train,libero_object_t03_ep002_s0016_approach,libero_object,3,0.84375,0.84375
0.9922688802083334,libero_object_t3_ep2,0.04520035885785405,0.06395945901989218,0.9941118376247079,0.9558175217212161,pre_grasp,U_hat_mlp,0.9814373998626688,train,libero_object_t03_ep002_s0040_pre_grasp,libero_object,3,0.890625,0.890625
0.4336751302083333,libero_object_t3_ep2,,,0.5417420786434325,-0.11825506972503978,pre_grasp,B0_random,-0.08211475738155184,train,libero_object_t03_ep002_s0040_pre_grasp,libero_object,3,0.171875,0.171875
0.2798665364583333,libero_object_t3_ep2,,,0.5501199804458683,-0.24421872261230296,pre_grasp,B0x_token_index,-0.2453421835660334,train,libero_object_t03_ep002_s0040_pre_grasp,libero_object,3,0.046875,0.046875
0.9169921875,libero_object_t3_ep2,,,0.8827357225073728,0.7284852171856814,pre_grasp,B1_pred_norm_neg,0.6464901865415427,train,libero_object_t03_ep002_s0040_pre_grasp,libero_object,3,0.71875,0.71875
0.964111328125,libero_object_t3_ep2,,,0.9053543425353353,0.8192427819738494,pre_grasp,B2_change_norm,0.9267974650949874,train,libero_object_t03_ep002_s0040_pre_grasp,libero_object,3,0.84375,0.84375
0.9646809895833334,libero_object_t3_ep2,,,0.9066157727122504,0.6954860412664225,pre_grasp,B3_cos_dist,0.9271472304875258,train,libero_object_t03_ep002_s0040_pre_grasp,libero_object,3,0.84375,0.84375
0.967529296875,libero_object_t3_ep2,,,0.9364373979931679,0.8817296027135928,pre_grasp,B4_linear_stats,0.9313723105973907,train,libero_object_t03_ep002_s0040_pre_grasp,libero_object,3,0.84375,0.84375
0.9943033854166666,libero_object_t3_ep2,0.04383699323754707,0.05824420770231759,0.9968569732635945,0.9611978014348844,manipulation,U_hat_mlp,0.9866094930189975,train,libero_object_t03_ep002_s0064_manipulation,libero_object,3,0.9375,0.9375
0.4583333333333333,libero_object_t3_ep2,,,0.5614497871515761,-0.06153852735628825,manipulation,B0_random,-0.050934138246738384,train,libero_object_t03_ep002_s0064_manipulation,libero_object,3,0.21875,0.21875
0.2684733072916667,libero_object_t3_ep2,,,0.5267901317026841,-0.28790173951971715,manipulation,B0x_token_index,-0.27245365072098876,train,libero_object_t03_ep002_s0064_manipulation,libero_object,3,0.0625,0.0625
0.9202473958333334,libero_object_t3_ep2,,,0.9220579745334624,0.7810951142973773,manipulation,B1_pred_norm_neg,0.7225630865186542,train,libero_object_t03_ep002_s0064_manipulation,libero_object,3,0.71875,0.71875
0.9288736979166666,libero_object_t3_ep2,,,0.849443659673291,0.6939799159117707,manipulation,B2_change_norm,0.9159468699931335,train,libero_object_t03_ep002_s0064_manipulation,libero_object,3,0.765625,0.765625
0.9296061197916666,libero_object_t3_ep2,,,0.8498113839939219,0.5600375734276415,manipulation,B3_cos_dist,0.9164117933165484,train,libero_object_t03_ep002_s0064_manipulation,libero_object,3,0.765625,0.765625
0.955322265625,libero_object_t3_ep2,,,0.9371722100489022,0.8618469096737825,manipulation,B4_linear_stats,0.9260171091783017,train,libero_object_t03_ep002_s0064_manipulation,libero_object,3,0.796875,0.796875
0.9957682291666666,libero_object_t3_ep3,0.05125290215735107,0.07465613827626008,0.9971515047290737,0.9466808642639621,approach,U_hat_mlp,0.9779361696040284,train,libero_object_t03_ep003_s0024_approach,libero_object,3,0.953125,0.953125
0.498779296875,libero_object_t3_ep3,,,0.5402219771842389,0.03339289340403925,approach,B0_random,0.03053258754863813,train,libero_object_t03_ep003_s0024_approach,libero_object,3,0.21875,0.21875
0.24796549479166666,libero_object_t3_ep3,,,0.4948678877733219,-0.3891096438968176,approach,B0x_token_index,-0.3822921435111009,train,libero_object_t03_ep003_s0024_approach,libero_object,3,0.09375,0.09375
0.9086100260416666,libero_object_t3_ep3,,,0.8639349141320525,0.7436896138187263,approach,B1_pred_norm_neg,0.6810211146715496,train,libero_object_t03_ep003_s0024_approach,libero_object,3,0.703125,0.703125
0.9845377604166666,libero_object_t3_ep3,,,0.8940431416544568,0.815538456482739,approach,B2_change_norm,0.9547450789654384,train,libero_object_t03_ep003_s0024_approach,libero_object,3,0.890625,0.890625
0.9844563802083334,libero_object_t3_ep3,,,0.8941022380639131,0.6894406690556781,approach,B3_cos_dist,0.9547872796978714,train,libero_object_t03_ep003_s0024_approach,libero_object,3,0.890625,0.890625
0.978271484375,libero_object_t3_ep3,,,0.9036470219211896,0.8788550013344211,approach,B4_linear_stats,0.9534075303273061,train,libero_object_t03_ep003_s0024_approach,libero_object,3,0.859375,0.859375
0.99609375,libero_object_t3_ep3,0.0544549819235382,0.07865653273341253,0.9911018759442185,0.9433493270873898,pre_grasp,U_hat_mlp,0.98549796864271,train,libero_object_t03_ep003_s0048_pre_grasp,libero_object,3,0.9375,0.9375
0.491943359375,libero_object_t3_ep3,,,0.4826997999665906,-0.000261209472129422,pre_grasp,B0_random,0.009028095674067291,train,libero_object_t03_ep003_s0048_pre_grasp,libero_object,3,0.1875,0.1875
0.2808430989583333,libero_object_t3_ep3,,,0.44522752921750414,-0.3127415842199609,pre_grasp,B0x_token_index,-0.30709687571526667,train,libero_object_t03_ep003_s0048_pre_grasp,libero_object,3,0.046875,0.046875
0.9346516927083334,libero_object_t3_ep3,,,0.8991970366921828,0.8155290398449759,pre_grasp,B1_pred_norm_neg,0.6842798695353628,train,libero_object_t03_ep003_s0048_pre_grasp,libero_object,3,0.75,0.75
0.9793294270833334,libero_object_t3_ep3,,,0.9076537455504822,0.8107253003608978,pre_grasp,B2_change_norm,0.971085345616846,train,libero_object_t03_ep003_s0048_pre_grasp,libero_object,3,0.90625,0.90625
0.9794921875,libero_object_t3_ep3,,,0.9078799686349472,0.6543259271202673,pre_grasp,B3_cos_dist,0.9712512874799726,train,libero_object_t03_ep003_s0048_pre_grasp,libero_object,3,0.90625,0.90625
0.9830729166666666,libero_object_t3_ep3,,,0.9279479382605971,0.907169274889184,pre_grasp,B4_linear_stats,0.9744842927443351,train,libero_object_t03_ep003_s0048_pre_grasp,libero_object,3,0.90625,0.90625
0.995849609375,libero_object_t3_ep3,0.05310064554662676,0.07360662093472908,0.9935879854253193,0.9500099599781757,manipulation,U_hat_mlp,0.9793996051728084,train,libero_object_t03_ep003_s0080_manipulation,libero_object,3,0.9375,0.9375
0.480712890625,libero_object_t3_ep3,,,0.5318570997873735,0.032073152319566894,manipulation,B0_random,0.08372696841382467,train,libero_object_t03_ep003_s0080_manipulation,libero_object,3,0.21875,0.21875
0.2566731770833333,libero_object_t3_ep3,,,0.45996870926947403,-0.36281033961527304,manipulation,B0x_token_index,-0.30200846875715265,train,libero_object_t03_ep003_s0080_manipulation,libero_object,3,0.0625,0.0625
0.9220377604166666,libero_object_t3_ep3,,,0.91017121580936,0.8064817228942859,manipulation,B1_pred_norm_neg,0.6867475394827192,train,libero_object_t03_ep003_s0080_manipulation,libero_object,3,0.734375,0.734375
0.9315592447916666,libero_object_t3_ep3,,,0.8246209643753588,0.7315569683664542,manipulation,B2_change_norm,0.9114328221560998,train,libero_object_t03_ep003_s0080_manipulation,libero_object,3,0.765625,0.765625
0.9320475260416666,libero_object_t3_ep3,,,0.8283519789044722,0.6040784527595802,manipulation,B3_cos_dist,0.9118619821469444,train,libero_object_t03_ep003_s0080_manipulation,libero_object,3,0.765625,0.765625
0.960205078125,libero_object_t3_ep3,,,0.9168285159452819,0.8845609786484694,manipulation,B4_linear_stats,0.9325145914396887,train,libero_object_t03_ep003_s0080_manipulation,libero_object,3,0.796875,0.796875
0.99609375,libero_object_t3_ep4,0.05053143899277135,0.06588342283243001,0.9972521627746203,0.931646317015046,approach,U_hat_mlp,0.9855179961089494,train,libero_object_t03_ep004_s0024_approach,libero_object,3,0.953125,0.953125
0.5096028645833334,libero_object_t3_ep4,,,0.5678795419512467,0.07114424207356715,approach,B0_random,0.019883697642481116,train,libero_object_t03_ep004_s0024_approach,libero_object,3,0.28125,0.28125
0.23567708333333334,libero_object_t3_ep4,,,0.4395687265655032,-0.398974258372199,approach,B0x_token_index,-0.40487740329594873,train,libero_object_t03_ep004_s0024_approach,libero_object,3,0.109375,0.109375
0.9010416666666666,libero_object_t3_ep4,,,0.8764988956411045,0.7909402702379723,approach,B1_pred_norm_neg,0.6689474135957885,train,libero_object_t03_ep004_s0024_approach,libero_object,3,0.671875,0.671875
0.978515625,libero_object_t3_ep4,,,0.9288130505345444,0.8554858662225213,approach,B2_change_norm,0.9499856946669718,train,libero_object_t03_ep004_s0024_approach,libero_object,3,0.859375,0.859375
0.9785970052083334,libero_object_t3_ep4,,,0.9302191690930458,0.7927157039046493,approach,B3_cos_dist,0.9502267395284962,train,libero_object_t03_ep004_s0024_approach,libero_object,3,0.859375,0.859375
0.9769694010416666,libero_object_t3_ep4,,,0.8686573287817992,0.8190377395233482,approach,B4_linear_stats,0.9487790398260472,train,libero_object_t03_ep004_s0024_approach,libero_object,3,0.84375,0.84375
0.9896647135416666,libero_object_t3_ep4,0.04480329687012877,0.06003709298674819,0.9864936971283774,0.95424345544203,pre_grasp,U_hat_mlp,0.9857754921034562,train,libero_object_t03_ep004_s0048_pre_grasp,libero_object,3,0.90625,0.90625
0.50146484375,libero_object_t3_ep4,,,0.6737306033825163,0.05753468336415835,pre_grasp,B0_random,0.013803931105516136,train,libero_object_t03_ep004_s0048_pre_grasp,libero_object,3,0.296875,0.296875
0.343505859375,libero_object_t3_ep4,,,0.589764217800459,-0.21482398874050732,pre_grasp,B0x_token_index,-0.19003848134584572,train,libero_object_t03_ep004_s0048_pre_grasp,libero_object,3,0.109375,0.109375
0.9014485677083334,libero_object_t3_ep4,,,0.8963026962156189,0.749313290050094,pre_grasp,B1_pred_norm_neg,0.661094501029984,train,libero_object_t03_ep004_s0048_pre_grasp,libero_object,3,0.640625,0.640625
0.95654296875,libero_object_t3_ep4,,,0.8989093660709849,0.7772447896370278,pre_grasp,B2_change_norm,0.9347691119249256,train,libero_object_t03_ep004_s0048_pre_grasp,libero_object,3,0.8125,0.8125
0.956787109375,libero_object_t3_ep4,,,0.8990294505642604,0.5917695580205807,pre_grasp,B3_cos_dist,0.9349872682536049,train,libero_object_t03_ep004_s0048_pre_grasp,libero_object,3,0.8125,0.8125
0.9606119791666666,libero_object_t3_ep4,,,0.9297217209391293,0.8931588872277949,pre_grasp,B4_linear_stats,0.9390671492332342,train,libero_object_t03_ep004_s0048_pre_grasp,libero_object,3,0.8125,0.8125
0.9898274739583334,libero_object_t3_ep4,0.05378231543173382,0.08531323233407709,0.9778046201513277,0.9241298221177183,manipulation,U_hat_mlp,0.9860193980315862,train,libero_object_t03_ep004_s0072_manipulation,libero_object,3,0.9375,0.9375
0.5332845052083334,libero_object_t3_ep4,,,0.5137064914185483,0.061241247723870365,manipulation,B0_random,0.111171749828336,train,libero_object_t03_ep004_s0072_manipulation,libero_object,3,0.25,0.25
0.21036783854166666,libero_object_t3_ep4,,,0.4234519614161261,-0.3641524408030992,manipulation,B0x_token_index,-0.3300040054932479,train,libero_object_t03_ep004_s0072_manipulation,libero_object,3,0.0,0.0
0.934814453125,libero_object_t3_ep4,,,0.8765545196928729,0.775505608620914,manipulation,B1_pred_norm_neg,0.6637316891737239,train,libero_object_t03_ep004_s0072_manipulation,libero_object,3,0.765625,0.765625
0.9479166666666666,libero_object_t3_ep4,,,0.8145362506146514,0.7081251205082623,manipulation,B2_change_norm,0.9359349965667201,train,libero_object_t03_ep004_s0072_manipulation,libero_object,3,0.828125,0.828125
0.9485677083333334,libero_object_t3_ep4,,,0.8147280055310135,0.591117177194407,manipulation,B3_cos_dist,0.9364693007553215,train,libero_object_t03_ep004_s0072_manipulation,libero_object,3,0.828125,0.828125
0.9718424479166666,libero_object_t3_ep4,,,0.8754832576772342,0.8406144962572802,manipulation,B4_linear_stats,0.947533045319295,train,libero_object_t03_ep004_s0072_manipulation,libero_object,3,0.84375,0.84375
0.9951985677083334,libero_object_t3_ep5,0.042751668282272656,0.059214671485864984,0.9948436921176306,0.9635129014770087,approach,U_hat_mlp,0.9872189002059968,train,libero_object_t03_ep005_s0024_approach,libero_object,3,0.953125,0.953125
0.5379231770833334,libero_object_t3_ep5,,,0.6133932901259327,0.021246246054621578,approach,B0_random,0.004183594644083314,train,libero_object_t03_ep005_s0024_approach,libero_object,3,0.3125,0.3125
0.22696940104166666,libero_object_t3_ep5,,,0.5459678801493194,-0.4171644436002282,approach,B0x_token_index,-0.4042737182421607,train,libero_object_t03_ep005_s0024_approach,libero_object,3,0.0625,0.0625
0.922607421875,libero_object_t3_ep5,,,0.911444948838874,0.7558100529953247,approach,B1_pred_norm_neg,0.7136322671091783,train,libero_object_t03_ep005_s0024_approach,libero_object,3,0.75,0.75
0.9879557291666666,libero_object_t3_ep5,,,0.9288956719372328,0.7985971025741665,approach,B2_change_norm,0.9587777523460747,train,libero_object_t03_ep005_s0024_approach,libero_object,3,0.890625,0.890625
0.9879557291666666,libero_object_t3_ep5,,,0.9288824498676415,0.6782396544957542,approach,B3_cos_dist,0.9586969272144655,train,libero_object_t03_ep005_s0024_approach,libero_object,3,0.890625,0.890625
0.976806640625,libero_object_t3_ep5,,,0.9337691010851337,0.89689692633126,approach,B4_linear_stats,0.9504205767910276,train,libero_object_t03_ep005_s0024_approach,libero_object,3,0.859375,0.859375
0.9970703125,libero_object_t3_ep5,0.043954288456339884,0.059849251997331744,0.9973119470223183,0.9641402429521503,pre_grasp,U_hat_mlp,0.9895127603570611,train,libero_object_t03_ep005_s0048_pre_grasp,libero_object,3,0.9375,0.9375
0.5384114583333334,libero_object_t3_ep5,,,0.549260385265434,0.014845852754610197,pre_grasp,B0_random,-0.007609006637674525,train,libero_object_t03_ep005_s0048_pre_grasp,libero_object,3,0.1875,0.1875
0.30908203125,libero_object_t3_ep5,,,0.5443021879940497,-0.2651009224255102,pre_grasp,B0x_token_index,-0.2761658846417945,train,libero_object_t03_ep005_s0048_pre_grasp,libero_object,3,0.0625,0.0625
0.9178873697916666,libero_object_t3_ep5,,,0.9118536574977523,0.7557266775052636,pre_grasp,B1_pred_norm_neg,0.6942213607232777,train,libero_object_t03_ep005_s0048_pre_grasp,libero_object,3,0.6875,0.6875
0.9759928385416666,libero_object_t3_ep5,,,0.9312620416231335,0.8915150026078121,pre_grasp,B2_change_norm,0.9671370737010757,train,libero_object_t03_ep005_s0048_pre_grasp,libero_object,3,0.875,0.875
0.9757486979166666,libero_object_t3_ep5,,,0.9312891057913697,0.7841767187102839,pre_grasp,B3_cos_dist,0.9670812829022659,train,libero_object_t03_ep005_s0048_pre_grasp,libero_object,3,0.875,0.875
0.9762369791666666,libero_object_t3_ep5,,,0.9545449065006366,0.9306350863914744,pre_grasp,B4_linear_stats,0.9640993362325475,train,libero_object_t03_ep005_s0048_pre_grasp,libero_object,3,0.875,0.875
0.993896484375,libero_object_t3_ep5,0.04331753423300904,0.059974751204489724,0.9880481707956904,0.9443735219007765,manipulation,U_hat_mlp,0.983848563744564,train,libero_object_t03_ep005_s0072_manipulation,libero_object,3,0.921875,0.921875
0.471923828125,libero_object_t3_ep5,,,0.5037657963118468,-0.049051335542160734,manipulation,B0_random,-0.05541385328450446,train,libero_object_t03_ep005_s0072_manipulation,libero_object,3,0.234375,0.234375
0.265869140625,libero_object_t3_ep5,,,0.4868892358800425,-0.27784847749717434,manipulation,B0x_token_index,-0.2458006694895857,train,libero_object_t03_ep005_s0072_manipulation,libero_object,3,0.078125,0.078125
0.9232584635416666,libero_object_t3_ep5,,,0.8992952117103663,0.7604276463448947,manipulation,B1_pred_norm_neg,0.6851496337834745,train,libero_object_t03_ep005_s0072_manipulation,libero_object,3,0.703125,0.703125
0.9384765625,libero_object_t3_ep5,,,0.8803135841802349,0.7360299522839442,manipulation,B2_change_norm,0.9097877088578622,train,libero_object_t03_ep005_s0072_manipulation,libero_object,3,0.796875,0.796875
0.9397786458333334,libero_object_t3_ep5,,,0.8823956755806172,0.6520040759439981,manipulation,B3_cos_dist,0.9107933737697413,train,libero_object_t03_ep005_s0072_manipulation,libero_object,3,0.796875,0.796875
0.9424641927083334,libero_object_t3_ep5,,,0.8977122932274519,0.7973900613796766,manipulation,B4_linear_stats,0.9123862726024262,train,libero_object_t03_ep005_s0072_manipulation,libero_object,3,0.78125,0.78125
0.9893391927083334,libero_object_t3_ep6,0.07805715747804909,0.11608049219874608,0.9492573846824065,0.897486024505879,approach,U_hat_mlp,0.9751137273975738,val,libero_object_t03_ep006_s0024_approach,libero_object,3,0.921875,0.921875
0.4322916666666667,libero_object_t3_ep6,,,0.4750891986177858,-0.11721780688636928,approach,B0_random,-0.10206569008926528,val,libero_object_t03_ep006_s0024_approach,libero_object,3,0.15625,0.15625
0.21207682291666666,libero_object_t3_ep6,,,0.46770529804557137,-0.4530642536655053,approach,B0x_token_index,-0.41864127946898605,val,libero_object_t03_ep006_s0024_approach,libero_object,3,0.09375,0.09375
0.8605143229166666,libero_object_t3_ep6,,,0.8670102363823603,0.7534972366699133,approach,B1_pred_norm_neg,0.6281865129320211,val,libero_object_t03_ep006_s0024_approach,libero_object,3,0.65625,0.65625
0.9853515625,libero_object_t3_ep6,,,0.8869064683095542,0.7962739187262513,approach,B2_change_norm,0.9693164911879149,val,libero_object_t03_ep006_s0024_approach,libero_object,3,0.90625,0.90625
0.9852701822916666,libero_object_t3_ep6,,,0.8867864814523387,0.6558160139386688,approach,B3_cos_dist,0.9693844415197986,val,libero_object_t03_ep006_s0024_approach,libero_object,3,0.90625,0.90625
0.983642578125,libero_object_t3_ep6,,,0.9356464711596778,0.8950578385661283,approach,B4_linear_stats,0.971697613870451,val,libero_object_t03_ep006_s0024_approach,libero_object,3,0.890625,0.890625
0.978271484375,libero_object_t3_ep6,0.08079273693605979,0.11507978936670037,0.9232146046483632,0.9207917408645822,pre_grasp,U_hat_mlp,0.970058937972076,val,libero_object_t03_ep006_s0056_pre_grasp,libero_object,3,0.859375,0.859375
0.5182291666666666,libero_object_t3_ep6,,,0.6369271293511743,0.04051517307409217,pre_grasp,B0_random,0.040602826733806364,val,libero_object_t03_ep006_s0056_pre_grasp,libero_object,3,0.28125,0.28125
0.3241373697916667,libero_object_t3_ep6,,,0.5742225491310204,-0.2528756660772307,pre_grasp,B0x_token_index,-0.2333271343556878,val,libero_object_t03_ep006_s0056_pre_grasp,libero_object,3,0.109375,0.109375
0.9076334635416666,libero_object_t3_ep6,,,0.9174578254774722,0.7593362668235142,pre_grasp,B1_pred_norm_neg,0.6684023804074158,val,libero_object_t03_ep006_s0056_pre_grasp,libero_object,3,0.703125,0.703125
0.9661458333333334,libero_object_t3_ep6,,,0.9015039379583483,0.8363398305328856,pre_grasp,B2_change_norm,0.9522895685511559,val,libero_object_t03_ep006_s0056_pre_grasp,libero_object,3,0.84375,0.84375
0.9664713541666666,libero_object_t3_ep6,,,0.9028918156637505,0.7113886568225286,pre_grasp,B3_cos_dist,0.9525878347447928,val,libero_object_t03_ep006_s0056_pre_grasp,libero_object,3,0.84375,0.84375
0.9707845052083334,libero_object_t3_ep6,,,0.9135020676739057,0.903904705739667,pre_grasp,B4_linear_stats,0.9558566033417258,val,libero_object_t03_ep006_s0056_pre_grasp,libero_object,3,0.859375,0.859375
0.9878743489583334,libero_object_t3_ep6,0.08340667872722614,0.11962360970233929,0.9377151925418581,0.8903561663547838,manipulation,U_hat_mlp,0.9772960059510185,val,libero_object_t03_ep006_s0176_manipulation,libero_object,3,0.890625,0.890625
0.5548502604166666,libero_object_t3_ep6,,,0.5746231083708376,0.029231766717120883,manipulation,B0_random,0.022978656443121998,val,libero_object_t03_ep006_s0176_manipulation,libero_object,3,0.34375,0.34375
0.24202473958333334,libero_object_t3_ep6,,,0.45053956895239416,-0.33527990085972714,manipulation,B0x_token_index,-0.29589794575417716,val,libero_object_t03_ep006_s0176_manipulation,libero_object,3,0.03125,0.03125
0.9228515625,libero_object_t3_ep6,,,0.8825690716929432,0.7798542279604651,manipulation,B1_pred_norm_neg,0.7027208743419546,val,libero_object_t03_ep006_s0176_manipulation,libero_object,3,0.71875,0.71875
0.9535319010416666,libero_object_t3_ep6,,,0.8386157724779643,0.733612554399156,manipulation,B2_change_norm,0.9271357862211033,val,libero_object_t03_ep006_s0176_manipulation,libero_object,3,0.8125,0.8125
0.9541015625,libero_object_t3_ep6,,,0.8384272970696194,0.6289984149308783,manipulation,B3_cos_dist,0.9279175726710918,val,libero_object_t03_ep006_s0176_manipulation,libero_object,3,0.8125,0.8125
0.9578450520833334,libero_object_t3_ep6,,,0.8810965661478002,0.8398569790164928,manipulation,B4_linear_stats,0.9381902323186084,val,libero_object_t03_ep006_s0176_manipulation,libero_object,3,0.8125,0.8125
0.9798177083333334,libero_object_t3_ep7,0.07836249792495441,0.1288538485900832,0.9204797406246389,0.914149207832745,approach,U_hat_mlp,0.9661814774547951,val,libero_object_t03_ep007_s0016_approach,libero_object,3,0.890625,0.890625
0.4921061197916667,libero_object_t3_ep7,,,0.5810187222518509,-0.01784187583468737,approach,B0_random,0.006234264133669032,val,libero_object_t03_ep007_s0016_approach,libero_object,3,0.234375,0.234375
0.22574869791666666,libero_object_t3_ep7,,,0.560162022343349,-0.41740323972117066,approach,B0x_token_index,-0.402823157473106,val,libero_object_t03_ep007_s0016_approach,libero_object,3,0.078125,0.078125
0.9178059895833334,libero_object_t3_ep7,,,0.9236947771656874,0.7320911079847432,approach,B1_pred_norm_neg,0.6787716010528725,val,libero_object_t03_ep007_s0016_approach,libero_object,3,0.703125,0.703125
0.972900390625,libero_object_t3_ep7,,,0.89914576199977,0.7481205573159113,approach,B2_change_norm,0.9471639677271687,val,libero_object_t03_ep007_s0016_approach,libero_object,3,0.859375,0.859375
0.9730631510416666,libero_object_t3_ep7,,,0.899308737329854,0.583195924044408,approach,B3_cos_dist,0.9472769798580911,val,libero_object_t03_ep007_s0016_approach,libero_object,3,0.859375,0.859375
0.9801432291666666,libero_object_t3_ep7,,,0.9657227245853476,0.9074205976167234,approach,B4_linear_stats,0.9590445468070496,val,libero_object_t03_ep007_s0016_approach,libero_object,3,0.875,0.875
0.9852701822916666,libero_object_t3_ep7,0.08078289894154464,0.11338172632069486,0.9561415567030115,0.917482214631648,pre_grasp,U_hat_mlp,0.9719615472648203,val,libero_object_t03_ep007_s0040_pre_grasp,libero_object,3,0.90625,0.90625
0.505126953125,libero_object_t3_ep7,,,0.5978030079327378,0.011604267175486965,pre_grasp,B0_random,0.01405785076676585,val,libero_object_t03_ep007_s0040_pre_grasp,libero_object,3,0.28125,0.28125
0.2644856770833333,libero_object_t3_ep7,,,0.5060116336801831,-0.324734520263638,pre_grasp,B0x_token_index,-0.3475709544518196,val,libero_object_t03_ep007_s0040_pre_grasp,libero_object,3,0.03125,0.03125
0.92041015625,libero_object_t3_ep7,,,0.8965403442554788,0.7395446868572859,pre_grasp,B1_pred_norm_neg,0.6580503261615931,val,libero_object_t03_ep007_s0040_pre_grasp,libero_object,3,0.734375,0.734375
0.9666341145833334,libero_object_t3_ep7,,,0.8718747741463627,0.7372897865729233,pre_grasp,B2_change_norm,0.9486231116960403,val,libero_object_t03_ep007_s0040_pre_grasp,libero_object,3,0.859375,0.859375
0.9666341145833334,libero_object_t3_ep7,,,0.8724840113527824,0.5244229919153082,pre_grasp,B3_cos_dist,0.9487089436942092,val,libero_object_t03_ep007_s0040_pre_grasp,libero_object,3,0.859375,0.859375
0.9735514322916666,libero_object_t3_ep7,,,0.9245105471142827,0.8870778456106022,pre_grasp,B4_linear_stats,0.9535834859235524,val,libero_object_t03_ep007_s0040_pre_grasp,libero_object,3,0.875,0.875
0.983154296875,libero_object_t3_ep7,0.08759115080872275,0.12667142312791732,0.9607323322789704,0.923165199893183,manipulation,U_hat_mlp,0.965589951934081,val,libero_object_t03_ep007_s0064_manipulation,libero_object,3,0.859375,0.859375
0.5174153645833334,libero_object_t3_ep7,,,0.5488929714618588,2.0128377552606398e-05,manipulation,B0_random,-0.01443765735866331,val,libero_object_t03_ep007_s0064_manipulation,libero_object,3,0.234375,0.234375
0.2671712239583333,libero_object_t3_ep7,,,0.5131458276540682,-0.28066786324099674,manipulation,B0x_token_index,-0.23545505264362554,val,libero_object_t03_ep007_s0064_manipulation,libero_object,3,0.046875,0.046875
0.924560546875,libero_object_t3_ep7,,,0.9107918722875787,0.7646352598987137,manipulation,B1_pred_norm_neg,0.7060332742046235,val,libero_object_t03_ep007_s0064_manipulation,libero_object,3,0.71875,0.71875
0.9261881510416666,libero_object_t3_ep7,,,0.8173689068714574,0.664208458503201,manipulation,B2_change_norm,0.8792851625085832,val,libero_object_t03_ep007_s0064_manipulation,libero_object,3,0.71875,0.71875
0.92724609375,libero_object_t3_ep7,,,0.8190598365993176,0.5256105963982148,manipulation,B3_cos_dist,0.8805898088807508,val,libero_object_t03_ep007_s0064_manipulation,libero_object,3,0.71875,0.71875
0.9444986979166666,libero_object_t3_ep7,,,0.9022517524451589,0.8446647697198632,manipulation,B4_linear_stats,0.9031722075989929,val,libero_object_t03_ep007_s0064_manipulation,libero_object,3,0.75,0.75
0.990966796875,libero_object_t3_ep8,0.0752962327435747,0.11279847822965842,0.9365295011665461,0.8911290571736872,approach,U_hat_mlp,0.9704845216296636,testA,libero_object_t03_ep008_s0024_approach,libero_object,3,0.90625,0.90625
0.55078125,libero_object_t3_ep8,,,0.6597042042260693,0.13483946183498824,approach,B0_random,0.07722805561913482,testA,libero_object_t03_ep008_s0024_approach,libero_object,3,0.265625,0.265625
0.24698893229166666,libero_object_t3_ep8,,,0.5068292877460258,-0.37788584510343703,approach,B0x_token_index,-0.3592991817349508,testA,libero_object_t03_ep008_s0024_approach,libero_object,3,0.0625,0.0625
0.9271647135416666,libero_object_t3_ep8,,,0.9040857222382784,0.7791128880071323,approach,B1_pred_norm_neg,0.6590002002746624,testA,libero_object_t03_ep008_s0024_approach,libero_object,3,0.75,0.75
0.9805501302083334,libero_object_t3_ep8,,,0.9003600722304606,0.7977053310879467,approach,B2_change_norm,0.9356181334401464,testA,libero_object_t03_ep008_s0024_approach,libero_object,3,0.875,0.875
0.980712890625,libero_object_t3_ep8,,,0.9005012857950038,0.6980126641217506,approach,B3_cos_dist,0.9354750801098649,testA,libero_object_t03_ep008_s0024_approach,libero_object,3,0.875,0.875
0.9732259114583334,libero_object_t3_ep8,,,0.9287752842859065,0.8669040013226909,approach,B4_linear_stats,0.9243362325474938,testA,libero_object_t03_ep008_s0024_approach,libero_object,3,0.875,0.875
0.98974609375,libero_object_t3_ep8,0.07517813507943705,0.1066937673060587,0.9704510646241041,0.9154454257752644,pre_grasp,U_hat_mlp,0.9692385271229115,testA,libero_object_t03_ep008_s0040_pre_grasp,libero_object,3,0.90625,0.90625
0.5121256510416666,libero_object_t3_ep8,,,0.6241936627603527,0.03715467361486679,pre_grasp,B0_random,0.05024676699473564,testA,libero_object_t03_ep008_s0040_pre_grasp,libero_object,3,0.265625,0.265625
0.2941080729166667,libero_object_t3_ep8,,,0.5231102942191566,-0.31165479888617315,pre_grasp,B0x_token_index,-0.31125972762645915,testA,libero_object_t03_ep008_s0040_pre_grasp,libero_object,3,0.078125,0.078125
0.9064127604166666,libero_object_t3_ep8,,,0.881202805865776,0.7516146436128434,pre_grasp,B1_pred_norm_neg,0.6459966525520714,testA,libero_object_t03_ep008_s0040_pre_grasp,libero_object,3,0.6875,0.6875
0.9677734375,libero_object_t3_ep8,,,0.8878115425760339,0.7442359260300405,pre_grasp,B2_change_norm,0.9382052529182879,testA,libero_object_t03_ep008_s0040_pre_grasp,libero_object,3,0.859375,0.859375
0.9679361979166666,libero_object_t3_ep8,,,0.8880333678432664,0.567627653928381,pre_grasp,B3_cos_dist,0.9386308365758755,testA,libero_object_t03_ep008_s0040_pre_grasp,libero_object,3,0.859375,0.859375
0.973388671875,libero_object_t3_ep8,,,0.9454295812789073,0.8732115400457522,pre_grasp,B4_linear_stats,0.9437821869993134,testA,libero_object_t03_ep008_s0040_pre_grasp,libero_object,3,0.828125,0.828125
0.97119140625,libero_object_t3_ep8,0.08937818999500736,0.1330728863474592,0.9388359184985318,0.8788251422883538,manipulation,U_hat_mlp,0.9606481746395056,testA,libero_object_t03_ep008_s0064_manipulation,libero_object,3,0.875,0.875
0.5440266927083334,libero_object_t3_ep8,,,0.5887135806556515,0.035694814403489046,manipulation,B0_random,0.03843842984664683,testA,libero_object_t03_ep008_s0064_manipulation,libero_object,3,0.296875,0.296875
0.2735188802083333,libero_object_t3_ep8,,,0.4673792676990741,-0.33484505539607695,manipulation,B0x_token_index,-0.3744828622110323,testA,libero_object_t03_ep008_s0064_manipulation,libero_object,3,0.03125,0.03125
0.9224446614583334,libero_object_t3_ep8,,,0.8711288095974513,0.7394783810948649,manipulation,B1_pred_norm_neg,0.6855902380407416,testA,libero_object_t03_ep008_s0064_manipulation,libero_object,3,0.734375,0.734375
0.9431966145833334,libero_object_t3_ep8,,,0.8321715880698688,0.6747938715126147,manipulation,B2_change_norm,0.9292193579766537,testA,libero_object_t03_ep008_s0064_manipulation,libero_object,3,0.765625,0.765625
0.9437662760416666,libero_object_t3_ep8,,,0.8354687095934319,0.559937034654927,manipulation,B3_cos_dist,0.9298430704966811,testA,libero_object_t03_ep008_s0064_manipulation,libero_object,3,0.765625,0.765625
0.948974609375,libero_object_t3_ep8,,,0.8794307982319635,0.8057760534716438,manipulation,B4_linear_stats,0.9249942778667888,testA,libero_object_t03_ep008_s0064_manipulation,libero_object,3,0.765625,0.765625
0.9873046875,libero_object_t3_ep9,0.07136206737205758,0.11028379590937722,0.9456921876217566,0.9349102693083264,approach,U_hat_mlp,0.9726482032501717,testA,libero_object_t03_ep009_s0024_approach,libero_object,3,0.921875,0.921875
0.5236002604166666,libero_object_t3_ep9,,,0.6251566274766551,0.031304928264863946,approach,B0_random,0.03824888418402381,testA,libero_object_t03_ep009_s0024_approach,libero_object,3,0.28125,0.28125
0.260986328125,libero_object_t3_ep9,,,0.5600258157356429,-0.4044955082532117,approach,B0x_token_index,-0.3780112726024262,testA,libero_object_t03_ep009_s0024_approach,libero_object,3,0.109375,0.109375
0.870361328125,libero_object_t3_ep9,,,0.8859251449031734,0.7489104560351997,approach,B1_pred_norm_neg,0.6299746795605402,testA,libero_object_t03_ep009_s0024_approach,libero_object,3,0.640625,0.640625
0.974853515625,libero_object_t3_ep9,,,0.9415387008661427,0.8267858563772102,approach,B2_change_norm,0.9621645399404898,testA,libero_object_t03_ep009_s0024_approach,libero_object,3,0.828125,0.828125
0.9750162760416666,libero_object_t3_ep9,,,0.9417642014519958,0.6824455757924448,approach,B3_cos_dist,0.9624291886015106,testA,libero_object_t03_ep009_s0024_approach,libero_object,3,0.828125,0.828125
0.97314453125,libero_object_t3_ep9,,,0.9458942046518861,0.9186425789912275,approach,B4_linear_stats,0.9602905413138018,testA,libero_object_t03_ep009_s0024_approach,libero_object,3,0.828125,0.828125
0.984619140625,libero_object_t3_ep9,0.09532754599724264,0.16283634865912325,0.9115003476868605,0.8283283370807665,pre_grasp,U_hat_mlp,0.9640220874341955,testA,libero_object_t03_ep009_s0048_pre_grasp,libero_object,3,0.90625,0.90625
0.5692545572916666,libero_object_t3_ep9,,,0.5023541158841904,0.02045078437283215,pre_grasp,B0_random,0.030537594415197985,testA,libero_object_t03_ep009_s0048_pre_grasp,libero_object,3,0.296875,0.296875
0.2572428385416667,libero_object_t3_ep9,,,0.4255338139809846,-0.2870958815664735,pre_grasp,B0x_token_index,-0.30332742046234834,testA,libero_object_t03_ep009_s0048_pre_grasp,libero_object,3,0.03125,0.03125
0.9124348958333334,libero_object_t3_ep9,,,0.8831533099744902,0.7876315779193543,pre_grasp,B1_pred_norm_neg,0.6876659418631266,testA,libero_object_t03_ep009_s0048_pre_grasp,libero_object,3,0.75,0.75
0.9842122395833334,libero_object_t3_ep9,,,0.9163719277257192,0.8260214140455614,pre_grasp,B2_change_norm,0.9632803559166857,testA,libero_object_t03_ep009_s0048_pre_grasp,libero_object,3,0.921875,0.921875
0.984375,libero_object_t3_ep9,,,0.9165268555303026,0.6819487962535143,pre_grasp,B3_cos_dist,0.9633547436484321,testA,libero_object_t03_ep009_s0048_pre_grasp,libero_object,3,0.921875,0.921875
0.9857584635416666,libero_object_t3_ep9,,,0.9577599247550891,0.8851831257823594,pre_grasp,B4_linear_stats,0.964165140764477,testA,libero_object_t03_ep009_s0048_pre_grasp,libero_object,3,0.9375,0.9375
0.9840494791666666,libero_object_t3_ep9,0.10548852547946386,0.1672745246319311,0.8923533167822717,0.832785768307817,manipulation,U_hat_mlp,0.9625214579995423,testA,libero_object_t03_ep009_s0072_manipulation,libero_object,3,0.875,0.875
0.5,libero_object_t3_ep9,,,0.4764343630466026,-0.017772858838574573,manipulation,B0_random,-0.015213721675440604,testA,libero_object_t03_ep009_s0072_manipulation,libero_object,3,0.203125,0.203125
0.23445638020833334,libero_object_t3_ep9,,,0.4010769554499263,-0.3651413075382188,manipulation,B0x_token_index,-0.363940547035935,testA,libero_object_t03_ep009_s0072_manipulation,libero_object,3,0.0,0.0
0.9498697916666666,libero_object_t3_ep9,,,0.8934253675865768,0.8144171101625995,manipulation,B1_pred_norm_neg,0.7292443923094529,testA,libero_object_t03_ep009_s0072_manipulation,libero_object,3,0.796875,0.796875
0.9735514322916666,libero_object_t3_ep9,,,0.8445796308583113,0.7685263260624822,manipulation,B2_change_norm,0.9432156958113985,testA,libero_object_t03_ep009_s0072_manipulation,libero_object,3,0.84375,0.84375
0.9739583333333334,libero_object_t3_ep9,,,0.8474094628327691,0.6795950312744619,manipulation,B3_cos_dist,0.9437507152666514,testA,libero_object_t03_ep009_s0072_manipulation,libero_object,3,0.859375,0.859375
0.9427897135416666,libero_object_t3_ep9,,,0.8490639598096549,0.7973147652765825,manipulation,B4_linear_stats,0.92329265850309,testA,libero_object_t03_ep009_s0072_manipulation,libero_object,3,0.78125,0.78125
0.999267578125,libero_object_t6_ep0,0.04080718305621579,0.054740174987619655,0.9979046529904767,0.9132418764731166,approach,U_hat_mlp,0.9911657415884642,train,libero_object_t06_ep000_s0024_approach,libero_object,6,0.96875,0.96875
0.5205891927083334,libero_object_t6_ep0,,,0.5688711141165274,0.04672918820538836,approach,B0_random,0.022735465781643396,train,libero_object_t06_ep000_s0024_approach,libero_object,6,0.328125,0.328125
0.24943033854166666,libero_object_t6_ep0,,,0.529999274419903,-0.3078344594125078,approach,B0x_token_index,-0.2833271343556878,train,libero_object_t06_ep000_s0024_approach,libero_object,6,0.109375,0.109375
0.881591796875,libero_object_t6_ep0,,,0.848810908977377,0.6936793351313955,approach,B1_pred_norm_neg,0.6225230315861753,train,libero_object_t06_ep000_s0024_approach,libero_object,6,0.71875,0.71875
0.9755859375,libero_object_t6_ep0,,,0.8501574014801457,0.6774698205976089,approach,B2_change_norm,0.9636179617761501,train,libero_object_t06_ep000_s0024_approach,libero_object,6,0.875,0.875
0.9756673177083334,libero_object_t6_ep0,,,0.8502160585038065,0.5161870076211825,approach,B3_cos_dist,0.9637402723735409,train,libero_object_t06_ep000_s0024_approach,libero_object,6,0.875,0.875
0.9798990885416666,libero_object_t6_ep0,,,0.8700010835458277,0.8433865210372754,approach,B4_linear_stats,0.9640993362325475,train,libero_object_t06_ep000_s0024_approach,libero_object,6,0.890625,0.890625
0.9962565104166666,libero_object_t6_ep0,0.04592387729842163,0.06529158761421393,0.9971446289286374,0.9358460027521892,pre_grasp,U_hat_mlp,0.9901729514763103,train,libero_object_t06_ep000_s0048_pre_grasp,libero_object,6,0.9375,0.9375
0.4733072916666667,libero_object_t6_ep0,,,0.582878940533601,0.003216810865866219,pre_grasp,B0_random,-0.039405470359349964,train,libero_object_t06_ep000_s0048_pre_grasp,libero_object,6,0.25,0.25
0.2640787760416667,libero_object_t6_ep0,,,0.4993643296495421,-0.34143340099231495,pre_grasp,B0x_token_index,-0.3342176413366903,train,libero_object_t06_ep000_s0048_pre_grasp,libero_object,6,0.078125,0.078125
0.9022623697916666,libero_object_t6_ep0,,,0.9160366704068404,0.7782466533236885,pre_grasp,B1_pred_norm_neg,0.7031571869993134,train,libero_object_t06_ep000_s0048_pre_grasp,libero_object,6,0.75,0.75
0.95947265625,libero_object_t6_ep0,,,0.8754750038455474,0.7478899538725936,pre_grasp,B2_change_norm,0.9478534847791257,train,libero_object_t06_ep000_s0048_pre_grasp,libero_object,6,0.8125,0.8125
0.9601236979166666,libero_object_t6_ep0,,,0.8758099424796322,0.587581554454558,pre_grasp,B3_cos_dist,0.9484729056992447,train,libero_object_t06_ep000_s0048_pre_grasp,libero_object,6,0.8125,0.8125
0.9668782552083334,libero_object_t6_ep0,,,0.9156484695158815,0.8795295137094907,pre_grasp,B4_linear_stats,0.954263704509041,train,libero_object_t06_ep000_s0048_pre_grasp,libero_object,6,0.8125,0.8125
0.9972330729166666,libero_object_t6_ep0,0.04622808937496001,0.058868861097195864,0.9971582076112222,0.9396031807765821,manipulation,U_hat_mlp,0.9863949130235752,train,libero_object_t06_ep000_s0072_manipulation,libero_object,6,0.9375,0.9375
0.5047200520833334,libero_object_t6_ep0,,,0.5689434514132999,0.044480729765605395,manipulation,B0_random,0.06642538338292515,train,libero_object_t06_ep000_s0072_manipulation,libero_object,6,0.234375,0.234375
0.21158854166666666,libero_object_t6_ep0,,,0.5181035792947601,-0.35348141926063226,manipulation,B0x_token_index,-0.30286964980544745,train,libero_object_t06_ep000_s0072_manipulation,libero_object,6,0.078125,0.078125
0.9073893229166666,libero_object_t6_ep0,,,0.8995279370587718,0.7687615509737317,manipulation,B1_pred_norm_neg,0.6881494621194781,train,libero_object_t06_ep000_s0072_manipulation,libero_object,6,0.71875,0.71875
0.96435546875,libero_object_t6_ep0,,,0.867221193771285,0.7373695179294943,manipulation,B2_change_norm,0.9369528210116731,train,libero_object_t06_ep000_s0072_manipulation,libero_object,6,0.8125,0.8125
0.9646809895833334,libero_object_t6_ep0,,,0.8682087708492241,0.6078456445298993,manipulation,B3_cos_dist,0.9373619535362783,train,libero_object_t06_ep000_s0072_manipulation,libero_object,6,0.8125,0.8125
0.9369303385416666,libero_object_t6_ep0,,,0.8758569017212243,0.8298035672276648,manipulation,B4_linear_stats,0.9132882238498512,train,libero_object_t06_ep000_s0072_manipulation,libero_object,6,0.796875,0.796875
0.996337890625,libero_object_t6_ep1,0.03925884184069213,0.04917977211592564,0.995859626387388,0.9596980534889321,approach,U_hat_mlp,0.9899841210803387,train,libero_object_t06_ep001_s0024_approach,libero_object,6,0.9375,0.9375
0.5044759114583334,libero_object_t6_ep1,,,0.6300033165056423,0.06399830412679261,approach,B0_random,0.0884255550469215,train,libero_object_t06_ep001_s0024_approach,libero_object,6,0.25,0.25
0.2762858072916667,libero_object_t6_ep1,,,0.6247881916314946,-0.2924949956968993,approach,B0x_token_index,-0.29125514991989016,train,libero_object_t06_ep001_s0024_approach,libero_object,6,0.109375,0.109375
0.8545735677083334,libero_object_t6_ep1,,,0.8707450931171363,0.6411168745293894,approach,B1_pred_norm_neg,0.6030041199359121,train,libero_object_t06_ep001_s0024_approach,libero_object,6,0.640625,0.640625
0.9540201822916666,libero_object_t6_ep1,,,0.9183623094058632,0.680251602335752,approach,B2_change_norm,0.9399848363469901,train,libero_object_t06_ep001_s0024_approach,libero_object,6,0.8125,0.8125
0.9541829427083334,libero_object_t6_ep1,,,0.9189822301958801,0.5094345204547032,approach,B3_cos_dist,0.9398296234836347,train,libero_object_t06_ep001_s0024_approach,libero_object,6,0.828125,0.828125
0.9515787760416666,libero_object_t6_ep1,,,0.9167258437610222,0.8610115667093963,approach,B4_linear_stats,0.9327649347676814,train,libero_object_t06_ep001_s0024_approach,libero_object,6,0.8125,0.8125
0.9951985677083334,libero_object_t6_ep1,0.048166763427240425,0.05961209696462426,0.9957241801769193,0.9439529311133349,pre_grasp,U_hat_mlp,0.9918180647745479,train,libero_object_t06_ep001_s0056_pre_grasp,libero_object,6,0.921875,0.921875
0.5914713541666666,libero_object_t6_ep1,,,0.5944397205656686,0.11911414381439352,pre_grasp,B0_random,0.09499599450675211,train,libero_object_t06_ep001_s0056_pre_grasp,libero_object,6,0.390625,0.390625
0.23193359375,libero_object_t6_ep1,,,0.45691696996167097,-0.3627710089949137,pre_grasp,B0x_token_index,-0.3553408960860609,train,libero_object_t06_ep001_s0056_pre_grasp,libero_object,6,0.03125,0.03125
0.937744140625,libero_object_t6_ep1,,,0.9116667211771393,0.7994014068293114,pre_grasp,B1_pred_norm_neg,0.7374127374685283,train,libero_object_t06_ep001_s0056_pre_grasp,libero_object,6,0.78125,0.78125
0.9510904947916666,libero_object_t6_ep1,,,0.925576119823698,0.8885842382260443,pre_grasp,B2_change_norm,0.9542386701762418,train,libero_object_t06_ep001_s0056_pre_grasp,libero_object,6,0.796875,0.796875
0.9517415364583334,libero_object_t6_ep1,,,0.9253825682757515,0.8404677993622405,pre_grasp,B3_cos_dist,0.954581282902266,train,libero_object_t06_ep001_s0056_pre_grasp,libero_object,6,0.796875,0.796875
0.9677734375,libero_object_t6_ep1,,,0.9367955181134557,0.9096663592172387,pre_grasp,B4_linear_stats,0.9671091783016709,train,libero_object_t06_ep001_s0056_pre_grasp,libero_object,6,0.8125,0.8125
0.9970703125,libero_object_t6_ep1,0.03925038961013657,0.053646409788247515,0.9956219620960395,0.9336348989256452,manipulation,U_hat_mlp,0.991481174181735,train,libero_object_t06_ep001_s0072_manipulation,libero_object,6,0.96875,0.96875
0.4737955729166667,libero_object_t6_ep1,,,0.5918750334492859,0.007116843036727912,manipulation,B0_random,-0.026508497367818722,train,libero_object_t06_ep001_s0072_manipulation,libero_object,6,0.234375,0.234375
0.19441731770833334,libero_object_t6_ep1,,,0.4826957968012494,-0.39796974183419903,manipulation,B0x_token_index,-0.3493669890135042,train,libero_object_t06_ep001_s0072_manipulation,libero_object,6,0.046875,0.046875
0.9305013020833334,libero_object_t6_ep1,,,0.9190165384836804,0.8049239227329532,manipulation,B1_pred_norm_neg,0.707590409704738,train,libero_object_t06_ep001_s0072_manipulation,libero_object,6,0.796875,0.796875
0.9635416666666666,libero_object_t6_ep1,,,0.883548722841058,0.7537396531692009,manipulation,B2_change_norm,0.944802872510872,train,libero_object_t06_ep001_s0072_manipulation,libero_object,6,0.84375,0.84375
0.9638671875,libero_object_t6_ep1,,,0.8850675515495113,0.6336776914711876,manipulation,B3_cos_dist,0.9451440547035935,train,libero_object_t06_ep001_s0072_manipulation,libero_object,6,0.84375,0.84375
0.9523111979166666,libero_object_t6_ep1,,,0.883736586803962,0.8294467269960609,manipulation,B4_linear_stats,0.9309910734721905,train,libero_object_t06_ep001_s0072_manipulation,libero_object,6,0.84375,0.84375
0.9959309895833334,libero_object_t6_ep2,0.0453639507714706,0.06128441994809371,0.9947247216855819,0.9384860332437728,approach,U_hat_mlp,0.9876595044632639,train,libero_object_t06_ep002_s0024_approach,libero_object,6,0.9375,0.9375
0.5327962239583334,libero_object_t6_ep2,,,0.5970234586314752,0.0707298411081444,approach,B0_random,0.09039039253833829,train,libero_object_t06_ep002_s0024_approach,libero_object,6,0.296875,0.296875
0.22835286458333334,libero_object_t6_ep2,,,0.5085929063692846,-0.39089462648339046,approach,B0x_token_index,-0.33003118562600137,train,libero_object_t06_ep002_s0024_approach,libero_object,6,0.09375,0.09375
0.8948567708333334,libero_object_t6_ep2,,,0.893342736397228,0.7921129513512678,approach,B1_pred_norm_neg,0.6449666685740444,train,libero_object_t06_ep002_s0024_approach,libero_object,6,0.6875,0.6875
0.9832356770833334,libero_object_t6_ep2,,,0.900647910415511,0.791038839929219,approach,B2_change_norm,0.9711296921492333,train,libero_object_t06_ep002_s0024_approach,libero_object,6,0.890625,0.890625
0.9833984375,libero_object_t6_ep2,,,0.9009400977730653,0.6437978320955644,approach,B3_cos_dist,0.9712098020141909,train,libero_object_t06_ep002_s0024_approach,libero_object,6,0.890625,0.890625
0.9730631510416666,libero_object_t6_ep2,,,0.9191261540100126,0.9033537345229551,approach,B4_linear_stats,0.9622239070725567,train,libero_object_t06_ep002_s0024_approach,libero_object,6,0.875,0.875
1.0,libero_object_t6_ep2,0.03651951913963335,0.050173754333622644,0.999755691815466,0.9299810575392949,pre_grasp,U_hat_mlp,0.9914611467154956,train,libero_object_t06_ep002_s0048_pre_grasp,libero_object,6,1.0,1.0
0.498291015625,libero_object_t6_ep2,,,0.5543561115984825,0.07787040672694048,pre_grasp,B0_random,0.06720144769970245,train,libero_object_t06_ep002_s0048_pre_grasp,libero_object,6,0.265625,0.265625
0.24365234375,libero_object_t6_ep2,,,0.45194823861676753,-0.3013364577395287,pre_grasp,B0x_token_index,-0.2970817120622568,train,libero_object_t06_ep002_s0048_pre_grasp,libero_object,6,0.03125,0.03125
0.9253743489583334,libero_object_t6_ep2,,,0.8790890206808968,0.7573214962181345,pre_grasp,B1_pred_norm_neg,0.6964966239414053,train,libero_object_t06_ep002_s0048_pre_grasp,libero_object,6,0.796875,0.796875
0.9903971354166666,libero_object_t6_ep2,,,0.9247179190317506,0.8057603528607153,pre_grasp,B2_change_norm,0.9637166685740444,train,libero_object_t06_ep002_s0048_pre_grasp,libero_object,6,0.90625,0.90625
0.9900716145833334,libero_object_t6_ep2,,,0.9245520019390988,0.6941902602811065,pre_grasp,B3_cos_dist,0.9635821984435797,train,libero_object_t06_ep002_s0048_pre_grasp,libero_object,6,0.90625,0.90625
0.9889322916666666,libero_object_t6_ep2,,,0.8940813846245211,0.8494811870781165,pre_grasp,B4_linear_stats,0.964970531013962,train,libero_object_t06_ep002_s0048_pre_grasp,libero_object,6,0.921875,0.921875
0.997314453125,libero_object_t6_ep2,0.042429610031415876,0.0653666159122047,0.9957801600878093,0.9314218249796089,manipulation,U_hat_mlp,0.990396829938201,train,libero_object_t06_ep002_s0072_manipulation,libero_object,6,0.96875,0.96875
0.5292154947916666,libero_object_t6_ep2,,,0.4826018482945444,0.021030236297327976,manipulation,B0_random,0.005968900205996795,train,libero_object_t06_ep002_s0072_manipulation,libero_object,6,0.25,0.25
0.23958333333333334,libero_object_t6_ep2,,,0.43675638224673957,-0.3697700601186302,manipulation,B0x_token_index,-0.33688344014648663,train,libero_object_t06_ep002_s0072_manipulation,libero_object,6,0.078125,0.078125
0.9166666666666666,libero_object_t6_ep2,,,0.8668046763137925,0.7671707779343666,manipulation,B1_pred_norm_neg,0.7263525692378119,train,libero_object_t06_ep002_s0072_manipulation,libero_object,6,0.75,0.75
0.962646484375,libero_object_t6_ep2,,,0.8256301633793413,0.7115043002102216,manipulation,B2_change_norm,0.9553723678187228,train,libero_object_t06_ep002_s0072_manipulation,libero_object,6,0.8125,0.8125
0.9628092447916666,libero_object_t6_ep2,,,0.8262757810000841,0.5831014889339513,manipulation,B3_cos_dist,0.9554424639505608,train,libero_object_t06_ep002_s0072_manipulation,libero_object,6,0.8125,0.8125
0.9619140625,libero_object_t6_ep2,,,0.9042748431759542,0.8459286033730412,manipulation,B4_linear_stats,0.9470824273289082,train,libero_object_t06_ep002_s0072_manipulation,libero_object,6,0.828125,0.828125
0.9976399739583334,libero_object_t6_ep3,0.037225873364958605,0.05043501097528516,0.99692916094906,0.9436805176121168,approach,U_hat_mlp,0.9892416742961776,train,libero_object_t06_ep003_s0024_approach,libero_object,6,0.953125,0.953125
0.50439453125,libero_object_t6_ep3,,,0.5823284384366433,-0.015376207522632331,approach,B0_random,-0.03154182879377432,train,libero_object_t06_ep003_s0024_approach,libero_object,6,0.234375,0.234375
0.302490234375,libero_object_t6_ep3,,,0.572744642996015,-0.28734642641915326,approach,B0x_token_index,-0.2707084000915541,train,libero_object_t06_ep003_s0024_approach,libero_object,6,0.125,0.125
0.886474609375,libero_object_t6_ep3,,,0.8809672235772151,0.7125652653194335,approach,B1_pred_norm_neg,0.6390599965667201,train,libero_object_t06_ep003_s0024_approach,libero_object,6,0.671875,0.671875
0.9576009114583334,libero_object_t6_ep3,,,0.8887259535045345,0.6842744012015746,approach,B2_change_norm,0.946348563744564,train,libero_object_t06_ep003_s0024_approach,libero_object,6,0.796875,0.796875
0.957763671875,libero_object_t6_ep3,,,0.8912392841646783,0.5311964664275944,approach,B3_cos_dist,0.9466074902723736,train,libero_object_t06_ep003_s0024_approach,libero_object,6,0.796875,0.796875
0.9329427083333334,libero_object_t6_ep3,,,0.8624627106574757,0.8096928836756714,approach,B4_linear_stats,0.9165212291142137,train,libero_object_t06_ep003_s0024_approach,libero_object,6,0.78125,0.78125
0.99853515625,libero_object_t6_ep3,0.03579529669534707,0.047898480846094965,0.9961448736044279,0.9613222128286714,pre_grasp,U_hat_mlp,0.9931970988784619,train,libero_object_t06_ep003_s0056_pre_grasp,libero_object,6,0.953125,0.953125
0.5386555989583334,libero_object_t6_ep3,,,0.5647486410869289,-0.04909527457623222,pre_grasp,B0_random,-0.05493390936140993,train,libero_object_t06_ep003_s0056_pre_grasp,libero_object,6,0.28125,0.28125
0.2711588541666667,libero_object_t6_ep3,,,0.5133947381417848,-0.3237010445972071,pre_grasp,B0x_token_index,-0.3108992332341497,train,libero_object_t06_ep003_s0056_pre_grasp,libero_object,6,0.0625,0.0625
0.9348958333333334,libero_object_t6_ep3,,,0.9172519236278506,0.7797602203175832,pre_grasp,B1_pred_norm_neg,0.6886501487754635,train,libero_object_t06_ep003_s0056_pre_grasp,libero_object,6,0.8125,0.8125
0.9806315104166666,libero_object_t6_ep3,,,0.968402021697174,0.911320458446459,pre_grasp,B2_change_norm,0.9757059681849394,train,libero_object_t06_ep003_s0056_pre_grasp,libero_object,6,0.90625,0.90625
0.98095703125,libero_object_t6_ep3,,,0.9685557225157276,0.80876463004106,pre_grasp,B3_cos_dist,0.9760128175783932,train,libero_object_t06_ep003_s0056_pre_grasp,libero_object,6,0.90625,0.90625
0.984619140625,libero_object_t6_ep3,,,0.9434916024038046,0.9444281947733456,pre_grasp,B4_linear_stats,0.9782966639963379,train,libero_object_t06_ep003_s0056_pre_grasp,libero_object,6,0.90625,0.90625
0.996826171875,libero_object_t6_ep3,0.03521265808243091,0.04794629179177935,0.9938482448842476,0.9479457771941954,manipulation,U_hat_mlp,0.9919668402380407,train,libero_object_t06_ep003_s0072_manipulation,libero_object,6,0.96875,0.96875
0.5132649739583334,libero_object_t6_ep3,,,0.5646516777092956,-0.04005466637316176,manipulation,B0_random,-0.03317621309224079,train,libero_object_t06_ep003_s0072_manipulation,libero_object,6,0.265625,0.265625
0.224609375,libero_object_t6_ep3,,,0.5275374058688641,-0.35725890558452006,manipulation,B0x_token_index,-0.3067993247882811,train,libero_object_t06_ep003_s0072_manipulation,libero_object,6,0.078125,0.078125
0.9214680989583334,libero_object_t6_ep3,,,0.9080548933184157,0.7638927101102991,manipulation,B1_pred_norm_neg,0.6764906157015336,train,libero_object_t06_ep003_s0072_manipulation,libero_object,6,0.75,0.75
0.9544270833333334,libero_object_t6_ep3,,,0.8730504668699622,0.6897224118526263,manipulation,B2_change_norm,0.9443300812542916,train,libero_object_t06_ep003_s0072_manipulation,libero_object,6,0.8125,0.8125
0.9546712239583334,libero_object_t6_ep3,,,0.8733127099210826,0.5415436695427724,manipulation,B3_cos_dist,0.9446862840466926,train,libero_object_t06_ep003_s0072_manipulation,libero_object,6,0.8125,0.8125
0.9532877604166666,libero_object_t6_ep3,,,0.9005324479947999,0.8617246595487645,manipulation,B4_linear_stats,0.9387767509727627,train,libero_object_t06_ep003_s0072_manipulation,libero_object,6,0.828125,0.828125
0.9923502604166666,libero_object_t6_ep4,0.04415125286598187,0.06573419789331443,0.9931763127394042,0.9295666597651762,approach,U_hat_mlp,0.9844729915312429,train,libero_object_t06_ep004_s0024_approach,libero_object,6,0.9375,0.9375
0.5323893229166666,libero_object_t6_ep4,,,0.5784836663114502,0.08057648776325475,approach,B0_random,0.0657465953307393,train,libero_object_t06_ep004_s0024_approach,libero_object,6,0.3125,0.3125
0.2600911458333333,libero_object_t6_ep4,,,0.5190612978649836,-0.3487903532713919,approach,B0x_token_index,-0.29551527809567407,train,libero_object_t06_ep004_s0024_approach,libero_object,6,0.109375,0.109375
0.9034830729166666,libero_object_t6_ep4,,,0.8807538376652713,0.740068043438632,approach,B1_pred_norm_neg,0.6193486781872282,train,libero_object_t06_ep004_s0024_approach,libero_object,6,0.75,0.75
0.9745279947916666,libero_object_t6_ep4,,,0.8809498404682459,0.7797852440597024,approach,B2_change_norm,0.9485780498970016,train,libero_object_t06_ep004_s0024_approach,libero_object,6,0.875,0.875
0.9746907552083334,libero_object_t6_ep4,,,0.8809333755768646,0.6403588661662685,approach,B3_cos_dist,0.948857719157702,train,libero_object_t06_ep004_s0024_approach,libero_object,6,0.875,0.875
0.973388671875,libero_object_t6_ep4,,,0.8996323512453079,0.8667862345943085,approach,B4_linear_stats,0.9465710116731517,train,libero_object_t06_ep004_s0024_approach,libero_object,6,0.859375,0.859375
0.9965006510416666,libero_object_t6_ep4,0.04820013928720761,0.06428427194889925,0.9974026522370188,0.9403020668745269,pre_grasp,U_hat_mlp,0.98857218471046,train,libero_object_t06_ep004_s0040_pre_grasp,libero_object,6,0.953125,0.953125
0.4927571614583333,libero_object_t6_ep4,,,0.5754822256446077,0.06260221489233796,pre_grasp,B0_random,0.0773861295490959,train,libero_object_t06_ep004_s0040_pre_grasp,libero_object,6,0.1875,0.1875
0.2518717447916667,libero_object_t6_ep4,,,0.5368506762584857,-0.27185070605600553,pre_grasp,B0x_token_index,-0.24334444380865186,train,libero_object_t06_ep004_s0040_pre_grasp,libero_object,6,0.046875,0.046875
0.9312337239583334,libero_object_t6_ep4,,,0.9026738756521847,0.7701930112346463,pre_grasp,B1_pred_norm_neg,0.6817320897230488,train,libero_object_t06_ep004_s0040_pre_grasp,libero_object,6,0.828125,0.828125
0.9554850260416666,libero_object_t6_ep4,,,0.8450854920808006,0.7239539518266545,pre_grasp,B2_change_norm,0.9338385500114442,train,libero_object_t06_ep004_s0040_pre_grasp,libero_object,6,0.78125,0.78125
0.9563802083333334,libero_object_t6_ep4,,,0.8458919717934733,0.5917446394164262,pre_grasp,B3_cos_dist,0.9346789883268483,train,libero_object_t06_ep004_s0040_pre_grasp,libero_object,6,0.78125,0.78125
0.9551595052083334,libero_object_t6_ep4,,,0.8702667629106683,0.8251162800733638,pre_grasp,B4_linear_stats,0.9287086575875486,train,libero_object_t06_ep004_s0040_pre_grasp,libero_object,6,0.8125,0.8125
0.9933268229166666,libero_object_t6_ep4,0.049402822081300354,0.07123026170079724,0.9897424589895493,0.9197432860613332,manipulation,U_hat_mlp,0.9876001373311971,train,libero_object_t06_ep004_s0064_manipulation,libero_object,6,0.90625,0.90625
0.5450846354166666,libero_object_t6_ep4,,,0.5251669065374998,0.04052954675874682,manipulation,B0_random,0.12627460517280842,train,libero_object_t06_ep004_s0064_manipulation,libero_object,6,0.28125,0.28125
0.1884765625,libero_object_t6_ep4,,,0.40041198045548143,-0.388590678197308,manipulation,B0x_token_index,-0.34726410505836575,train,libero_object_t06_ep004_s0064_manipulation,libero_object,6,0.03125,0.03125
0.9114583333333334,libero_object_t6_ep4,,,0.8544161441228737,0.7234052352063775,manipulation,B1_pred_norm_neg,0.7057199874113069,train,libero_object_t06_ep004_s0064_manipulation,libero_object,6,0.75,0.75
0.975830078125,libero_object_t6_ep4,,,0.8558265939639439,0.7158880397060902,manipulation,B2_change_norm,0.9602948329137102,train,libero_object_t06_ep004_s0064_manipulation,libero_object,6,0.890625,0.890625
0.97607421875,libero_object_t6_ep4,,,0.8565080239862267,0.6071363641545073,manipulation,B3_cos_dist,0.9603964007782101,train,libero_object_t06_ep004_s0064_manipulation,libero_object,6,0.890625,0.890625
0.95068359375,libero_object_t6_ep4,,,0.8798705758012308,0.7952614834900342,manipulation,B4_linear_stats,0.9396114671549554,train,libero_object_t06_ep004_s0064_manipulation,libero_object,6,0.859375,0.859375
0.9899088541666666,libero_object_t6_ep5,0.047008194721658514,0.06395673717546262,0.9926350479929036,0.9458245688789416,approach,U_hat_mlp,0.9876974135957886,train,libero_object_t06_ep005_s0024_approach,libero_object,6,0.921875,0.921875
0.5094401041666666,libero_object_t6_ep5,,,0.5525431500293154,-0.06369906887052464,approach,B0_random,-0.04533717669947356,train,libero_object_t06_ep005_s0024_approach,libero_object,6,0.265625,0.265625
0.23543294270833334,libero_object_t6_ep5,,,0.5546493019824928,-0.3851868159879117,approach,B0x_token_index,-0.35803315976195926,train,libero_object_t06_ep005_s0024_approach,libero_object,6,0.078125,0.078125
0.885009765625,libero_object_t6_ep5,,,0.9034093391366702,0.7079537462206491,approach,B1_pred_norm_neg,0.6595531013962005,train,libero_object_t06_ep005_s0024_approach,libero_object,6,0.6875,0.6875
0.9754231770833334,libero_object_t6_ep5,,,0.898956705956112,0.751956640250502,approach,B2_change_norm,0.9703550583657587,train,libero_object_t06_ep005_s0024_approach,libero_object,6,0.890625,0.890625
0.975341796875,libero_object_t6_ep5,,,0.8977288595074815,0.5917628977699738,approach,B3_cos_dist,0.9703400377660792,train,libero_object_t06_ep005_s0024_approach,libero_object,6,0.875,0.875
0.9795735677083334,libero_object_t6_ep5,,,0.9333149804051292,0.919376898757393,approach,B4_linear_stats,0.972339923323415,train,libero_object_t06_ep005_s0024_approach,libero_object,6,0.828125,0.828125
0.99755859375,libero_object_t6_ep5,0.04345226192850763,0.05754519420270168,0.996596486711839,0.9529132112450713,pre_grasp,U_hat_mlp,0.9892631322957198,train,libero_object_t06_ep005_s0048_pre_grasp,libero_object,6,0.953125,0.953125
0.530517578125,libero_object_t6_ep5,,,0.5950904466250261,0.06026993663959996,pre_grasp,B0_random,0.06962477111467155,train,libero_object_t06_ep005_s0048_pre_grasp,libero_object,6,0.296875,0.296875
0.22395833333333334,libero_object_t6_ep5,,,0.5038455614090409,-0.33721128373302184,pre_grasp,B0x_token_index,-0.3196591039139391,train,libero_object_t06_ep005_s0048_pre_grasp,libero_object,6,0.03125,0.03125
0.9185384114583334,libero_object_t6_ep5,,,0.8997268895026922,0.7441313444473889,pre_grasp,B1_pred_norm_neg,0.7177936884870679,train,libero_object_t06_ep005_s0048_pre_grasp,libero_object,6,0.796875,0.796875
0.97900390625,libero_object_t6_ep5,,,0.9056362708021424,0.8198515045968471,pre_grasp,B2_change_norm,0.958697642481117,train,libero_object_t06_ep005_s0048_pre_grasp,libero_object,6,0.875,0.875
0.9795735677083334,libero_object_t6_ep5,,,0.9050776771045392,0.6332580558346524,pre_grasp,B3_cos_dist,0.9591339551384757,train,libero_object_t06_ep005_s0048_pre_grasp,libero_object,6,0.875,0.875
0.9822591145833334,libero_object_t6_ep5,,,0.9122663731782147,0.9104150272670662,pre_grasp,B4_linear_stats,0.964421206225681,train,libero_object_t06_ep005_s0048_pre_grasp,libero_object,6,0.859375,0.859375
0.992919921875,libero_object_t6_ep5,0.041244967416009345,0.05657843125980313,0.9909209711341204,0.9536387220725498,manipulation,U_hat_mlp,0.9900799668116274,train,libero_object_t06_ep005_s0064_manipulation,libero_object,6,0.953125,0.953125
0.530029296875,libero_object_t6_ep5,,,0.6055477135439798,0.034087161236544296,manipulation,B0_random,0.00591597047379263,train,libero_object_t06_ep005_s0064_manipulation,libero_object,6,0.3125,0.3125
0.22379557291666666,libero_object_t6_ep5,,,0.517213100132828,-0.3852744516947652,manipulation,B0x_token_index,-0.3729135671778439,train,libero_object_t06_ep005_s0064_manipulation,libero_object,6,0.046875,0.046875
0.898681640625,libero_object_t6_ep5,,,0.8959342208955239,0.7416750692644113,manipulation,B1_pred_norm_neg,0.7284246967269398,train,libero_object_t06_ep005_s0064_manipulation,libero_object,6,0.75,0.75
0.948974609375,libero_object_t6_ep5,,,0.8700868751359065,0.6846696708067924,manipulation,B2_change_norm,0.9451404783703364,train,libero_object_t06_ep005_s0064_manipulation,libero_object,6,0.796875,0.796875
0.94921875,libero_object_t6_ep5,,,0.8703122105475047,0.5320070404977174,manipulation,B3_cos_dist,0.94526421950103,train,libero_object_t06_ep005_s0064_manipulation,libero_object,6,0.796875,0.796875
0.94970703125,libero_object_t6_ep5,,,0.9055947560943219,0.8766206661470102,manipulation,B4_linear_stats,0.9461053730830854,train,libero_object_t06_ep005_s0064_manipulation,libero_object,6,0.78125,0.78125
0.99072265625,libero_object_t6_ep6,0.06682586541135306,0.09719753592257066,0.9595352974828861,0.9193941885841015,approach,U_hat_mlp,0.9816176470588235,val,libero_object_t06_ep006_s0024_approach,libero_object,6,0.890625,0.890625
0.48876953125,libero_object_t6_ep6,,,0.6024183983296513,-0.007336366125896981,approach,B0_random,0.012605859464408332,val,libero_object_t06_ep006_s0024_approach,libero_object,6,0.25,0.25
0.3165690104166667,libero_object_t6_ep6,,,0.5890265631082201,-0.30867895183058935,approach,B0x_token_index,-0.2829237239642939,val,libero_object_t06_ep006_s0024_approach,libero_object,6,0.125,0.125
0.8873697916666666,libero_object_t6_ep6,,,0.9107242910319513,0.7556109279355835,approach,B1_pred_norm_neg,0.6543845845731289,val,libero_object_t06_ep006_s0024_approach,libero_object,6,0.65625,0.65625
0.9645182291666666,libero_object_t6_ep6,,,0.8989512543653787,0.730630711311575,approach,B2_change_norm,0.9519662680247196,val,libero_object_t06_ep006_s0024_approach,libero_object,6,0.828125,0.828125
0.9646809895833334,libero_object_t6_ep6,,,0.8990945465624667,0.5571585139359999,approach,B3_cos_dist,0.9521765564202335,val,libero_object_t06_ep006_s0024_approach,libero_object,6,0.828125,0.828125
0.9725748697916666,libero_object_t6_ep6,,,0.9622877511369484,0.9073945983546041,approach,B4_linear_stats,0.9580574788281071,val,libero_object_t06_ep006_s0024_approach,libero_object,6,0.84375,0.84375
0.9871419270833334,libero_object_t6_ep6,0.06494483839922277,0.09308701579397168,0.9806098036981913,0.9248971482311344,pre_grasp,U_hat_mlp,0.9810118162050813,val,libero_object_t06_ep006_s0056_pre_grasp,libero_object,6,0.890625,0.890625
0.5291341145833334,libero_object_t6_ep6,,,0.5771976588961676,0.06753720542150907,pre_grasp,B0_random,0.05342898832684825,val,libero_object_t06_ep006_s0056_pre_grasp,libero_object,6,0.25,0.25
0.2566731770833333,libero_object_t6_ep6,,,0.5019567046879638,-0.31257387503738593,pre_grasp,B0x_token_index,-0.3145521000228885,val,libero_object_t06_ep006_s0056_pre_grasp,libero_object,6,0.03125,0.03125
0.9420572916666666,libero_object_t6_ep6,,,0.9088565683520445,0.7542881045620076,pre_grasp,B1_pred_norm_neg,0.7319659819180591,val,libero_object_t06_ep006_s0056_pre_grasp,libero_object,6,0.8125,0.8125
0.9668782552083334,libero_object_t6_ep6,,,0.9247319572107889,0.8871813436365916,pre_grasp,B2_change_norm,0.961582312886244,val,libero_object_t06_ep006_s0056_pre_grasp,libero_object,6,0.859375,0.859375
0.9676920572916666,libero_object_t6_ep6,,,0.9250113351795282,0.7759371306280476,pre_grasp,B3_cos_dist,0.9618598363469901,val,libero_object_t06_ep006_s0056_pre_grasp,libero_object,6,0.859375,0.859375
0.9752604166666666,libero_object_t6_ep6,,,0.9493968397367172,0.9224225639981622,pre_grasp,B4_linear_stats,0.9695947299153125,val,libero_object_t06_ep006_s0056_pre_grasp,libero_object,6,0.890625,0.890625
0.9874674479166666,libero_object_t6_ep6,0.09757325210307148,0.13170738382641892,0.9476316353413218,0.9133312452565001,manipulation,U_hat_mlp,0.9729307335774777,val,libero_object_t06_ep006_s0072_manipulation,libero_object,6,0.890625,0.890625
0.5192057291666666,libero_object_t6_ep6,,,0.6082601255182377,0.050304176262780054,manipulation,B0_random,0.030570496681162736,val,libero_object_t06_ep006_s0072_manipulation,libero_object,6,0.265625,0.265625
0.2645670572916667,libero_object_t6_ep6,,,0.5512679995897259,-0.33046491252184496,manipulation,B0x_token_index,-0.2722619592584115,val,libero_object_t06_ep006_s0072_manipulation,libero_object,6,0.109375,0.109375
0.9010416666666666,libero_object_t6_ep6,,,0.924924469762199,0.7808500227251821,manipulation,B1_pred_norm_neg,0.6847204737926299,val,libero_object_t06_ep006_s0072_manipulation,libero_object,6,0.734375,0.734375
0.9451497395833334,libero_object_t6_ep6,,,0.8709364215400565,0.6880941114124476,manipulation,B2_change_norm,0.9243197814145113,val,libero_object_t06_ep006_s0072_manipulation,libero_object,6,0.78125,0.78125
0.9453125,libero_object_t6_ep6,,,0.8714110266545771,0.5506923857111475,manipulation,B3_cos_dist,0.9245114728770886,val,libero_object_t06_ep006_s0072_manipulation,libero_object,6,0.78125,0.78125
0.9348958333333334,libero_object_t6_ep6,,,0.9069493985457836,0.8377164697648699,manipulation,B4_linear_stats,0.9035148203250172,val,libero_object_t06_ep006_s0072_manipulation,libero_object,6,0.8125,0.8125
0.982421875,libero_object_t6_ep7,0.06934537743595492,0.10781073302161692,0.9588570398406575,0.909849550938184,approach,U_hat_mlp,0.9735151064316777,val,libero_object_t06_ep007_s0024_approach,libero_object,6,0.890625,0.890625
0.5409342447916666,libero_object_t6_ep7,,,0.5920420351040766,0.07333040857509518,approach,B0_random,0.06684023804074159,val,libero_object_t06_ep007_s0024_approach,libero_object,6,0.28125,0.28125
0.21370442708333334,libero_object_t6_ep7,,,0.5465748316395903,-0.4217919834157301,approach,B0x_token_index,-0.3570546749828336,val,libero_object_t06_ep007_s0024_approach,libero_object,6,0.078125,0.078125
0.91015625,libero_object_t6_ep7,,,0.9279330237327239,0.7667619880161134,approach,B1_pred_norm_neg,0.6490336747539482,val,libero_object_t06_ep007_s0024_approach,libero_object,6,0.734375,0.734375
0.9756673177083334,libero_object_t6_ep7,,,0.9036334780114081,0.7542103229380296,approach,B2_change_norm,0.9560118162050812,val,libero_object_t06_ep007_s0024_approach,libero_object,6,0.875,0.875
0.9759928385416666,libero_object_t6_ep7,,,0.9037435566812684,0.6141826688995773,approach,B3_cos_dist,0.9561105230029755,val,libero_object_t06_ep007_s0024_approach,libero_object,6,0.875,0.875
0.9756673177083334,libero_object_t6_ep7,,,0.9497468922495633,0.8978144478649243,approach,B4_linear_stats,0.958604657816434,val,libero_object_t06_ep007_s0024_approach,libero_object,6,0.890625,0.890625
0.9818522135416666,libero_object_t6_ep7,0.08154430023261666,0.13389848710163102,0.9387998818949641,0.8634451600118612,pre_grasp,U_hat_mlp,0.9761708915083543,val,libero_object_t06_ep007_s0048_pre_grasp,libero_object,6,0.890625,0.890625
0.5122884114583334,libero_object_t6_ep7,,,0.5418356103603948,0.10066128716775125,pre_grasp,B0_random,0.07494563973449302,val,libero_object_t06_ep007_s0048_pre_grasp,libero_object,6,0.25,0.25
0.2821451822916667,libero_object_t6_ep7,,,0.4600716573728852,-0.2661184903344669,pre_grasp,B0x_token_index,-0.2432357232776379,val,libero_object_t06_ep007_s0048_pre_grasp,libero_object,6,0.078125,0.078125
0.9205729166666666,libero_object_t6_ep7,,,0.9064800013841127,0.7901816938397265,pre_grasp,B1_pred_norm_neg,0.7230423151750973,val,libero_object_t06_ep007_s0048_pre_grasp,libero_object,6,0.796875,0.796875
0.9783528645833334,libero_object_t6_ep7,,,0.8929794664996039,0.8257553542576632,pre_grasp,B2_change_norm,0.9560039482719158,val,libero_object_t06_ep007_s0048_pre_grasp,libero_object,6,0.90625,0.90625
0.978759765625,libero_object_t6_ep7,,,0.8930538455136496,0.7176291235853077,pre_grasp,B3_cos_dist,0.9563379777981231,val,libero_object_t06_ep007_s0048_pre_grasp,libero_object,6,0.90625,0.90625
0.9829915364583334,libero_object_t6_ep7,,,0.8821123487234273,0.8739496259238375,pre_grasp,B4_linear_stats,0.9625164511329823,val,libero_object_t06_ep007_s0048_pre_grasp,libero_object,6,0.875,0.875
0.993408203125,libero_object_t6_ep7,0.07063963351478653,0.1099380410970326,0.969291858735062,0.9361185628552399,manipulation,U_hat_mlp,0.9761251144426643,val,libero_object_t06_ep007_s0064_manipulation,libero_object,6,0.9375,0.9375
0.527099609375,libero_object_t6_ep7,,,0.6353861190082001,0.040504205216013105,manipulation,B0_random,0.039550669489585716,val,libero_object_t06_ep007_s0064_manipulation,libero_object,6,0.3125,0.3125
0.24397786458333334,libero_object_t6_ep7,,,0.5738951456503861,-0.3473713723089736,manipulation,B0x_token_index,-0.3028188658731975,val,libero_object_t06_ep007_s0064_manipulation,libero_object,6,0.09375,0.09375
0.919677734375,libero_object_t6_ep7,,,0.9176356677022485,0.7516946738511109,manipulation,B1_pred_norm_neg,0.7118898775463492,val,libero_object_t06_ep007_s0064_manipulation,libero_object,6,0.78125,0.78125
0.953125,libero_object_t6_ep7,,,0.8794157471810645,0.6855403965537918,manipulation,B2_change_norm,0.9317206454566263,val,libero_object_t06_ep007_s0064_manipulation,libero_object,6,0.8125,0.8125
0.9534505208333334,libero_object_t6_ep7,,,0.880617807448561,0.5489198454062935,manipulation,B3_cos_dist,0.9318544003204394,val,libero_object_t06_ep007_s0064_manipulation,libero_object,6,0.8125,0.8125
0.950439453125,libero_object_t6_ep7,,,0.913649769229773,0.8576085649214006,manipulation,B4_linear_stats,0.929205767910277,val,libero_object_t06_ep007_s0064_manipulation,libero_object,6,0.796875,0.796875
0.9788411458333334,libero_object_t6_ep8,0.06013281889262016,0.08755133607811605,0.9668908048274324,0.9384186053601993,approach,U_hat_mlp,0.9770385099565118,testA,libero_object_t06_ep008_s0024_approach,libero_object,6,0.8125,0.8125
0.43701171875,libero_object_t6_ep8,,,0.6145698056920545,-0.06951165956800336,approach,B0_random,-0.0551084344243534,testA,libero_object_t06_ep008_s0024_approach,libero_object,6,0.21875,0.21875
0.3304850260416667,libero_object_t6_ep8,,,0.6232710060299667,-0.27918578800060806,approach,B0x_token_index,-0.25212005035477225,testA,libero_object_t06_ep008_s0024_approach,libero_object,6,0.171875,0.171875
0.8544921875,libero_object_t6_ep8,,,0.8732985352755132,0.7008264484067691,approach,B1_pred_norm_neg,0.649849078736553,testA,libero_object_t06_ep008_s0024_approach,libero_object,6,0.578125,0.578125
0.9634602864583334,libero_object_t6_ep8,,,0.9153778698084172,0.727854108419704,approach,B2_change_norm,0.9562743190661479,testA,libero_object_t06_ep008_s0024_approach,libero_object,6,0.8125,0.8125
0.9634602864583334,libero_object_t6_ep8,,,0.915802482182093,0.5554921622910732,approach,B3_cos_dist,0.9565518425268941,testA,libero_object_t06_ep008_s0024_approach,libero_object,6,0.8125,0.8125
0.9368489583333334,libero_object_t6_ep8,,,0.9009027734952247,0.8635356338342587,approach,B4_linear_stats,0.9332062542915999,testA,libero_object_t06_ep008_s0024_approach,libero_object,6,0.765625,0.765625
0.9829915364583334,libero_object_t6_ep8,0.10646035972573184,0.17791663646025085,0.9411042917798085,0.8263182768771777,pre_grasp,U_hat_mlp,0.9727132925154498,testA,libero_object_t06_ep008_s0056_pre_grasp,libero_object,6,0.875,0.875
0.541748046875,libero_object_t6_ep8,,,0.4971254133565182,0.07633082735684239,pre_grasp,B0_random,0.047058823529411764,testA,libero_object_t06_ep008_s0056_pre_grasp,libero_object,6,0.265625,0.265625
0.2392578125,libero_object_t6_ep8,,,0.39043182711520935,-0.3335469237976211,pre_grasp,B0x_token_index,-0.3084308480201419,testA,libero_object_t06_ep008_s0056_pre_grasp,libero_object,6,0.03125,0.03125
0.942138671875,libero_object_t6_ep8,,,0.8894509197687399,0.8157205904798425,pre_grasp,B1_pred_norm_neg,0.7461640249485008,testA,libero_object_t06_ep008_s0056_pre_grasp,libero_object,6,0.84375,0.84375
0.9638671875,libero_object_t6_ep8,,,0.9270676593997389,0.8803996610012412,pre_grasp,B2_change_norm,0.9579215781643396,testA,libero_object_t06_ep008_s0056_pre_grasp,libero_object,6,0.859375,0.859375
0.964111328125,libero_object_t6_ep8,,,0.9282625947923862,0.8288255687914511,pre_grasp,B3_cos_dist,0.9582563229571984,testA,libero_object_t06_ep008_s0056_pre_grasp,libero_object,6,0.875,0.875
0.97314453125,libero_object_t6_ep8,,,0.916391442068551,0.8836518018523769,pre_grasp,B4_linear_stats,0.9647173266193637,testA,libero_object_t06_ep008_s0056_pre_grasp,libero_object,6,0.90625,0.90625
0.9833170572916666,libero_object_t6_ep8,0.08235916194728914,0.1356961443998818,0.932170086672988,0.8927532539940072,manipulation,U_hat_mlp,0.969962376974136,testA,libero_object_t06_ep008_s0072_manipulation,libero_object,6,0.90625,0.90625
0.4657389322916667,libero_object_t6_ep8,,,0.553009316128143,-0.0785411465964305,manipulation,B0_random,-0.08086447127489128,testA,libero_object_t06_ep008_s0072_manipulation,libero_object,6,0.203125,0.203125
0.2744954427083333,libero_object_t6_ep8,,,0.5735663696711517,-0.28333202891853665,manipulation,B0x_token_index,-0.22371466582742047,testA,libero_object_t06_ep008_s0072_manipulation,libero_object,6,0.140625,0.140625
0.8834635416666666,libero_object_t6_ep8,,,0.9136832652448106,0.7626545454317967,manipulation,B1_pred_norm_neg,0.7080059796292058,testA,libero_object_t06_ep008_s0072_manipulation,libero_object,6,0.703125,0.703125
0.9515787760416666,libero_object_t6_ep8,,,0.8631016097879616,0.6853619833038141,manipulation,B2_change_norm,0.9374148832684824,testA,libero_object_t06_ep008_s0072_manipulation,libero_object,6,0.796875,0.796875
0.9515787760416666,libero_object_t6_ep8,,,0.8620959421253815,0.5492743667154025,manipulation,B3_cos_dist,0.9373240444037537,testA,libero_object_t06_ep008_s0072_manipulation,libero_object,6,0.796875,0.796875
0.942138671875,libero_object_t6_ep8,,,0.8817663215091186,0.8284124071888321,manipulation,B4_linear_stats,0.928519827191577,testA,libero_object_t06_ep008_s0072_manipulation,libero_object,6,0.796875,0.796875
0.99169921875,libero_object_t6_ep9,0.06860493218616412,0.09919695630080522,0.9613389287618952,0.9180205530061774,approach,U_hat_mlp,0.9811162451361868,testA,libero_object_t06_ep009_s0024_approach,libero_object,6,0.921875,0.921875
0.4912923177083333,libero_object_t6_ep9,,,0.5758561713222248,-0.030549006859707052,approach,B0_random,-0.0024218928816662853,testA,libero_object_t06_ep009_s0024_approach,libero_object,6,0.25,0.25
0.2737630208333333,libero_object_t6_ep9,,,0.5731200640468099,-0.31518768342011544,approach,B0x_token_index,-0.27257453078507665,testA,libero_object_t06_ep009_s0024_approach,libero_object,6,0.109375,0.109375
0.8859049479166666,libero_object_t6_ep9,,,0.9234573052956168,0.7671486418601943,approach,B1_pred_norm_neg,0.632253519111925,testA,libero_object_t06_ep009_s0024_approach,libero_object,6,0.71875,0.71875
0.9690755208333334,libero_object_t6_ep9,,,0.8928991169055944,0.7412033240835565,approach,B2_change_norm,0.9603320267795834,testA,libero_object_t06_ep009_s0024_approach,libero_object,6,0.84375,0.84375
0.9690755208333334,libero_object_t6_ep9,,,0.8930285512156749,0.5818156718023811,approach,B3_cos_dist,0.9604464694438086,testA,libero_object_t06_ep009_s0024_approach,libero_object,6,0.84375,0.84375
0.9510091145833334,libero_object_t6_ep9,,,0.9470828509146892,0.8825476685659456,approach,B4_linear_stats,0.9263468471046006,testA,libero_object_t06_ep009_s0024_approach,libero_object,6,0.859375,0.859375
0.9736328125,libero_object_t6_ep9,0.07825552625671561,0.11930775283198543,0.9295972848794354,0.8857747794170708,pre_grasp,U_hat_mlp,0.9745779926756695,testA,libero_object_t06_ep009_s0048_pre_grasp,libero_object,6,0.828125,0.828125
0.523681640625,libero_object_t6_ep9,,,0.5821696714843543,0.0605064455795528,pre_grasp,B0_random,0.07741545548180362,testA,libero_object_t06_ep009_s0048_pre_grasp,libero_object,6,0.265625,0.265625
0.305419921875,libero_object_t6_ep9,,,0.5468975521344662,-0.2833217275203542,pre_grasp,B0x_token_index,-0.24222290569924468,testA,libero_object_t06_ep009_s0048_pre_grasp,libero_object,6,0.109375,0.109375
0.8912760416666666,libero_object_t6_ep9,,,0.9256129023618904,0.7527657716782657,pre_grasp,B1_pred_norm_neg,0.6916785877775234,testA,libero_object_t06_ep009_s0048_pre_grasp,libero_object,6,0.703125,0.703125
0.9564615885416666,libero_object_t6_ep9,,,0.8817966362623892,0.7307907419533746,pre_grasp,B2_change_norm,0.9461268310826276,testA,libero_object_t06_ep009_s0048_pre_grasp,libero_object,6,0.8125,0.8125
0.95654296875,libero_object_t6_ep9,,,0.8825036516085552,0.5857427496222595,pre_grasp,B3_cos_dist,0.9463886186770428,testA,libero_object_t06_ep009_s0048_pre_grasp,libero_object,6,0.8125,0.8125
0.95751953125,libero_object_t6_ep9,,,0.9388121236358041,0.852598150649243,pre_grasp,B4_linear_stats,0.9475151636530098,testA,libero_object_t06_ep009_s0048_pre_grasp,libero_object,6,0.796875,0.796875
0.9855143229166666,libero_object_t6_ep9,0.08356090837495003,0.14169478455615095,0.9043167412966562,0.8560753058153185,manipulation,U_hat_mlp,0.9753955424582285,testA,libero_object_t06_ep009_s0072_manipulation,libero_object,6,0.890625,0.890625
0.50390625,libero_object_t6_ep9,,,0.5202194061096655,0.08079314882671196,manipulation,B0_random,0.026247425040054933,testA,libero_object_t06_ep009_s0072_manipulation,libero_object,6,0.265625,0.265625
0.196044921875,libero_object_t6_ep9,,,0.4052986218866763,-0.42078323316224886,manipulation,B0x_token_index,-0.38617318036163883,testA,libero_object_t06_ep009_s0072_manipulation,libero_object,6,0.0625,0.0625
0.9242350260416666,libero_object_t6_ep9,,,0.8692665057001357,0.784292390269446,manipulation,B1_pred_norm_neg,0.729774404898146,testA,libero_object_t06_ep009_s0072_manipulation,libero_object,6,0.75,0.75
0.9688313802083334,libero_object_t6_ep9,,,0.8629859729477835,0.7488523436155456,manipulation,B2_change_norm,0.95512703135729,testA,libero_object_t06_ep009_s0072_manipulation,libero_object,6,0.84375,0.84375
0.968994140625,libero_object_t6_ep9,,,0.8600164711316393,0.6484869064316139,manipulation,B3_cos_dist,0.955332312886244,testA,libero_object_t06_ep009_s0072_manipulation,libero_object,6,0.84375,0.84375
0.9659016927083334,libero_object_t6_ep9,,,0.8756075215874454,0.8195897834614031,manipulation,B4_linear_stats,0.9521550984206912,testA,libero_object_t06_ep009_s0072_manipulation,libero_object,6,0.828125,0.828125
0.98974609375,libero_spatial_t0_ep0,0.04228003222238805,0.05588581290113201,0.9933179296370701,0.953239436178198,approach,U_hat_mlp,0.9894290741588464,train,libero_spatial_t00_ep000_s0016_approach,libero_spatial,0,0.890625,0.890625
0.467041015625,libero_spatial_t0_ep0,,,0.523248422173828,-0.07436994403128622,approach,B0_random,-0.09212276836804761,train,libero_spatial_t00_ep000_s0016_approach,libero_spatial,0,0.171875,0.171875
0.3365071614583333,libero_spatial_t0_ep0,,,0.5515799322732254,-0.32048034447625995,approach,B0x_token_index,-0.35390249485008013,train,libero_spatial_t00_ep000_s0016_approach,libero_spatial,0,0.1875,0.1875
0.8375651041666666,libero_spatial_t0_ep0,,,0.871144331514582,0.6609104077542682,approach,B1_pred_norm_neg,0.5762088006408789,train,libero_spatial_t00_ep000_s0016_approach,libero_spatial,0,0.65625,0.65625
0.9266764322916666,libero_spatial_t0_ep0,,,0.8789912685780381,0.7500089589535095,approach,B2_change_norm,0.8849357690547036,train,libero_spatial_t00_ep000_s0016_approach,libero_spatial,0,0.703125,0.703125
0.927001953125,libero_spatial_t0_ep0,,,0.8789490029089476,0.6663639982800202,approach,B3_cos_dist,0.8850108720531014,train,libero_spatial_t00_ep000_s0016_approach,libero_spatial,0,0.703125,0.703125
0.8739420572916666,libero_spatial_t0_ep0,,,0.8618716373254095,0.7365668652630366,approach,B4_linear_stats,0.8227125772487983,train,libero_spatial_t00_ep000_s0016_approach,libero_spatial,0,0.640625,0.640625
0.9952799479166666,libero_spatial_t0_ep0,0.037887243448939484,0.04919429764346005,0.9919950013430928,0.9616254680382521,pre_grasp,U_hat_mlp,0.9888232433051042,train,libero_spatial_t00_ep000_s0032_pre_grasp,libero_spatial,0,0.9375,0.9375
0.4820149739583333,libero_spatial_t0_ep0,,,0.5658356003125639,-0.09738292794205208,pre_grasp,B0_random,-0.08285791943236438,train,libero_spatial_t00_ep000_s0032_pre_grasp,libero_spatial,0,0.25,0.25
0.4373372395833333,libero_spatial_t0_ep0,,,0.5918051132314928,-0.13817051335949332,pre_grasp,B0x_token_index,-0.19959015220874343,train,libero_spatial_t00_ep000_s0032_pre_grasp,libero_spatial,0,0.203125,0.203125
0.7701822916666666,libero_spatial_t0_ep0,,,0.8596555942966858,0.5924974836663758,pre_grasp,B1_pred_norm_neg,0.49176370450904094,train,libero_spatial_t00_ep000_s0032_pre_grasp,libero_spatial,0,0.59375,0.59375
0.9042154947916666,libero_spatial_t0_ep0,,,0.8349288193803748,0.6751811094497774,pre_grasp,B2_change_norm,0.8931785019455253,train,libero_spatial_t00_ep000_s0032_pre_grasp,libero_spatial,0,0.6875,0.6875
0.9041341145833334,libero_spatial_t0_ep0,,,0.8355024419022202,0.5507268906522631,pre_grasp,B3_cos_dist,0.8934696154726482,train,libero_spatial_t00_ep000_s0032_pre_grasp,libero_spatial,0,0.6875,0.6875
0.9273274739583334,libero_spatial_t0_ep0,,,0.9057511498887647,0.8465158093155221,pre_grasp,B4_linear_stats,0.9138418402380407,train,libero_spatial_t00_ep000_s0032_pre_grasp,libero_spatial,0,0.703125,0.703125
0.9883626302083334,libero_spatial_t0_ep0,0.04172629523745364,0.05881021483036002,0.9951074581795069,0.963576858362167,manipulation,U_hat_mlp,0.9852168688487069,train,libero_spatial_t00_ep000_s0056_manipulation,libero_spatial,0,0.90625,0.90625
0.4268391927083333,libero_spatial_t0_ep0,,,0.6034737111826957,0.011845994648883845,manipulation,B0_random,0.0007016765850308995,train,libero_spatial_t00_ep000_s0056_manipulation,libero_spatial,0,0.15625,0.15625
0.399658203125,libero_spatial_t0_ep0,,,0.5613969638980757,-0.16062578610782402,manipulation,B0x_token_index,-0.22087648775463492,train,libero_spatial_t00_ep000_s0056_manipulation,libero_spatial,0,0.15625,0.15625
0.831298828125,libero_spatial_t0_ep0,,,0.8690988720609087,0.6545650611307373,manipulation,B1_pred_norm_neg,0.6080703536278325,train,libero_spatial_t00_ep000_s0056_manipulation,libero_spatial,0,0.640625,0.640625
0.9571126302083334,libero_spatial_t0_ep0,,,0.9046198440171118,0.8109773094180748,manipulation,B2_change_norm,0.9414754520485237,train,libero_spatial_t00_ep000_s0056_manipulation,libero_spatial,0,0.8125,0.8125
0.957275390625,libero_spatial_t0_ep0,,,0.9046521643776296,0.6928873114880278,manipulation,B3_cos_dist,0.9415097848477912,train,libero_spatial_t00_ep000_s0056_manipulation,libero_spatial,0,0.8125,0.8125
0.9539388020833334,libero_spatial_t0_ep0,,,0.8986167334147475,0.8603681217515883,manipulation,B4_linear_stats,0.9370450904097047,train,libero_spatial_t00_ep000_s0056_manipulation,libero_spatial,0,0.796875,0.796875
0.9942220052083334,libero_spatial_t0_ep1,0.03768128426214666,0.05162506567363659,0.9938423470663578,0.9620707654521367,approach,U_hat_mlp,0.9886873426413367,train,libero_spatial_t00_ep001_s0016_approach,libero_spatial,0,0.9375,0.9375
0.4397786458333333,libero_spatial_t0_ep1,,,0.579735233607039,-0.07259788394950424,approach,B0_random,-0.07304803730830854,train,libero_spatial_t00_ep001_s0016_approach,libero_spatial,0,0.203125,0.203125
0.3671875,libero_spatial_t0_ep1,,,0.5957165591238345,-0.3393681754770864,approach,B0x_token_index,-0.3845058937972076,train,libero_spatial_t00_ep001_s0016_approach,libero_spatial,0,0.234375,0.234375
0.7476399739583334,libero_spatial_t0_ep1,,,0.8419465262256152,0.5742242358599615,approach,B1_pred_norm_neg,0.4883876459143969,train,libero_spatial_t00_ep001_s0016_approach,libero_spatial,0,0.5625,0.5625
0.89013671875,libero_spatial_t0_ep1,,,0.8555921259382118,0.6879391933733752,approach,B2_change_norm,0.8572857061112382,train,libero_spatial_t00_ep001_s0016_approach,libero_spatial,0,0.59375,0.59375
0.8905436197916666,libero_spatial_t0_ep1,,,0.8560995280290167,0.6008041499230559,approach,B3_cos_dist,0.8579129949645228,train,libero_spatial_t00_ep001_s0016_approach,libero_spatial,0,0.59375,0.59375
0.8092447916666666,libero_spatial_t0_ep1,,,0.8262440596314975,0.6701183731445765,approach,B4_linear_stats,0.7701791027695125,train,libero_spatial_t00_ep001_s0016_approach,libero_spatial,0,0.546875,0.546875
0.9976399739583334,libero_spatial_t0_ep1,0.04145933015341949,0.055631085083753154,0.9950126165260123,0.9639252676653963,pre_grasp,U_hat_mlp,0.9840431162737469,train,libero_spatial_t00_ep001_s0032_pre_grasp,libero_spatial,0,0.96875,0.96875
0.5250651041666666,libero_spatial_t0_ep1,,,0.6081818186618239,0.025095533045022097,pre_grasp,B0_random,0.038270342183566036,train,libero_spatial_t00_ep001_s0032_pre_grasp,libero_spatial,0,0.265625,0.265625
0.432861328125,libero_spatial_t0_ep1,,,0.5931740979028061,-0.18054666513735926,pre_grasp,B0x_token_index,-0.23752503433279926,train,libero_spatial_t00_ep001_s0032_pre_grasp,libero_spatial,0,0.203125,0.203125
0.767578125,libero_spatial_t0_ep1,,,0.8638719042056452,0.6115991095666742,pre_grasp,B1_pred_norm_neg,0.4948987182421607,train,libero_spatial_t00_ep001_s0032_pre_grasp,libero_spatial,0,0.640625,0.640625
0.9037272135416666,libero_spatial_t0_ep1,,,0.8346839721509591,0.662587534940967,pre_grasp,B2_change_norm,0.8486359864957657,train,libero_spatial_t00_ep001_s0032_pre_grasp,libero_spatial,0,0.671875,0.671875
0.9046223958333334,libero_spatial_t0_ep1,,,0.8362794949615497,0.5416422600757774,pre_grasp,B3_cos_dist,0.84936484321355,train,libero_spatial_t00_ep001_s0032_pre_grasp,libero_spatial,0,0.671875,0.671875
0.92529296875,libero_spatial_t0_ep1,,,0.8864305255832845,0.8158476416257338,pre_grasp,B4_linear_stats,0.8669582570382238,train,libero_spatial_t00_ep001_s0032_pre_grasp,libero_spatial,0,0.71875,0.71875
0.9978841145833334,libero_spatial_t0_ep1,0.042708408943441495,0.055693996872861654,0.9966006955829108,0.955363299600544,manipulation,U_hat_mlp,0.9838743133440147,train,libero_spatial_t00_ep001_s0056_manipulation,libero_spatial,0,0.96875,0.96875
0.546142578125,libero_spatial_t0_ep1,,,0.5850937304846878,-0.006199104517165172,manipulation,B0_random,0.03343084802014191,train,libero_spatial_t00_ep001_s0056_manipulation,libero_spatial,0,0.265625,0.265625
0.451171875,libero_spatial_t0_ep1,,,0.5817401668622361,-0.1237877016414918,manipulation,B0x_token_index,-0.20332312886243992,train,libero_spatial_t00_ep001_s0056_manipulation,libero_spatial,0,0.21875,0.21875
0.8020833333333334,libero_spatial_t0_ep1,,,0.8736579751328375,0.6525902113509111,manipulation,B1_pred_norm_neg,0.5546313515678645,train,libero_spatial_t00_ep001_s0056_manipulation,libero_spatial,0,0.625,0.625
0.9564615885416666,libero_spatial_t0_ep1,,,0.8984594784725034,0.7890965729621713,manipulation,B2_change_norm,0.917662079423209,train,libero_spatial_t00_ep001_s0056_manipulation,libero_spatial,0,0.8125,0.8125
0.956787109375,libero_spatial_t0_ep1,,,0.8988408928323214,0.6804229684340088,manipulation,B3_cos_dist,0.9179961089494163,train,libero_spatial_t00_ep001_s0056_manipulation,libero_spatial,0,0.8125,0.8125
0.95703125,libero_spatial_t0_ep1,,,0.9031158474652058,0.8363669330196729,manipulation,B4_linear_stats,0.917963921950103,train,libero_spatial_t00_ep001_s0056_manipulation,libero_spatial,0,0.828125,0.828125
0.9939778645833334,libero_spatial_t0_ep2,0.03318522773203589,0.04487122149671148,0.9972563170578318,0.9710111389819132,approach,U_hat_mlp,0.9892023346303502,train,libero_spatial_t00_ep002_s0024_approach,libero_spatial,0,0.9375,0.9375
0.4905598958333333,libero_spatial_t0_ep2,,,0.5962202709208144,-0.02805146739231504,approach,B0_random,-0.012340495536736095,train,libero_spatial_t00_ep002_s0024_approach,libero_spatial,0,0.203125,0.203125
0.3358561197916667,libero_spatial_t0_ep2,,,0.5678147175567929,-0.32096349625050563,approach,B0x_token_index,-0.37211103799496453,train,libero_spatial_t00_ep002_s0024_approach,libero_spatial,0,0.109375,0.109375
0.77783203125,libero_spatial_t0_ep2,,,0.8635642693499024,0.5441244641855991,approach,B1_pred_norm_neg,0.4927908274204624,train,libero_spatial_t00_ep002_s0024_approach,libero_spatial,0,0.59375,0.59375
0.8986002604166666,libero_spatial_t0_ep2,,,0.858901988208058,0.6918474258591527,approach,B2_change_norm,0.8734707598992905,train,libero_spatial_t00_ep002_s0024_approach,libero_spatial,0,0.640625,0.640625
0.8993326822916666,libero_spatial_t0_ep2,,,0.8597240402897038,0.589732636155103,approach,B3_cos_dist,0.8736152437628748,train,libero_spatial_t00_ep002_s0024_approach,libero_spatial,0,0.640625,0.640625
0.8834635416666666,libero_spatial_t0_ep2,,,0.8690885341161848,0.7931828056100182,approach,B4_linear_stats,0.852268825818265,train,libero_spatial_t00_ep002_s0024_approach,libero_spatial,0,0.640625,0.640625
0.9970703125,libero_spatial_t0_ep2,0.037046906368207816,0.047400650203999174,0.9969924649526317,0.9635408069372001,pre_grasp,U_hat_mlp,0.9888160906385901,train,libero_spatial_t00_ep002_s0040_pre_grasp,libero_spatial,0,0.9375,0.9375
0.5035807291666666,libero_spatial_t0_ep2,,,0.6500536873754426,0.06887147102751223,pre_grasp,B0_random,0.021746252002746623,train,libero_spatial_t00_ep002_s0040_pre_grasp,libero_spatial,0,0.3125,0.3125
0.3772786458333333,libero_spatial_t0_ep2,,,0.5275508062638339,-0.22193220661186638,pre_grasp,B0x_token_index,-0.2803873884184024,train,libero_spatial_t00_ep002_s0040_pre_grasp,libero_spatial,0,0.125,0.125
0.7535807291666666,libero_spatial_t0_ep2,,,0.8415913509502794,0.5936999611951957,pre_grasp,B1_pred_norm_neg,0.47581182764934765,train,libero_spatial_t00_ep002_s0040_pre_grasp,libero_spatial,0,0.59375,0.59375
0.9400227864583334,libero_spatial_t0_ep2,,,0.8991981371994398,0.8052737438561087,pre_grasp,B2_change_norm,0.9130464637216754,train,libero_spatial_t00_ep002_s0040_pre_grasp,libero_spatial,0,0.765625,0.765625
0.9405110677083334,libero_spatial_t0_ep2,,,0.8998164483743138,0.7300407571957037,pre_grasp,B3_cos_dist,0.9132732032501717,train,libero_spatial_t00_ep002_s0040_pre_grasp,libero_spatial,0,0.765625,0.765625
0.9414876302083334,libero_spatial_t0_ep2,,,0.9124358366996769,0.8525690848424945,pre_grasp,B4_linear_stats,0.9184960803387503,train,libero_spatial_t00_ep002_s0040_pre_grasp,libero_spatial,0,0.765625,0.765625
0.9951171875,libero_spatial_t0_ep2,0.041144465066847866,0.059392142804635395,0.9864166684112528,0.9561696196690426,manipulation,U_hat_mlp,0.9853992618448157,train,libero_spatial_t00_ep002_s0056_manipulation,libero_spatial,0,0.953125,0.953125
0.47998046875,libero_spatial_t0_ep2,,,0.5792924759764705,-0.07421181503521904,manipulation,B0_random,-0.11346489471274891,train,libero_spatial_t00_ep002_s0056_manipulation,libero_spatial,0,0.21875,0.21875
0.3756510416666667,libero_spatial_t0_ep2,,,0.5161195511683843,-0.3147599654902366,manipulation,B0x_token_index,-0.36227182993820095,train,libero_spatial_t00_ep002_s0056_manipulation,libero_spatial,0,0.125,0.125
0.862060546875,libero_spatial_t0_ep2,,,0.8725841003874243,0.6887337917199176,manipulation,B1_pred_norm_neg,0.6161714637216754,train,libero_spatial_t00_ep002_s0056_manipulation,libero_spatial,0,0.6875,0.6875
0.9239095052083334,libero_spatial_t0_ep2,,,0.8845966417051121,0.7569269343490251,manipulation,B2_change_norm,0.8908624685282673,train,libero_spatial_t00_ep002_s0056_manipulation,libero_spatial,0,0.75,0.75
0.9239095052083334,libero_spatial_t0_ep2,,,0.8870402897583876,0.6536078362835199,manipulation,B3_cos_dist,0.8910448615243763,train,libero_spatial_t00_ep002_s0056_manipulation,libero_spatial,0,0.75,0.75
0.9297688802083334,libero_spatial_t0_ep2,,,0.9013191184884936,0.8311043460770995,manipulation,B4_linear_stats,0.9021765564202334,train,libero_spatial_t00_ep002_s0056_manipulation,libero_spatial,0,0.734375,0.734375
0.9866536458333334,libero_spatial_t0_ep3,0.038789084110786624,0.052602464914517005,0.9976790735643014,0.9577857040931856,approach,U_hat_mlp,0.9877882524605173,train,libero_spatial_t00_ep003_s0024_approach,libero_spatial,0,0.9375,0.9375
0.5067545572916666,libero_spatial_t0_ep3,,,0.6453821309193278,0.07189739348447034,approach,B0_random,0.08698286221103227,train,libero_spatial_t00_ep003_s0024_approach,libero_spatial,0,0.265625,0.265625
0.4016927083333333,libero_spatial_t0_ep3,,,0.5642052254761838,-0.26020561690889066,approach,B0x_token_index,-0.3234264133669032,train,libero_spatial_t00_ep003_s0024_approach,libero_spatial,0,0.203125,0.203125
0.75927734375,libero_spatial_t0_ep3,,,0.87102987987706,0.6084971260870813,approach,B1_pred_norm_neg,0.505676356145571,train,libero_spatial_t00_ep003_s0024_approach,libero_spatial,0,0.59375,0.59375
0.8760579427083334,libero_spatial_t0_ep3,,,0.8116143168350795,0.6517510540347742,approach,B2_change_norm,0.8772909990844587,train,libero_spatial_t00_ep003_s0024_approach,libero_spatial,0,0.59375,0.59375
0.8771158854166666,libero_spatial_t0_ep3,,,0.8173618723328374,0.5465405692214175,approach,B3_cos_dist,0.8781607633325704,train,libero_spatial_t00_ep003_s0024_approach,libero_spatial,0,0.59375,0.59375
0.8792317708333334,libero_spatial_t0_ep3,,,0.8372195565372751,0.7549478283961026,approach,B4_linear_stats,0.8452141508354315,train,libero_spatial_t00_ep003_s0024_approach,libero_spatial,0,0.578125,0.578125
0.9938151041666666,libero_spatial_t0_ep3,0.04082011515100076,0.05579686222285403,0.9944507235565201,0.958976080808415,pre_grasp,U_hat_mlp,0.9883239871824216,train,libero_spatial_t00_ep003_s0040_pre_grasp,libero_spatial,0,0.921875,0.921875
0.5498046875,libero_spatial_t0_ep3,,,0.6520276443489018,0.1307756489050692,pre_grasp,B0_random,0.06428029869535362,train,libero_spatial_t00_ep003_s0040_pre_grasp,libero_spatial,0,0.328125,0.328125
0.3538411458333333,libero_spatial_t0_ep3,,,0.5351038953645333,-0.27632966961829897,pre_grasp,B0x_token_index,-0.31351424811169604,train,libero_spatial_t00_ep003_s0040_pre_grasp,libero_spatial,0,0.15625,0.15625
0.7465006510416666,libero_spatial_t0_ep3,,,0.7917067925739415,0.4990606602350216,pre_grasp,B1_pred_norm_neg,0.4201354715037766,train,libero_spatial_t00_ep003_s0040_pre_grasp,libero_spatial,0,0.546875,0.546875
0.9191080729166666,libero_spatial_t0_ep3,,,0.8111567271412382,0.658720470082832,pre_grasp,B2_change_norm,0.9017237926298924,train,libero_spatial_t00_ep003_s0040_pre_grasp,libero_spatial,0,0.703125,0.703125
0.9197591145833334,libero_spatial_t0_ep3,,,0.8125599726479372,0.5196570736668374,pre_grasp,B3_cos_dist,0.9021772716868849,train,libero_spatial_t00_ep003_s0040_pre_grasp,libero_spatial,0,0.703125,0.703125
0.9296875,libero_spatial_t0_ep3,,,0.8575520184434691,0.8003724855670258,pre_grasp,B4_linear_stats,0.9142252231631952,train,libero_spatial_t00_ep003_s0040_pre_grasp,libero_spatial,0,0.71875,0.71875
0.9988606770833334,libero_spatial_t0_ep3,0.03899727633699179,0.0541796277993502,0.9979912111133051,0.9750627054017772,manipulation,U_hat_mlp,0.9880257209887846,train,libero_spatial_t00_ep003_s0064_manipulation,libero_spatial,0,0.96875,0.96875
0.5546061197916666,libero_spatial_t0_ep3,,,0.6176286625895322,0.07648228431636586,manipulation,B0_random,0.08047965781643397,train,libero_spatial_t00_ep003_s0064_manipulation,libero_spatial,0,0.28125,0.28125
0.36572265625,libero_spatial_t0_ep3,,,0.5650376734581048,-0.2696810366232661,manipulation,B0x_token_index,-0.31244921606775006,train,libero_spatial_t00_ep003_s0064_manipulation,libero_spatial,0,0.15625,0.15625
0.8516438802083334,libero_spatial_t0_ep3,,,0.9090441483376043,0.662223275169506,manipulation,B1_pred_norm_neg,0.5680805104142824,train,libero_spatial_t00_ep003_s0064_manipulation,libero_spatial,0,0.75,0.75
0.9108072916666666,libero_spatial_t0_ep3,,,0.8571236603268657,0.7318334196321337,manipulation,B2_change_norm,0.8797801270313573,train,libero_spatial_t00_ep003_s0064_manipulation,libero_spatial,0,0.671875,0.671875
0.9117838541666666,libero_spatial_t0_ep3,,,0.8619335881392913,0.6253816357593326,manipulation,B3_cos_dist,0.8802185854886702,train,libero_spatial_t00_ep003_s0064_manipulation,libero_spatial,0,0.671875,0.671875
0.9131673177083334,libero_spatial_t0_ep3,,,0.8588179334219079,0.8155313416330772,manipulation,B4_linear_stats,0.8710624570840009,train,libero_spatial_t00_ep003_s0064_manipulation,libero_spatial,0,0.625,0.625
0.9931640625,libero_spatial_t0_ep4,0.037900563981662735,0.05469849838041346,0.9908939617060704,0.9512234477147417,approach,U_hat_mlp,0.9875765335317006,train,libero_spatial_t00_ep004_s0016_approach,libero_spatial,0,0.9375,0.9375
0.475830078125,libero_spatial_t0_ep4,,,0.5622426211084333,-0.050594343311750944,approach,B0_random,-0.04331154154268711,train,libero_spatial_t00_ep004_s0016_approach,libero_spatial,0,0.234375,0.234375
0.379638671875,libero_spatial_t0_ep4,,,0.5285515915922764,-0.3005962061826788,approach,B0x_token_index,-0.384111781872282,train,libero_spatial_t00_ep004_s0016_approach,libero_spatial,0,0.203125,0.203125
0.7733561197916666,libero_spatial_t0_ep4,,,0.8936732054254138,0.6525174046764195,approach,B1_pred_norm_neg,0.5007302872510873,train,libero_spatial_t00_ep004_s0016_approach,libero_spatial,0,0.640625,0.640625
0.9278157552083334,libero_spatial_t0_ep4,,,0.8686115699857082,0.7423985744324835,approach,B2_change_norm,0.8999148832684825,train,libero_spatial_t00_ep004_s0016_approach,libero_spatial,0,0.671875,0.671875
0.9286295572916666,libero_spatial_t0_ep4,,,0.8718351822433669,0.6832475573218447,approach,B3_cos_dist,0.9010185397116045,train,libero_spatial_t00_ep004_s0016_approach,libero_spatial,0,0.671875,0.671875
0.8497721354166666,libero_spatial_t0_ep4,,,0.8387644514851962,0.6443002211776533,approach,B4_linear_stats,0.8172214751659419,train,libero_spatial_t00_ep004_s0016_approach,libero_spatial,0,0.640625,0.640625
0.99609375,libero_spatial_t0_ep4,0.04342031702693284,0.057314484485652024,0.9975760294911136,0.961745328202166,pre_grasp,U_hat_mlp,0.9843878747997253,train,libero_spatial_t00_ep004_s0032_pre_grasp,libero_spatial,0,0.953125,0.953125
0.41845703125,libero_spatial_t0_ep4,,,0.631968728070569,-0.01866950697704155,pre_grasp,B0_random,-0.05995865758754864,train,libero_spatial_t00_ep004_s0032_pre_grasp,libero_spatial,0,0.1875,0.1875
0.3782552083333333,libero_spatial_t0_ep4,,,0.5470567354051055,-0.22465355912198415,pre_grasp,B0x_token_index,-0.270190547035935,train,libero_spatial_t00_ep004_s0032_pre_grasp,libero_spatial,0,0.171875,0.171875
0.7495930989583334,libero_spatial_t0_ep4,,,0.8478459724880468,0.5670393056133176,pre_grasp,B1_pred_norm_neg,0.5211339837491417,train,libero_spatial_t00_ep004_s0032_pre_grasp,libero_spatial,0,0.59375,0.59375
0.9093424479166666,libero_spatial_t0_ep4,,,0.8661471976553663,0.7020511566810602,pre_grasp,B2_change_norm,0.8982955195696956,train,libero_spatial_t00_ep004_s0032_pre_grasp,libero_spatial,0,0.703125,0.703125
0.909423828125,libero_spatial_t0_ep4,,,0.8658178098717131,0.5742872349446436,pre_grasp,B3_cos_dist,0.8984407186999314,train,libero_spatial_t00_ep004_s0032_pre_grasp,libero_spatial,0,0.703125,0.703125
0.91796875,libero_spatial_t0_ep4,,,0.891296712746572,0.8277333319251345,pre_grasp,B4_linear_stats,0.9125607976653697,train,libero_spatial_t00_ep004_s0032_pre_grasp,libero_spatial,0,0.703125,0.703125
0.9908040364583334,libero_spatial_t0_ep4,0.04411108084660696,0.06054674758959594,0.9943186985873853,0.959987532850302,manipulation,U_hat_mlp,0.98398374914168,train,libero_spatial_t00_ep004_s0056_manipulation,libero_spatial,0,0.921875,0.921875
0.4767252604166667,libero_spatial_t0_ep4,,,0.6148486857431782,-0.04584509014819748,manipulation,B0_random,-0.04785420004577707,train,libero_spatial_t00_ep004_s0056_manipulation,libero_spatial,0,0.265625,0.265625
0.3736979166666667,libero_spatial_t0_ep4,,,0.5477254369372635,-0.2379798730289359,manipulation,B0x_token_index,-0.29807664797436484,train,libero_spatial_t00_ep004_s0056_manipulation,libero_spatial,0,0.15625,0.15625
0.816650390625,libero_spatial_t0_ep4,,,0.881707204712558,0.6682577667829214,manipulation,B1_pred_norm_neg,0.5154046978713664,train,libero_spatial_t00_ep004_s0056_manipulation,libero_spatial,0,0.640625,0.640625
0.9344075520833334,libero_spatial_t0_ep4,,,0.8836087226625734,0.756939929436419,manipulation,B2_change_norm,0.9081654840924697,train,libero_spatial_t00_ep004_s0056_manipulation,libero_spatial,0,0.71875,0.71875
0.934814453125,libero_spatial_t0_ep4,,,0.8882194771861316,0.6401800878464662,manipulation,B3_cos_dist,0.9081569008926528,train,libero_spatial_t00_ep004_s0056_manipulation,libero_spatial,0,0.71875,0.71875
0.9413248697916666,libero_spatial_t0_ep4,,,0.9064323711552507,0.8422153229169903,manipulation,B4_linear_stats,0.9100316147859923,train,libero_spatial_t00_ep004_s0056_manipulation,libero_spatial,0,0.734375,0.734375
0.996337890625,libero_spatial_t0_ep5,0.03971848926663252,0.05379807475094722,0.9950933393422031,0.9597133844085368,approach,U_hat_mlp,0.9874763962005035,train,libero_spatial_t00_ep005_s0016_approach,libero_spatial,0,0.921875,0.921875
0.4457194010416667,libero_spatial_t0_ep5,,,0.5579830136482649,-0.027342524401079288,approach,B0_random,-0.02210603112840467,train,libero_spatial_t00_ep005_s0016_approach,libero_spatial,0,0.125,0.125
0.3187662760416667,libero_spatial_t0_ep5,,,0.5776602334792346,-0.3288735332490507,approach,B0x_token_index,-0.39926256008239874,train,libero_spatial_t00_ep005_s0016_approach,libero_spatial,0,0.171875,0.171875
0.8118489583333334,libero_spatial_t0_ep5,,,0.8548766461816076,0.6036075506827452,approach,B1_pred_norm_neg,0.5348613813229572,train,libero_spatial_t00_ep005_s0016_approach,libero_spatial,0,0.65625,0.65625
0.9165852864583334,libero_spatial_t0_ep5,,,0.8294730961293947,0.6566551025258092,approach,B2_change_norm,0.8694867246509499,train,libero_spatial_t00_ep005_s0016_approach,libero_spatial,0,0.6875,0.6875
0.9171549479166666,libero_spatial_t0_ep5,,,0.832077825145976,0.5524088659573771,approach,B3_cos_dist,0.8698736839093614,train,libero_spatial_t00_ep005_s0016_approach,libero_spatial,0,0.703125,0.703125
0.8934733072916666,libero_spatial_t0_ep5,,,0.8475167892525508,0.7542068735669939,approach,B4_linear_stats,0.842270828564889,train,libero_spatial_t00_ep005_s0016_approach,libero_spatial,0,0.671875,0.671875
0.9925130208333334,libero_spatial_t0_ep5,0.035018220833438515,0.04914336531754892,0.9956157974271321,0.9699018127913128,pre_grasp,U_hat_mlp,0.9889376859693294,train,libero_spatial_t00_ep005_s0032_pre_grasp,libero_spatial,0,0.921875,0.921875
0.4395345052083333,libero_spatial_t0_ep5,,,0.6094847161700356,-0.1144054936922831,pre_grasp,B0_random,-0.1004763675898375,train,libero_spatial_t00_ep005_s0032_pre_grasp,libero_spatial,0,0.203125,0.203125
0.3334147135416667,libero_spatial_t0_ep5,,,0.5988294176487423,-0.2587967427994511,pre_grasp,B0x_token_index,-0.31406714923323414,train,libero_spatial_t00_ep005_s0032_pre_grasp,libero_spatial,0,0.125,0.125
0.7557779947916666,libero_spatial_t0_ep5,,,0.8429904301271991,0.50176181213,pre_grasp,B1_pred_norm_neg,0.4374642366674296,train,libero_spatial_t00_ep005_s0032_pre_grasp,libero_spatial,0,0.5625,0.5625
0.901611328125,libero_spatial_t0_ep5,,,0.8372678362423605,0.6295694136492909,pre_grasp,B2_change_norm,0.8928151464866102,train,libero_spatial_t00_ep005_s0032_pre_grasp,libero_spatial,0,0.640625,0.640625
0.9012044270833334,libero_spatial_t0_ep5,,,0.8356664035882556,0.4724045416701552,pre_grasp,B3_cos_dist,0.8925390535591669,train,libero_spatial_t00_ep005_s0032_pre_grasp,libero_spatial,0,0.625,0.625
0.9112955729166666,libero_spatial_t0_ep5,,,0.891018326930681,0.8393333127717443,pre_grasp,B4_linear_stats,0.9006222819867247,train,libero_spatial_t00_ep005_s0032_pre_grasp,libero_spatial,0,0.671875,0.671875
0.9971516927083334,libero_spatial_t0_ep5,0.04012391548862176,0.053282773401315695,0.9966638857333083,0.9601587907669484,manipulation,U_hat_mlp,0.9879906729228657,train,libero_spatial_t00_ep005_s0056_manipulation,libero_spatial,0,0.953125,0.953125
0.4678548177083333,libero_spatial_t0_ep5,,,0.5236433090645666,-0.07584053124544882,manipulation,B0_random,-0.06894526779583429,train,libero_spatial_t00_ep005_s0056_manipulation,libero_spatial,0,0.171875,0.171875
0.347412109375,libero_spatial_t0_ep5,,,0.5113940488059805,-0.26294328092486496,manipulation,B0x_token_index,-0.3266823071641108,train,libero_spatial_t00_ep005_s0056_manipulation,libero_spatial,0,0.125,0.125
0.8570149739583334,libero_spatial_t0_ep5,,,0.8746918633926548,0.6901016297247985,manipulation,B1_pred_norm_neg,0.6011007953765164,train,libero_spatial_t00_ep005_s0056_manipulation,libero_spatial,0,0.734375,0.734375
0.94921875,libero_spatial_t0_ep5,,,0.8757176885857169,0.7599576091069692,manipulation,B2_change_norm,0.9313379777981231,train,libero_spatial_t00_ep005_s0056_manipulation,libero_spatial,0,0.765625,0.765625
0.949462890625,libero_spatial_t0_ep5,,,0.876698894899126,0.6550849304313258,manipulation,B3_cos_dist,0.9316090638590067,train,libero_spatial_t00_ep005_s0056_manipulation,libero_spatial,0,0.765625,0.765625
0.9503580729166666,libero_spatial_t0_ep5,,,0.880915922810841,0.8395866834017711,manipulation,B4_linear_stats,0.9287365529869536,train,libero_spatial_t00_ep005_s0056_manipulation,libero_spatial,0,0.765625,0.765625
0.9628092447916666,libero_spatial_t0_ep6,0.10071873321651285,0.13783839397997988,0.9295185101913873,0.8764633277829933,approach,U_hat_mlp,0.9493641279468986,val,libero_spatial_t00_ep006_s0016_approach,libero_spatial,0,0.84375,0.84375
0.5017903645833334,libero_spatial_t0_ep6,,,0.5910398363013113,0.0009332418153484461,approach,B0_random,-0.004237954909590295,val,libero_spatial_t00_ep006_s0016_approach,libero_spatial,0,0.28125,0.28125
0.3404947916666667,libero_spatial_t0_ep6,,,0.5567171042072522,-0.3073412733583959,approach,B0x_token_index,-0.3488484206912337,val,libero_spatial_t00_ep006_s0016_approach,libero_spatial,0,0.171875,0.171875
0.7880045572916666,libero_spatial_t0_ep6,,,0.8536258289838955,0.6010731907700549,approach,B1_pred_norm_neg,0.5568400949874113,val,libero_spatial_t00_ep006_s0016_approach,libero_spatial,0,0.578125,0.578125
0.9168294270833334,libero_spatial_t0_ep6,,,0.829607155313183,0.6635735902698849,approach,B2_change_norm,0.879504034103914,val,libero_spatial_t00_ep006_s0016_approach,libero_spatial,0,0.6875,0.6875
0.9170735677083334,libero_spatial_t0_ep6,,,0.8304550074188801,0.5484309112535906,approach,B3_cos_dist,0.8802250228885329,val,libero_spatial_t00_ep006_s0016_approach,libero_spatial,0,0.6875,0.6875
0.8850911458333334,libero_spatial_t0_ep6,,,0.8557423592453652,0.7475719710590165,approach,B4_linear_stats,0.826781013962005,val,libero_spatial_t00_ep006_s0016_approach,libero_spatial,0,0.6875,0.6875
0.9605305989583334,libero_spatial_t0_ep6,0.10065369747651005,0.1439732093757613,0.9324851030656133,0.8630733459709082,pre_grasp,U_hat_mlp,0.9176356145571068,val,libero_spatial_t00_ep006_s0032_pre_grasp,libero_spatial,0,0.828125,0.828125
0.4986165364583333,libero_spatial_t0_ep6,,,0.6078615740573134,-0.03781187109004932,pre_grasp,B0_random,-0.024194609750514993,val,libero_spatial_t00_ep006_s0032_pre_grasp,libero_spatial,0,0.265625,0.265625
0.4083658854166667,libero_spatial_t0_ep6,,,0.5661900923148531,-0.17341585549694116,pre_grasp,B0x_token_index,-0.22437771801327536,val,libero_spatial_t00_ep006_s0032_pre_grasp,libero_spatial,0,0.171875,0.171875
0.7399088541666666,libero_spatial_t0_ep6,,,0.8515928693020084,0.5850005119222744,pre_grasp,B1_pred_norm_neg,0.5275992790112154,val,libero_spatial_t00_ep006_s0032_pre_grasp,libero_spatial,0,0.546875,0.546875
0.9032389322916666,libero_spatial_t0_ep6,,,0.8465944958844923,0.647611871105815,pre_grasp,B2_change_norm,0.8824673838406958,val,libero_spatial_t00_ep006_s0032_pre_grasp,libero_spatial,0,0.671875,0.671875
0.9027506510416666,libero_spatial_t0_ep6,,,0.8463622452856745,0.48114567884718706,pre_grasp,B3_cos_dist,0.8823093099107348,val,libero_spatial_t00_ep006_s0032_pre_grasp,libero_spatial,0,0.671875,0.671875
0.9131673177083334,libero_spatial_t0_ep6,,,0.8938112569878883,0.82976855943257,pre_grasp,B4_linear_stats,0.8964458400091554,val,libero_spatial_t00_ep006_s0032_pre_grasp,libero_spatial,0,0.65625,0.65625
0.9414876302083334,libero_spatial_t0_ep6,0.10621655165906704,0.17444483742034883,0.9038818989429479,0.8302276895348865,manipulation,U_hat_mlp,0.9346324959945067,val,libero_spatial_t00_ep006_s0056_manipulation,libero_spatial,0,0.796875,0.796875
0.5304361979166666,libero_spatial_t0_ep6,,,0.5590719473964714,0.03927194209268072,manipulation,B0_random,0.027911135271229116,val,libero_spatial_t00_ep006_s0056_manipulation,libero_spatial,0,0.296875,0.296875
0.3811848958333333,libero_spatial_t0_ep6,,,0.497655728758404,-0.18465825097666377,manipulation,B0x_token_index,-0.23802715152208742,val,libero_spatial_t00_ep006_s0056_manipulation,libero_spatial,0,0.09375,0.09375
0.8660481770833334,libero_spatial_t0_ep6,,,0.8684470913329031,0.6973968350426252,manipulation,B1_pred_norm_neg,0.6431277180132754,val,libero_spatial_t00_ep006_s0056_manipulation,libero_spatial,0,0.6875,0.6875
0.9375813802083334,libero_spatial_t0_ep6,,,0.8725001253418352,0.7765214139662378,manipulation,B2_change_norm,0.9215917544060426,val,libero_spatial_t00_ep006_s0056_manipulation,libero_spatial,0,0.796875,0.796875
0.938720703125,libero_spatial_t0_ep6,,,0.8726318648957099,0.6645474250724387,manipulation,B3_cos_dist,0.9225087262531472,val,libero_spatial_t00_ep006_s0056_manipulation,libero_spatial,0,0.796875,0.796875
0.947265625,libero_spatial_t0_ep6,,,0.9127892539315053,0.8580831005312708,manipulation,B4_linear_stats,0.9321204795147631,val,libero_spatial_t00_ep006_s0056_manipulation,libero_spatial,0,0.796875,0.796875
0.9671223958333334,libero_spatial_t0_ep7,0.08005923443994273,0.12742031662862213,0.9422019937188997,0.8739012654738436,approach,U_hat_mlp,0.9533309967956054,val,libero_spatial_t00_ep007_s0024_approach,libero_spatial,0,0.859375,0.859375
0.4774576822916667,libero_spatial_t0_ep7,,,0.5607922340034271,-0.01798108085903285,approach,B0_random,-0.012592984664682994,val,libero_spatial_t00_ep007_s0024_approach,libero_spatial,0,0.1875,0.1875
0.3142903645833333,libero_spatial_t0_ep7,,,0.5173548315509754,-0.337483715808124,approach,B0x_token_index,-0.39957084000915544,val,libero_spatial_t00_ep007_s0024_approach,libero_spatial,0,0.125,0.125
0.7652180989583334,libero_spatial_t0_ep7,,,0.8837290159486457,0.6305925784524089,approach,B1_pred_norm_neg,0.4815668631265736,val,libero_spatial_t00_ep007_s0024_approach,libero_spatial,0,0.59375,0.59375
0.908203125,libero_spatial_t0_ep7,,,0.8303264302811479,0.7029750276196618,approach,B2_change_norm,0.8815468356603342,val,libero_spatial_t00_ep007_s0024_approach,libero_spatial,0,0.625,0.625
0.90869140625,libero_spatial_t0_ep7,,,0.8322074210224346,0.6154783138521575,approach,B3_cos_dist,0.882067549782559,val,libero_spatial_t00_ep007_s0024_approach,libero_spatial,0,0.625,0.625
0.881591796875,libero_spatial_t0_ep7,,,0.8603064408308434,0.771914376888014,approach,B4_linear_stats,0.8560268368047608,val,libero_spatial_t00_ep007_s0024_approach,libero_spatial,0,0.609375,0.609375
0.9765625,libero_spatial_t0_ep7,0.08562561111773415,0.12876181405022208,0.9324359299816517,0.8680388316112329,pre_grasp,U_hat_mlp,0.9552457656214237,val,libero_spatial_t00_ep007_s0040_pre_grasp,libero_spatial,0,0.875,0.875
0.5254720052083334,libero_spatial_t0_ep7,,,0.5568093635674396,-0.011581396408206488,pre_grasp,B0_random,-0.033619678416113526,val,libero_spatial_t00_ep007_s0040_pre_grasp,libero_spatial,0,0.28125,0.28125
0.3681640625,libero_spatial_t0_ep7,,,0.5295974467897658,-0.23235964182998395,pre_grasp,B0x_token_index,-0.29482862211032274,val,libero_spatial_t00_ep007_s0040_pre_grasp,libero_spatial,0,0.15625,0.15625
0.7784830729166666,libero_spatial_t0_ep7,,,0.8406400104932326,0.5990965287093829,pre_grasp,B1_pred_norm_neg,0.5552193007553216,val,libero_spatial_t00_ep007_s0040_pre_grasp,libero_spatial,0,0.625,0.625
0.9361979166666666,libero_spatial_t0_ep7,,,0.8363157449652009,0.7173976059092486,pre_grasp,B2_change_norm,0.9144862954909591,val,libero_spatial_t00_ep007_s0040_pre_grasp,libero_spatial,0,0.71875,0.71875
0.9365234375,libero_spatial_t0_ep7,,,0.836967039542889,0.5883999160878496,pre_grasp,B3_cos_dist,0.9149691004806592,val,libero_spatial_t00_ep007_s0040_pre_grasp,libero_spatial,0,0.71875,0.71875
0.9369303385416666,libero_spatial_t0_ep7,,,0.8713306386839416,0.8206068552766353,pre_grasp,B4_linear_stats,0.9201805333028152,val,libero_spatial_t00_ep007_s0040_pre_grasp,libero_spatial,0,0.734375,0.734375
0.9645182291666666,libero_spatial_t0_ep7,0.08933888065840107,0.1354630008910283,0.9244859099339872,0.8688286470069975,manipulation,U_hat_mlp,0.948203250171664,val,libero_spatial_t00_ep007_s0056_manipulation,libero_spatial,0,0.84375,0.84375
0.5459798177083334,libero_spatial_t0_ep7,,,0.6172622056655491,0.061781874647028966,manipulation,B0_random,0.05546535248340581,val,libero_spatial_t00_ep007_s0056_manipulation,libero_spatial,0,0.296875,0.296875
0.3241373697916667,libero_spatial_t0_ep7,,,0.5403921908822079,-0.2902420136657329,manipulation,B0x_token_index,-0.33827177271686887,val,libero_spatial_t00_ep007_s0056_manipulation,libero_spatial,0,0.140625,0.140625
0.8070475260416666,libero_spatial_t0_ep7,,,0.859104272834497,0.6193745254122063,manipulation,B1_pred_norm_neg,0.5694609750514992,val,libero_spatial_t00_ep007_s0056_manipulation,libero_spatial,0,0.609375,0.609375
0.9361165364583334,libero_spatial_t0_ep7,,,0.841047824463095,0.7077931563089784,manipulation,B2_change_norm,0.9186155298695353,val,libero_spatial_t00_ep007_s0056_manipulation,libero_spatial,0,0.71875,0.71875
0.9365234375,libero_spatial_t0_ep7,,,0.8410935158511675,0.589708317241663,manipulation,B3_cos_dist,0.9191526951247425,val,libero_spatial_t00_ep007_s0056_manipulation,libero_spatial,0,0.71875,0.71875
0.9320475260416666,libero_spatial_t0_ep7,,,0.8809043828836395,0.8361766720471104,manipulation,B4_linear_stats,0.9204387445639735,val,libero_spatial_t00_ep007_s0056_manipulation,libero_spatial,0,0.71875,0.71875
0.9779459635416666,libero_spatial_t0_ep8,0.09557767499455277,0.12986051768371515,0.9540706645313944,0.8999836753276832,approach,U_hat_mlp,0.9512917715724422,testA,libero_spatial_t00_ep008_s0016_approach,libero_spatial,0,0.890625,0.890625
0.551025390625,libero_spatial_t0_ep8,,,0.6045342429371243,0.09705844413916649,approach,B0_random,0.08308823529411764,testA,libero_spatial_t00_ep008_s0016_approach,libero_spatial,0,0.296875,0.296875
0.2998860677083333,libero_spatial_t0_ep8,,,0.5616369517350817,-0.40272826767674796,approach,B0x_token_index,-0.4452384699015793,testA,libero_spatial_t00_ep008_s0016_approach,libero_spatial,0,0.1875,0.1875
0.810302734375,libero_spatial_t0_ep8,,,0.8496366044037202,0.6225430420394976,approach,B1_pred_norm_neg,0.5293073357747768,testA,libero_spatial_t00_ep008_s0016_approach,libero_spatial,0,0.625,0.625
0.940673828125,libero_spatial_t0_ep8,,,0.8618911769806163,0.7323732941462064,approach,B2_change_norm,0.9028403238727397,testA,libero_spatial_t00_ep008_s0016_approach,libero_spatial,0,0.703125,0.703125
0.9413248697916666,libero_spatial_t0_ep8,,,0.8633096743349605,0.6200269260928062,approach,B3_cos_dist,0.9034890707255665,testA,libero_spatial_t00_ep008_s0016_approach,libero_spatial,0,0.703125,0.703125
0.9111328125,libero_spatial_t0_ep8,,,0.8784448488514061,0.8100385937262871,approach,B4_linear_stats,0.8823779755092699,testA,libero_spatial_t00_ep008_s0016_approach,libero_spatial,0,0.640625,0.640625
0.94580078125,libero_spatial_t0_ep8,0.08615610585785144,0.12426718233790644,0.9619578056239468,0.8966433930600282,pre_grasp,U_hat_mlp,0.926652981231403,testA,libero_spatial_t00_ep008_s0032_pre_grasp,libero_spatial,0,0.796875,0.796875
0.5410970052083334,libero_spatial_t0_ep8,,,0.6559967047447106,-0.009765385990120737,pre_grasp,B0_random,-0.025233176928358893,testA,libero_spatial_t00_ep008_s0032_pre_grasp,libero_spatial,0,0.296875,0.296875
0.4026692708333333,libero_spatial_t0_ep8,,,0.630232013566647,-0.23613951894191626,pre_grasp,B0x_token_index,-0.2596067463950561,testA,libero_spatial_t00_ep008_s0032_pre_grasp,libero_spatial,0,0.203125,0.203125
0.7195638020833334,libero_spatial_t0_ep8,,,0.8446340214127903,0.5242064593017518,pre_grasp,B1_pred_norm_neg,0.5063243877317464,testA,libero_spatial_t00_ep008_s0032_pre_grasp,libero_spatial,0,0.546875,0.546875
0.8661295572916666,libero_spatial_t0_ep8,,,0.8189791639044485,0.5855910209538153,pre_grasp,B2_change_norm,0.8427328908216983,testA,libero_spatial_t00_ep008_s0032_pre_grasp,libero_spatial,0,0.5625,0.5625
0.8661295572916666,libero_spatial_t0_ep8,,,0.819056222454973,0.4334967670593171,pre_grasp,B3_cos_dist,0.8428966868848706,testA,libero_spatial_t00_ep008_s0032_pre_grasp,libero_spatial,0,0.5625,0.5625
0.8941243489583334,libero_spatial_t0_ep8,,,0.8782309750756014,0.8103349943818288,pre_grasp,B4_linear_stats,0.8710817692835889,testA,libero_spatial_t00_ep008_s0032_pre_grasp,libero_spatial,0,0.609375,0.609375
0.98095703125,libero_spatial_t0_ep8,0.08976592975746306,0.12816318068640503,0.9441907856271965,0.8953549530835848,manipulation,U_hat_mlp,0.9487354085603112,testA,libero_spatial_t00_ep008_s0056_manipulation,libero_spatial,0,0.859375,0.859375
0.49951171875,libero_spatial_t0_ep8,,,0.5784668669946142,-0.023417574128359604,manipulation,B0_random,-0.0029161421377889678,testA,libero_spatial_t00_ep008_s0056_manipulation,libero_spatial,0,0.234375,0.234375
0.3778483072916667,libero_spatial_t0_ep8,,,0.5451983709123185,-0.2551922194237026,manipulation,B0x_token_index,-0.2934188315403983,testA,libero_spatial_t00_ep008_s0056_manipulation,libero_spatial,0,0.15625,0.15625
0.8379720052083334,libero_spatial_t0_ep8,,,0.8699898789518203,0.6874610759429881,manipulation,B1_pred_norm_neg,0.6015392538338292,testA,libero_spatial_t00_ep008_s0056_manipulation,libero_spatial,0,0.640625,0.640625
0.927734375,libero_spatial_t0_ep8,,,0.828803424773472,0.6957787800977734,manipulation,B2_change_norm,0.8994499599450675,testA,libero_spatial_t00_ep008_s0056_manipulation,libero_spatial,0,0.6875,0.6875
0.9283040364583334,libero_spatial_t0_ep8,,,0.832609865390189,0.5682721608256771,manipulation,B3_cos_dist,0.9000894083314259,testA,libero_spatial_t00_ep008_s0056_manipulation,libero_spatial,0,0.703125,0.703125
0.9365234375,libero_spatial_t0_ep8,,,0.8842613005521487,0.8309949584581672,manipulation,B4_linear_stats,0.9091389620050355,testA,libero_spatial_t00_ep008_s0056_manipulation,libero_spatial,0,0.703125,0.703125
0.9165852864583334,libero_spatial_t0_ep9,0.12137789231646613,0.19618160097260956,0.8503327320608529,0.7646713121921116,approach,U_hat_mlp,0.9140163653009842,testA,libero_spatial_t00_ep009_s0024_approach,libero_spatial,0,0.71875,0.71875
0.5445149739583334,libero_spatial_t0_ep9,,,0.5793043265579497,0.04206755579535475,approach,B0_random,0.07096589608606088,testA,libero_spatial_t00_ep009_s0024_approach,libero_spatial,0,0.265625,0.265625
0.3134765625,libero_spatial_t0_ep9,,,0.4839959041480132,-0.3402364593243435,approach,B0x_token_index,-0.3923280498970016,testA,libero_spatial_t00_ep009_s0024_approach,libero_spatial,0,0.109375,0.109375
0.8079427083333334,libero_spatial_t0_ep9,,,0.8262972239824399,0.6087146524356876,approach,B1_pred_norm_neg,0.5650585088120852,testA,libero_spatial_t00_ep009_s0024_approach,libero_spatial,0,0.640625,0.640625
0.9271647135416666,libero_spatial_t0_ep9,,,0.8500128592395014,0.7476997666761176,approach,B2_change_norm,0.9051828221560998,testA,libero_spatial_t00_ep009_s0024_approach,libero_spatial,0,0.71875,0.71875
0.9274088541666666,libero_spatial_t0_ep9,,,0.8510801858786601,0.6668397641836329,approach,B3_cos_dist,0.9051720931563286,testA,libero_spatial_t00_ep009_s0024_approach,libero_spatial,0,0.71875,0.71875
0.8949381510416666,libero_spatial_t0_ep9,,,0.8461047641133094,0.7623824188741318,approach,B4_linear_stats,0.8741273746852827,testA,libero_spatial_t00_ep009_s0024_approach,libero_spatial,0,0.71875,0.71875
0.9306640625,libero_spatial_t0_ep9,0.09307146179115733,0.1401688206867122,0.9322366323109981,0.8620134028616733,pre_grasp,U_hat_mlp,0.9180368791485466,testA,libero_spatial_t00_ep009_s0040_pre_grasp,libero_spatial,0,0.796875,0.796875
0.45556640625,libero_spatial_t0_ep9,,,0.6189937062594972,-0.007875991392948608,pre_grasp,B0_random,-0.007566090638590066,testA,libero_spatial_t00_ep009_s0040_pre_grasp,libero_spatial,0,0.21875,0.21875
0.4243977864583333,libero_spatial_t0_ep9,,,0.5772121806621323,-0.14733954089637605,pre_grasp,B0x_token_index,-0.21412294003204393,testA,libero_spatial_t00_ep009_s0040_pre_grasp,libero_spatial,0,0.140625,0.140625
0.767578125,libero_spatial_t0_ep9,,,0.8760405484977162,0.6007098725460198,pre_grasp,B1_pred_norm_neg,0.5286221103227283,testA,libero_spatial_t00_ep009_s0040_pre_grasp,libero_spatial,0,0.625,0.625
0.9231770833333334,libero_spatial_t0_ep9,,,0.8701856561514967,0.7482171668080595,pre_grasp,B2_change_norm,0.8907487411306936,testA,libero_spatial_t00_ep009_s0040_pre_grasp,libero_spatial,0,0.75,0.75
0.92333984375,libero_spatial_t0_ep9,,,0.8699958338560765,0.632953144917984,pre_grasp,B3_cos_dist,0.8907866502632181,testA,libero_spatial_t00_ep009_s0040_pre_grasp,libero_spatial,0,0.75,0.75
0.9266764322916666,libero_spatial_t0_ep9,,,0.9250868871217125,0.8428882695800881,pre_grasp,B4_linear_stats,0.9014777409018082,testA,libero_spatial_t00_ep009_s0040_pre_grasp,libero_spatial,0,0.734375,0.734375
0.9771321614583334,libero_spatial_t0_ep9,0.09307487520418331,0.13605403083800502,0.9243880431466287,0.8902883148189409,manipulation,U_hat_mlp,0.92768797207599,testA,libero_spatial_t00_ep009_s0056_manipulation,libero_spatial,0,0.875,0.875
0.5121256510416666,libero_spatial_t0_ep9,,,0.6085906883339014,0.02852466839619519,manipulation,B0_random,0.03920090409704738,testA,libero_spatial_t00_ep009_s0056_manipulation,libero_spatial,0,0.28125,0.28125
0.306640625,libero_spatial_t0_ep9,,,0.5238163634902974,-0.3439232335618475,manipulation,B0x_token_index,-0.3908424410620279,testA,libero_spatial_t00_ep009_s0056_manipulation,libero_spatial,0,0.078125,0.078125
0.84912109375,libero_spatial_t0_ep9,,,0.8993806804250132,0.695217413581784,manipulation,B1_pred_norm_neg,0.5771930075532158,testA,libero_spatial_t00_ep009_s0056_manipulation,libero_spatial,0,0.6875,0.6875
0.9418131510416666,libero_spatial_t0_ep9,,,0.8792685453661564,0.7278897746006362,manipulation,B2_change_norm,0.8786178187228199,testA,libero_spatial_t00_ep009_s0056_manipulation,libero_spatial,0,0.78125,0.78125
0.9423014322916666,libero_spatial_t0_ep9,,,0.8806918793770714,0.6156408141346764,manipulation,B3_cos_dist,0.8792186427100023,testA,libero_spatial_t00_ep009_s0056_manipulation,libero_spatial,0,0.78125,0.78125
0.9408365885416666,libero_spatial_t0_ep9,,,0.9073323359782188,0.8337199103906526,manipulation,B4_linear_stats,0.8838471332112612,testA,libero_spatial_t00_ep009_s0056_manipulation,libero_spatial,0,0.75,0.75
0.9910481770833334,libero_spatial_t7_ep0,0.04188862455444316,0.055404514783963264,0.9958423140726048,0.9638016790976972,approach,U_hat_mlp,0.9858656157015335,train,libero_spatial_t07_ep000_s0016_approach,libero_spatial,7,0.9375,0.9375
0.5467936197916666,libero_spatial_t7_ep0,,,0.6826420103151202,0.058343741429732685,approach,B0_random,0.0709301327534905,train,libero_spatial_t07_ep000_s0016_approach,libero_spatial,7,0.3125,0.3125
0.3675944010416667,libero_spatial_t7_ep0,,,0.638497456104296,-0.2872239028836477,approach,B0x_token_index,-0.3371237697413596,train,libero_spatial_t07_ep000_s0016_approach,libero_spatial,7,0.234375,0.234375
0.8006998697916666,libero_spatial_t7_ep0,,,0.8581275876874725,0.5715999805679813,approach,B1_pred_norm_neg,0.5600494964522774,train,libero_spatial_t07_ep000_s0016_approach,libero_spatial,7,0.5625,0.5625
0.928466796875,libero_spatial_t7_ep0,,,0.8748807069518083,0.724494777098087,approach,B2_change_norm,0.9195403696498055,train,libero_spatial_t07_ep000_s0016_approach,libero_spatial,7,0.734375,0.734375
0.928466796875,libero_spatial_t7_ep0,,,0.8764712423135566,0.5910487591284008,approach,B3_cos_dist,0.9195847161821927,train,libero_spatial_t07_ep000_s0016_approach,libero_spatial,7,0.734375,0.734375
0.9319661458333334,libero_spatial_t7_ep0,,,0.9120138679669175,0.862998265417154,approach,B4_linear_stats,0.9209465838864729,train,libero_spatial_t07_ep000_s0016_approach,libero_spatial,7,0.75,0.75
0.9881184895833334,libero_spatial_t7_ep0,0.03813361522834692,0.055835897764130275,0.9898500951696249,0.9525077368351494,pre_grasp,U_hat_mlp,0.985680361638819,train,libero_spatial_t07_ep000_s0024_pre_grasp,libero_spatial,7,0.890625,0.890625
0.5033365885416666,libero_spatial_t7_ep0,,,0.6615687704243672,0.021450903855690248,pre_grasp,B0_random,-0.013198100251773861,train,libero_spatial_t07_ep000_s0024_pre_grasp,libero_spatial,7,0.28125,0.28125
0.4404296875,libero_spatial_t7_ep0,,,0.6653532428058351,-0.15684461270600408,pre_grasp,B0x_token_index,-0.22872010185397115,train,libero_spatial_t07_ep000_s0024_pre_grasp,libero_spatial,7,0.265625,0.265625
0.7469075520833334,libero_spatial_t7_ep0,,,0.8417577898753226,0.5120540787887754,pre_grasp,B1_pred_norm_neg,0.4879499027237354,train,libero_spatial_t07_ep000_s0024_pre_grasp,libero_spatial,7,0.515625,0.515625
0.9249674479166666,libero_spatial_t7_ep0,,,0.8824633509066456,0.7847350818245236,pre_grasp,B2_change_norm,0.9317843041886015,train,libero_spatial_t07_ep000_s0024_pre_grasp,libero_spatial,7,0.75,0.75
0.9251302083333334,libero_spatial_t7_ep0,,,0.8826894897685532,0.6228560372909351,pre_grasp,B3_cos_dist,0.9316040569924467,train,libero_spatial_t07_ep000_s0024_pre_grasp,libero_spatial,7,0.75,0.75
0.9225260416666666,libero_spatial_t7_ep0,,,0.9209852171213946,0.8678874037376136,pre_grasp,B4_linear_stats,0.9299231803616388,train,libero_spatial_t07_ep000_s0024_pre_grasp,libero_spatial,7,0.734375,0.734375
0.9951171875,libero_spatial_t7_ep0,0.04264461692152671,0.056595650333125955,0.9961790968187606,0.9581155644939066,manipulation,U_hat_mlp,0.9873505092698558,train,libero_spatial_t07_ep000_s0048_manipulation,libero_spatial,7,0.921875,0.921875
0.5068359375,libero_spatial_t7_ep0,,,0.6040481309165893,0.04791180502153054,manipulation,B0_random,0.038200961318379495,train,libero_spatial_t07_ep000_s0048_manipulation,libero_spatial,7,0.234375,0.234375
0.3311360677083333,libero_spatial_t7_ep0,,,0.5551782884816738,-0.345792472727651,manipulation,B0x_token_index,-0.37800698100251773,train,libero_spatial_t07_ep000_s0048_manipulation,libero_spatial,7,0.15625,0.15625
0.87841796875,libero_spatial_t7_ep0,,,0.8652388025308863,0.6887476440105809,manipulation,B1_pred_norm_neg,0.6780820840009155,train,libero_spatial_t07_ep000_s0048_manipulation,libero_spatial,7,0.6875,0.6875
0.960205078125,libero_spatial_t7_ep0,,,0.8845892184060206,0.7592441917820626,manipulation,B2_change_norm,0.9366974708171206,train,libero_spatial_t07_ep000_s0048_manipulation,libero_spatial,7,0.828125,0.828125
0.9605305989583334,libero_spatial_t7_ep0,,,0.8849059271380814,0.6157793657782921,manipulation,B3_cos_dist,0.9369270714122224,train,libero_spatial_t07_ep000_s0048_manipulation,libero_spatial,7,0.828125,0.828125
0.9619140625,libero_spatial_t7_ep0,,,0.8904524123834953,0.8728746330215553,manipulation,B4_linear_stats,0.9397495136186771,train,libero_spatial_t07_ep000_s0048_manipulation,libero_spatial,7,0.84375,0.84375
0.9930826822916666,libero_spatial_t7_ep1,0.03390869471958423,0.04675966720368669,0.9954176792995978,0.9670251236161136,approach,U_hat_mlp,0.9901808194094759,train,libero_spatial_t07_ep001_s0016_approach,libero_spatial,7,0.9375,0.9375
0.4708658854166667,libero_spatial_t7_ep1,,,0.5891007499582238,-0.052071489953499514,approach,B0_random,-0.04433437285420005,train,libero_spatial_t07_ep001_s0016_approach,libero_spatial,7,0.1875,0.1875
0.3104654947916667,libero_spatial_t7_ep1,,,0.6295841500028647,-0.3658351159367986,approach,B0x_token_index,-0.3764777409018082,train,libero_spatial_t07_ep001_s0016_approach,libero_spatial,7,0.1875,0.1875
0.7511393229166666,libero_spatial_t7_ep1,,,0.8517439265973337,0.5590156172328007,approach,B1_pred_norm_neg,0.46137703135729,train,libero_spatial_t07_ep001_s0016_approach,libero_spatial,7,0.53125,0.53125
0.9385579427083334,libero_spatial_t7_ep1,,,0.8965898157440563,0.7670538063599868,approach,B2_change_norm,0.9338342584115358,train,libero_spatial_t07_ep001_s0016_approach,libero_spatial,7,0.75,0.75
0.9386393229166666,libero_spatial_t7_ep1,,,0.896819253273644,0.6310383596829038,approach,B3_cos_dist,0.9339000629434653,train,libero_spatial_t07_ep001_s0016_approach,libero_spatial,7,0.75,0.75
0.9374186197916666,libero_spatial_t7_ep1,,,0.9288379310186176,0.8867379103439622,approach,B4_linear_stats,0.9325689517051957,train,libero_spatial_t07_ep001_s0016_approach,libero_spatial,7,0.734375,0.734375
0.988037109375,libero_spatial_t7_ep1,0.0471523174402651,0.06301855961976208,0.9962034424149199,0.9453259347698939,pre_grasp,U_hat_mlp,0.9844064717326619,train,libero_spatial_t07_ep001_s0032_pre_grasp,libero_spatial,7,0.890625,0.890625
0.470458984375,libero_spatial_t7_ep1,,,0.5674582957999401,-0.12065957161748782,pre_grasp,B0_random,-0.07308523117418174,train,libero_spatial_t07_ep001_s0032_pre_grasp,libero_spatial,7,0.234375,0.234375
0.3653971354166667,libero_spatial_t7_ep1,,,0.6030765486181004,-0.20114690423399634,pre_grasp,B0x_token_index,-0.2742754348821241,train,libero_spatial_t07_ep001_s0032_pre_grasp,libero_spatial,7,0.1875,0.1875
0.7766927083333334,libero_spatial_t7_ep1,,,0.8653082233023763,0.5687113119024748,pre_grasp,B1_pred_norm_neg,0.5337562943465324,train,libero_spatial_t07_ep001_s0032_pre_grasp,libero_spatial,7,0.578125,0.578125
0.96435546875,libero_spatial_t7_ep1,,,0.9094955389247671,0.812847340535944,pre_grasp,B2_change_norm,0.9612954909590296,train,libero_spatial_t07_ep001_s0032_pre_grasp,libero_spatial,7,0.859375,0.859375
0.964599609375,libero_spatial_t7_ep1,,,0.9095405977666996,0.6784286903310822,pre_grasp,B3_cos_dist,0.9614750228885328,train,libero_spatial_t07_ep001_s0032_pre_grasp,libero_spatial,7,0.859375,0.859375
0.967041015625,libero_spatial_t7_ep1,,,0.8994906350164444,0.8729946937484658,pre_grasp,B4_linear_stats,0.9606395914396887,train,libero_spatial_t07_ep001_s0032_pre_grasp,libero_spatial,7,0.859375,0.859375
0.9978841145833334,libero_spatial_t7_ep1,0.042104986966122936,0.054855540057409,0.9942594751335156,0.9681531832864467,manipulation,U_hat_mlp,0.9897945754177158,train,libero_spatial_t07_ep001_s0056_manipulation,libero_spatial,7,0.9375,0.9375
0.48583984375,libero_spatial_t7_ep1,,,0.6053024652664848,-0.022027853231534635,manipulation,B0_random,-0.004368848706797894,train,libero_spatial_t07_ep001_s0056_manipulation,libero_spatial,7,0.203125,0.203125
0.2657877604166667,libero_spatial_t7_ep1,,,0.5397207214952296,-0.39472869233918534,manipulation,B0x_token_index,-0.4429009784847791,train,libero_spatial_t07_ep001_s0056_manipulation,libero_spatial,7,0.109375,0.109375
0.8907063802083334,libero_spatial_t7_ep1,,,0.894211277548849,0.7088897395962752,manipulation,B1_pred_norm_neg,0.6191147859922179,train,libero_spatial_t07_ep001_s0056_manipulation,libero_spatial,7,0.6875,0.6875
0.97705078125,libero_spatial_t7_ep1,,,0.9057804478928403,0.8089287799595112,manipulation,B2_change_norm,0.953651436255436,train,libero_spatial_t07_ep001_s0056_manipulation,libero_spatial,7,0.859375,0.859375
0.9773763020833334,libero_spatial_t7_ep1,,,0.9068136209766756,0.6857365379962037,manipulation,B3_cos_dist,0.9540047779812314,train,libero_spatial_t07_ep001_s0056_manipulation,libero_spatial,7,0.859375,0.859375
0.9752604166666666,libero_spatial_t7_ep1,,,0.939989078792046,0.9036114184574776,manipulation,B4_linear_stats,0.9572435053788052,train,libero_spatial_t07_ep001_s0056_manipulation,libero_spatial,7,0.84375,0.84375
0.9964192708333334,libero_spatial_t7_ep2,0.04115163546116314,0.056873114504262884,0.9949250052000324,0.9466118851521688,approach,U_hat_mlp,0.9897752632181277,train,libero_spatial_t07_ep002_s0016_approach,libero_spatial,7,0.9375,0.9375
0.477294921875,libero_spatial_t7_ep2,,,0.5653058045833601,-0.0038841501305340045,approach,B0_random,0.026183051041428245,train,libero_spatial_t07_ep002_s0016_approach,libero_spatial,7,0.234375,0.234375
0.4039713541666667,libero_spatial_t7_ep2,,,0.5893570941960099,-0.2946997659834705,approach,B0x_token_index,-0.31358005264362554,train,libero_spatial_t07_ep002_s0016_approach,libero_spatial,7,0.28125,0.28125
0.816162109375,libero_spatial_t7_ep2,,,0.8240861516670102,0.6147283188873434,approach,B1_pred_norm_neg,0.5640220874341955,train,libero_spatial_t07_ep002_s0016_approach,libero_spatial,7,0.59375,0.59375
0.9496256510416666,libero_spatial_t7_ep2,,,0.8588599460164854,0.7486728071691258,approach,B2_change_norm,0.9242425326161593,train,libero_spatial_t07_ep002_s0016_approach,libero_spatial,7,0.8125,0.8125
0.94970703125,libero_spatial_t7_ep2,,,0.8589315468668247,0.5961365264282787,approach,B3_cos_dist,0.9243934538796064,train,libero_spatial_t07_ep002_s0016_approach,libero_spatial,7,0.8125,0.8125
0.9612630208333334,libero_spatial_t7_ep2,,,0.8986054871365317,0.8566448950420938,approach,B4_linear_stats,0.929340953307393,train,libero_spatial_t07_ep002_s0016_approach,libero_spatial,7,0.828125,0.828125
0.9925130208333334,libero_spatial_t7_ep2,0.04048779719795961,0.054002323526027234,0.9966769906921227,0.9543156282595131,pre_grasp,U_hat_mlp,0.9908395799954223,train,libero_spatial_t07_ep002_s0032_pre_grasp,libero_spatial,7,0.9375,0.9375
0.589111328125,libero_spatial_t7_ep2,,,0.6317587723932938,0.13116714424339723,pre_grasp,B0_random,0.09930547608148317,train,libero_spatial_t07_ep002_s0032_pre_grasp,libero_spatial,7,0.25,0.25
0.4364420572916667,libero_spatial_t7_ep2,,,0.6102944261965138,-0.20790794264080706,pre_grasp,B0x_token_index,-0.2260757610437171,train,libero_spatial_t07_ep002_s0032_pre_grasp,libero_spatial,7,0.25,0.25
0.7909342447916666,libero_spatial_t7_ep2,,,0.8400931713316511,0.5970753413791297,pre_grasp,B1_pred_norm_neg,0.5610351338979171,train,libero_spatial_t07_ep002_s0032_pre_grasp,libero_spatial,7,0.515625,0.515625
0.9466959635416666,libero_spatial_t7_ep2,,,0.9411456831982967,0.9180330985980101,pre_grasp,B2_change_norm,0.9555354486152438,train,libero_spatial_t07_ep002_s0032_pre_grasp,libero_spatial,7,0.78125,0.78125
0.947265625,libero_spatial_t7_ep2,,,0.9418407799076698,0.8798470367242881,pre_grasp,B3_cos_dist,0.9560754749370566,train,libero_spatial_t07_ep002_s0032_pre_grasp,libero_spatial,7,0.78125,0.78125
0.9564615885416666,libero_spatial_t7_ep2,,,0.9502023892464225,0.9228151759937268,pre_grasp,B4_linear_stats,0.9668438143739986,train,libero_spatial_t07_ep002_s0032_pre_grasp,libero_spatial,7,0.828125,0.828125
0.9940592447916666,libero_spatial_t7_ep2,0.0368993425814689,0.05193043208234739,0.9960634801489124,0.9600276579378662,manipulation,U_hat_mlp,0.9865172236209659,train,libero_spatial_t07_ep002_s0064_manipulation,libero_spatial,7,0.921875,0.921875
0.5100911458333334,libero_spatial_t7_ep2,,,0.6037989335413149,-0.03889053797903212,manipulation,B0_random,-0.046224107347219046,train,libero_spatial_t07_ep002_s0064_manipulation,libero_spatial,7,0.28125,0.28125
0.3235677083333333,libero_spatial_t7_ep2,,,0.5719682533759196,-0.33829687879882586,manipulation,B0x_token_index,-0.37139291027695126,train,libero_spatial_t07_ep002_s0064_manipulation,libero_spatial,7,0.171875,0.171875
0.864501953125,libero_spatial_t7_ep2,,,0.9057938408776284,0.727958311991726,manipulation,B1_pred_norm_neg,0.6803716525520714,train,libero_spatial_t07_ep002_s0064_manipulation,libero_spatial,7,0.6875,0.6875
0.95166015625,libero_spatial_t7_ep2,,,0.8699722611458185,0.7225473078903377,manipulation,B2_change_norm,0.9185232604715038,train,libero_spatial_t07_ep002_s0064_manipulation,libero_spatial,7,0.796875,0.796875
0.9525553385416666,libero_spatial_t7_ep2,,,0.8706134556757724,0.5872548266601882,manipulation,B3_cos_dist,0.9192134927901121,train,libero_spatial_t07_ep002_s0064_manipulation,libero_spatial,7,0.796875,0.796875
0.965576171875,libero_spatial_t7_ep2,,,0.9387117050945478,0.8647137292862761,manipulation,B4_linear_stats,0.9251201647974365,train,libero_spatial_t07_ep002_s0064_manipulation,libero_spatial,7,0.8125,0.8125
0.9878743489583334,libero_spatial_t7_ep3,0.03687264613212239,0.05501024388617674,0.9950045233085498,0.9553469825065648,approach,U_hat_mlp,0.9867003318837263,train,libero_spatial_t07_ep003_s0016_approach,libero_spatial,7,0.9375,0.9375
0.4908854166666667,libero_spatial_t7_ep3,,,0.5888113295950019,-0.029638850265475292,approach,B0_random,-0.03706583314259556,train,libero_spatial_t07_ep003_s0016_approach,libero_spatial,7,0.296875,0.296875
0.36572265625,libero_spatial_t7_ep3,,,0.6268760942866627,-0.27926698172660364,approach,B0x_token_index,-0.3142202162966354,train,libero_spatial_t07_ep003_s0016_approach,libero_spatial,7,0.21875,0.21875
0.7969563802083334,libero_spatial_t7_ep3,,,0.857585891589474,0.5855995581837953,approach,B1_pred_norm_neg,0.5067170691233692,train,libero_spatial_t07_ep003_s0016_approach,libero_spatial,7,0.609375,0.609375
0.9429524739583334,libero_spatial_t7_ep3,,,0.8868531431427231,0.7671494154272648,approach,B2_change_norm,0.9359128233005264,train,libero_spatial_t07_ep003_s0016_approach,libero_spatial,7,0.78125,0.78125
0.9432779947916666,libero_spatial_t7_ep3,,,0.8858610882118789,0.6434844818221855,approach,B3_cos_dist,0.9359721904325933,train,libero_spatial_t07_ep003_s0016_approach,libero_spatial,7,0.78125,0.78125
0.9496256510416666,libero_spatial_t7_ep3,,,0.9204033903296522,0.8810907524150401,approach,B4_linear_stats,0.9399304760814832,train,libero_spatial_t07_ep003_s0016_approach,libero_spatial,7,0.8125,0.8125
0.991455078125,libero_spatial_t7_ep3,0.03961470441431229,0.0506816314504674,0.9959805137243999,0.956365202282304,pre_grasp,U_hat_mlp,0.9867768654154269,train,libero_spatial_t07_ep003_s0032_pre_grasp,libero_spatial,7,0.921875,0.921875
0.4551595052083333,libero_spatial_t7_ep3,,,0.6143412358055684,-0.10065102585041522,pre_grasp,B0_random,-0.08096746967269398,train,libero_spatial_t07_ep003_s0032_pre_grasp,libero_spatial,7,0.21875,0.21875
0.4291178385416667,libero_spatial_t7_ep3,,,0.6758845449832669,-0.15116883710901052,pre_grasp,B0x_token_index,-0.19933837834744794,train,libero_spatial_t07_ep003_s0032_pre_grasp,libero_spatial,7,0.265625,0.265625
0.747802734375,libero_spatial_t7_ep3,,,0.8006684270480422,0.44200311300985773,pre_grasp,B1_pred_norm_neg,0.4789818894483864,train,libero_spatial_t07_ep003_s0032_pre_grasp,libero_spatial,7,0.5,0.5
0.9674479166666666,libero_spatial_t7_ep3,,,0.9291617889753386,0.8723277564309535,pre_grasp,B2_change_norm,0.9473105973907072,train,libero_spatial_t07_ep003_s0032_pre_grasp,libero_spatial,7,0.828125,0.828125
0.9678548177083334,libero_spatial_t7_ep3,,,0.9290799558467694,0.7208410745171909,pre_grasp,B3_cos_dist,0.9474536507209887,train,libero_spatial_t07_ep003_s0032_pre_grasp,libero_spatial,7,0.828125,0.828125
0.9656575520833334,libero_spatial_t7_ep3,,,0.937621602993298,0.9096864144277278,pre_grasp,B4_linear_stats,0.9456147001602198,train,libero_spatial_t07_ep003_s0032_pre_grasp,libero_spatial,7,0.828125,0.828125
0.9951985677083334,libero_spatial_t7_ep3,0.03943119916789204,0.052732166834126036,0.9967513311068104,0.951086536888474,manipulation,U_hat_mlp,0.9878697928587777,train,libero_spatial_t07_ep003_s0064_manipulation,libero_spatial,7,0.9375,0.9375
0.5323893229166666,libero_spatial_t7_ep3,,,0.5980474231874875,0.04485607312298962,manipulation,B0_random,0.03258325703822385,train,libero_spatial_t07_ep003_s0064_manipulation,libero_spatial,7,0.28125,0.28125
0.26025390625,libero_spatial_t7_ep3,,,0.5342754791901403,-0.40339397893330325,manipulation,B0x_token_index,-0.4717655642023346,train,libero_spatial_t07_ep003_s0064_manipulation,libero_spatial,7,0.140625,0.140625
0.8361002604166666,libero_spatial_t7_ep3,,,0.8453543250362984,0.6199222856139815,manipulation,B1_pred_norm_neg,0.5971847104600595,train,libero_spatial_t07_ep003_s0064_manipulation,libero_spatial,7,0.671875,0.671875
0.9668782552083334,libero_spatial_t7_ep3,,,0.868525988698415,0.7545785632815248,manipulation,B2_change_norm,0.9438014991989013,train,libero_spatial_t07_ep003_s0064_manipulation,libero_spatial,7,0.84375,0.84375
0.96728515625,libero_spatial_t7_ep3,,,0.8756014382695086,0.6468600335781421,manipulation,B3_cos_dist,0.9440339608606089,train,libero_spatial_t07_ep003_s0064_manipulation,libero_spatial,7,0.84375,0.84375
0.9671223958333334,libero_spatial_t7_ep3,,,0.8743331872367317,0.8526717634840741,manipulation,B4_linear_stats,0.9457956626230258,train,libero_spatial_t07_ep003_s0064_manipulation,libero_spatial,7,0.828125,0.828125
0.98779296875,libero_spatial_t7_ep4,0.04082870007922936,0.053192623640704026,0.9912142422440184,0.9626011733431548,approach,U_hat_mlp,0.9880636301213093,train,libero_spatial_t07_ep004_s0016_approach,libero_spatial,7,0.859375,0.859375
0.483154296875,libero_spatial_t7_ep4,,,0.6274218306889751,-0.056691669417387694,approach,B0_random,-0.03471546692607004,train,libero_spatial_t07_ep004_s0016_approach,libero_spatial,7,0.265625,0.265625
0.3306477864583333,libero_spatial_t7_ep4,,,0.6073919314489888,-0.3681620919156405,approach,B0x_token_index,-0.3998018711375601,train,libero_spatial_t07_ep004_s0016_approach,libero_spatial,7,0.21875,0.21875
0.771728515625,libero_spatial_t7_ep4,,,0.8313889579955503,0.5342526178350703,approach,B1_pred_norm_neg,0.5216618505378805,train,libero_spatial_t07_ep004_s0016_approach,libero_spatial,7,0.5,0.5
0.9286295572916666,libero_spatial_t7_ep4,,,0.8990156493836821,0.7401499857075514,approach,B2_change_norm,0.923289082169833,train,libero_spatial_t07_ep004_s0016_approach,libero_spatial,7,0.765625,0.765625
0.92822265625,libero_spatial_t7_ep4,,,0.8987674333402434,0.6060057232985462,approach,B3_cos_dist,0.9229672121766995,train,libero_spatial_t07_ep004_s0016_approach,libero_spatial,7,0.765625,0.765625
0.919189453125,libero_spatial_t7_ep4,,,0.8983156281597523,0.8633668829820037,approach,B4_linear_stats,0.9168302243076218,train,libero_spatial_t07_ep004_s0016_approach,libero_spatial,7,0.703125,0.703125
0.99169921875,libero_spatial_t7_ep4,0.036792530391797314,0.04976337543532683,0.9955081686225227,0.9603394894924411,pre_grasp,U_hat_mlp,0.9873426413366904,train,libero_spatial_t07_ep004_s0024_pre_grasp,libero_spatial,7,0.90625,0.90625
0.4451497395833333,libero_spatial_t7_ep4,,,0.6365085225023023,-0.06932571770723275,pre_grasp,B0_random,-0.09120007438773174,train,libero_spatial_t07_ep004_s0024_pre_grasp,libero_spatial,7,0.21875,0.21875
0.4691569010416667,libero_spatial_t7_ep4,,,0.691181444798386,-0.11493134501483473,pre_grasp,B0x_token_index,-0.15713263904783703,train,libero_spatial_t07_ep004_s0024_pre_grasp,libero_spatial,7,0.296875,0.296875
0.7220052083333334,libero_spatial_t7_ep4,,,0.8195188985393863,0.4479823948463096,pre_grasp,B1_pred_norm_neg,0.4574044403753719,train,libero_spatial_t07_ep004_s0024_pre_grasp,libero_spatial,7,0.515625,0.515625
0.924560546875,libero_spatial_t7_ep4,,,0.8817802290393347,0.7540262950487613,pre_grasp,B2_change_norm,0.9157852197299153,train,libero_spatial_t07_ep004_s0024_pre_grasp,libero_spatial,7,0.671875,0.671875
0.9239908854166666,libero_spatial_t7_ep4,,,0.880148031586917,0.6192924812418796,pre_grasp,B3_cos_dist,0.9153403238727398,train,libero_spatial_t07_ep004_s0024_pre_grasp,libero_spatial,7,0.671875,0.671875
0.9224446614583334,libero_spatial_t7_ep4,,,0.8736458536785591,0.8455041520762804,pre_grasp,B4_linear_stats,0.9111760414282445,train,libero_spatial_t07_ep004_s0024_pre_grasp,libero_spatial,7,0.671875,0.671875
0.9937337239583334,libero_spatial_t7_ep4,0.04721203744886648,0.06674244143339404,0.9939196626242265,0.9541661614947043,manipulation,U_hat_mlp,0.9824452105745022,train,libero_spatial_t07_ep004_s0056_manipulation,libero_spatial,7,0.9375,0.9375
0.557861328125,libero_spatial_t7_ep4,,,0.6104503127835289,0.08849654015975944,manipulation,B0_random,0.09885271229114213,train,libero_spatial_t07_ep004_s0056_manipulation,libero_spatial,7,0.28125,0.28125
0.3279622395833333,libero_spatial_t7_ep4,,,0.5273926994570272,-0.3172639535589803,manipulation,B0x_token_index,-0.3647015907530327,train,libero_spatial_t07_ep004_s0056_manipulation,libero_spatial,7,0.125,0.125
0.868896484375,libero_spatial_t7_ep4,,,0.8895069439353935,0.7126539091753832,manipulation,B1_pred_norm_neg,0.6633268482490272,train,libero_spatial_t07_ep004_s0056_manipulation,libero_spatial,7,0.703125,0.703125
0.95654296875,libero_spatial_t7_ep4,,,0.8783912402708567,0.7579772878806723,manipulation,B2_change_norm,0.9241760128175784,train,libero_spatial_t07_ep004_s0056_manipulation,libero_spatial,7,0.8125,0.8125
0.9571940104166666,libero_spatial_t7_ep4,,,0.878690764254305,0.6285405732475541,manipulation,B3_cos_dist,0.9248555161364157,train,libero_spatial_t07_ep004_s0056_manipulation,libero_spatial,7,0.8125,0.8125
0.9632161458333334,libero_spatial_t7_ep4,,,0.9141290880807064,0.8677081807293058,manipulation,B4_linear_stats,0.9337727454795147,train,libero_spatial_t07_ep004_s0056_manipulation,libero_spatial,7,0.84375,0.84375
0.9869791666666666,libero_spatial_t7_ep5,0.04281433869339782,0.061516378553845716,0.9943925789771578,0.9518287753929882,approach,U_hat_mlp,0.9811398489356832,train,libero_spatial_t07_ep005_s0016_approach,libero_spatial,7,0.921875,0.921875
0.480224609375,libero_spatial_t7_ep5,,,0.6223389515185505,-0.07579885520906748,approach,B0_random,-0.08172636758983749,train,libero_spatial_t07_ep005_s0016_approach,libero_spatial,7,0.296875,0.296875
0.4246419270833333,libero_spatial_t7_ep5,,,0.652570314396907,-0.19895039601785375,approach,B0x_token_index,-0.2609807736324102,train,libero_spatial_t07_ep005_s0016_approach,libero_spatial,7,0.28125,0.28125
0.6908365885416666,libero_spatial_t7_ep5,,,0.8295403749000849,0.48918998903941147,approach,B1_pred_norm_neg,0.4811663138017853,train,libero_spatial_t07_ep005_s0016_approach,libero_spatial,7,0.453125,0.453125
0.8966471354166666,libero_spatial_t7_ep5,,,0.8658975284465323,0.6836013461075603,approach,B2_change_norm,0.8959000915541314,train,libero_spatial_t07_ep005_s0016_approach,libero_spatial,7,0.6875,0.6875
0.8966471354166666,libero_spatial_t7_ep5,,,0.866421184713059,0.5427689168376083,approach,B3_cos_dist,0.8960216868848707,train,libero_spatial_t07_ep005_s0016_approach,libero_spatial,7,0.6875,0.6875
0.9027506510416666,libero_spatial_t7_ep5,,,0.8963523369034404,0.8178202599485461,approach,B4_linear_stats,0.898010128175784,train,libero_spatial_t07_ep005_s0016_approach,libero_spatial,7,0.6875,0.6875
0.9905598958333334,libero_spatial_t7_ep5,0.040100091079442596,0.055177200387621576,0.9958969578567812,0.9524706705775705,pre_grasp,U_hat_mlp,0.9857819295033189,train,libero_spatial_t07_ep005_s0032_pre_grasp,libero_spatial,7,0.921875,0.921875
0.4705403645833333,libero_spatial_t7_ep5,,,0.6119060468937617,-0.006194870643328791,pre_grasp,B0_random,0.010528725108720532,train,libero_spatial_t07_ep005_s0032_pre_grasp,libero_spatial,7,0.234375,0.234375
0.53076171875,libero_spatial_t7_ep5,,,0.6776040686483641,-0.03137740114046492,pre_grasp,B0x_token_index,-0.09482719157701991,train,libero_spatial_t07_ep005_s0032_pre_grasp,libero_spatial,7,0.328125,0.328125
0.6903483072916666,libero_spatial_t7_ep5,,,0.7624895455332419,0.37787960231513507,pre_grasp,B1_pred_norm_neg,0.3803795204852369,train,libero_spatial_t07_ep005_s0032_pre_grasp,libero_spatial,7,0.421875,0.421875
0.9462076822916666,libero_spatial_t7_ep5,,,0.9479482000614033,0.9126269170857465,pre_grasp,B2_change_norm,0.9470688372625314,train,libero_spatial_t07_ep005_s0032_pre_grasp,libero_spatial,7,0.8125,0.8125
0.946044921875,libero_spatial_t7_ep5,,,0.947508415549909,0.8422147801122003,pre_grasp,B3_cos_dist,0.9468192092011902,train,libero_spatial_t07_ep005_s0032_pre_grasp,libero_spatial,7,0.8125,0.8125
0.9471842447916666,libero_spatial_t7_ep5,,,0.9239382395574932,0.9043883465932456,pre_grasp,B4_linear_stats,0.9445961604486153,train,libero_spatial_t07_ep005_s0032_pre_grasp,libero_spatial,7,0.765625,0.765625
0.9960123697916666,libero_spatial_t7_ep5,0.03673942874923941,0.04826579873109579,0.9981997345693688,0.9506665049487107,manipulation,U_hat_mlp,0.98837906271458,train,libero_spatial_t07_ep005_s0064_manipulation,libero_spatial,7,0.953125,0.953125
0.477294921875,libero_spatial_t7_ep5,,,0.5820421826001153,-0.009190738409844473,manipulation,B0_random,0.0078035591668574045,train,libero_spatial_t07_ep005_s0064_manipulation,libero_spatial,7,0.203125,0.203125
0.3223470052083333,libero_spatial_t7_ep5,,,0.555732520454577,-0.2724033802875103,manipulation,B0x_token_index,-0.346297779812314,train,libero_spatial_t07_ep005_s0064_manipulation,libero_spatial,7,0.15625,0.15625
0.829345703125,libero_spatial_t7_ep5,,,0.8782131062802129,0.684375816879037,manipulation,B1_pred_norm_neg,0.634169718471046,train,libero_spatial_t07_ep005_s0064_manipulation,libero_spatial,7,0.671875,0.671875
0.944091796875,libero_spatial_t7_ep5,,,0.8473375184794616,0.727392280136767,manipulation,B2_change_norm,0.9232847905699245,train,libero_spatial_t07_ep005_s0064_manipulation,libero_spatial,7,0.765625,0.765625
0.9444173177083334,libero_spatial_t7_ep5,,,0.8462090117203123,0.62122925764959,manipulation,B3_cos_dist,0.9235258354314488,train,libero_spatial_t07_ep005_s0064_manipulation,libero_spatial,7,0.765625,0.765625
0.9544270833333334,libero_spatial_t7_ep5,,,0.9052191241467659,0.8273017844787193,manipulation,B4_linear_stats,0.9341747253376058,train,libero_spatial_t07_ep005_s0064_manipulation,libero_spatial,7,0.765625,0.765625
0.9559733072916666,libero_spatial_t7_ep6,0.07393786475131929,0.11304254736173747,0.9498757389481094,0.9071786516273713,approach,U_hat_mlp,0.9588228141451133,val,libero_spatial_t07_ep006_s0016_approach,libero_spatial,7,0.796875,0.796875
0.465576171875,libero_spatial_t7_ep6,,,0.5811973751735993,-0.06020174939648796,approach,B0_random,-0.08972018768596933,val,libero_spatial_t07_ep006_s0016_approach,libero_spatial,7,0.21875,0.21875
0.483154296875,libero_spatial_t7_ep6,,,0.6662682151456755,-0.18482183113925577,approach,B0x_token_index,-0.21696898603799497,val,libero_spatial_t07_ep006_s0016_approach,libero_spatial,7,0.3125,0.3125
0.798095703125,libero_spatial_t7_ep6,,,0.8235319996051889,0.5241100548541956,approach,B1_pred_norm_neg,0.5050783932249943,val,libero_spatial_t07_ep006_s0016_approach,libero_spatial,7,0.546875,0.546875
0.9169108072916666,libero_spatial_t7_ep6,,,0.862721518739925,0.690682028666849,approach,B2_change_norm,0.9139097905699245,val,libero_spatial_t07_ep006_s0016_approach,libero_spatial,7,0.703125,0.703125
0.9171549479166666,libero_spatial_t7_ep6,,,0.8672216367786594,0.5354585624288684,approach,B3_cos_dist,0.9140535591668574,val,libero_spatial_t07_ep006_s0016_approach,libero_spatial,7,0.703125,0.703125
0.9181315104166666,libero_spatial_t7_ep6,,,0.890808997273708,0.8446640734487767,approach,B4_linear_stats,0.9141372453650721,val,libero_spatial_t07_ep006_s0016_approach,libero_spatial,7,0.6875,0.6875
0.952392578125,libero_spatial_t7_ep6,0.0700250943805158,0.09393139581016335,0.9720456183292395,0.9361870037095348,pre_grasp,U_hat_mlp,0.9536414225223163,val,libero_spatial_t07_ep006_s0032_pre_grasp,libero_spatial,7,0.765625,0.765625
0.5513509114583334,libero_spatial_t7_ep6,,,0.6374177619362613,0.09336598784474176,pre_grasp,B0_random,0.11860837720302128,val,libero_spatial_t07_ep006_s0032_pre_grasp,libero_spatial,7,0.3125,0.3125
0.56689453125,libero_spatial_t7_ep6,,,0.717603502182194,-0.019611464777943628,pre_grasp,B0x_token_index,-0.045784933623254746,val,libero_spatial_t07_ep006_s0032_pre_grasp,libero_spatial,7,0.375,0.375
0.6796061197916666,libero_spatial_t7_ep6,,,0.7828407382623854,0.3716530366721467,pre_grasp,B1_pred_norm_neg,0.3860022316319524,val,libero_spatial_t07_ep006_s0032_pre_grasp,libero_spatial,7,0.40625,0.40625
0.94970703125,libero_spatial_t7_ep6,,,0.9292402187210937,0.8777937423874345,pre_grasp,B2_change_norm,0.942546206225681,val,libero_spatial_t07_ep006_s0032_pre_grasp,libero_spatial,7,0.828125,0.828125
0.9495442708333334,libero_spatial_t7_ep6,,,0.9287225010322734,0.7352377070236145,pre_grasp,B3_cos_dist,0.9422593842984665,val,libero_spatial_t07_ep006_s0032_pre_grasp,libero_spatial,7,0.828125,0.828125
0.947265625,libero_spatial_t7_ep6,,,0.9225192409226078,0.9105673359189127,pre_grasp,B4_linear_stats,0.9412294003204394,val,libero_spatial_t07_ep006_s0032_pre_grasp,libero_spatial,7,0.78125,0.78125
0.9737955729166666,libero_spatial_t7_ep6,0.0836549182066065,0.12193125041217655,0.950903452361682,0.9238407919783637,manipulation,U_hat_mlp,0.9674825474937057,val,libero_spatial_t07_ep006_s0064_manipulation,libero_spatial,7,0.859375,0.859375
0.484130859375,libero_spatial_t7_ep6,,,0.5674472112124429,-0.022252382337671257,manipulation,B0_random,-0.035791227969787134,val,libero_spatial_t07_ep006_s0064_manipulation,libero_spatial,7,0.203125,0.203125
0.2628580729166667,libero_spatial_t7_ep6,,,0.5097172840850577,-0.397832552746269,manipulation,B0x_token_index,-0.4205825131609064,val,libero_spatial_t07_ep006_s0064_manipulation,libero_spatial,7,0.09375,0.09375
0.8662923177083334,libero_spatial_t7_ep6,,,0.9107353015079669,0.7465155063288615,manipulation,B1_pred_norm_neg,0.5903925383382925,val,libero_spatial_t07_ep006_s0064_manipulation,libero_spatial,7,0.75,0.75
0.96728515625,libero_spatial_t7_ep6,,,0.8880579023595452,0.8005091552735136,manipulation,B2_change_norm,0.9433329995422294,val,libero_spatial_t07_ep006_s0064_manipulation,libero_spatial,7,0.859375,0.859375
0.968017578125,libero_spatial_t7_ep6,,,0.8889838491730038,0.6964315994469232,manipulation,B3_cos_dist,0.9438036449988556,val,libero_spatial_t07_ep006_s0064_manipulation,libero_spatial,7,0.859375,0.859375
0.9735514322916666,libero_spatial_t7_ep6,,,0.9505433068192557,0.9028184711469394,manipulation,B4_linear_stats,0.9489936198214695,val,libero_spatial_t07_ep006_s0064_manipulation,libero_spatial,7,0.859375,0.859375
0.96142578125,libero_spatial_t7_ep7,0.0792927623437518,0.1129222437348669,0.9568999621643789,0.9152456664154008,approach,U_hat_mlp,0.9494993133440146,val,libero_spatial_t07_ep007_s0016_approach,libero_spatial,7,0.859375,0.859375
0.5506998697916666,libero_spatial_t7_ep7,,,0.6668415375165437,0.0943475759367791,approach,B0_random,0.1161392767223621,val,libero_spatial_t07_ep007_s0016_approach,libero_spatial,7,0.328125,0.328125
0.4016927083333333,libero_spatial_t7_ep7,,,0.6799116949382443,-0.22813851194679444,approach,B0x_token_index,-0.24594515335317005,val,libero_spatial_t07_ep007_s0016_approach,libero_spatial,7,0.265625,0.265625
0.778564453125,libero_spatial_t7_ep7,,,0.823157920285682,0.49904097387207075,approach,B1_pred_norm_neg,0.48167486839093615,val,libero_spatial_t07_ep007_s0016_approach,libero_spatial,7,0.53125,0.53125
0.9268391927083334,libero_spatial_t7_ep7,,,0.8761575522105569,0.7032367537312125,approach,B2_change_norm,0.912194581139849,val,libero_spatial_t07_ep007_s0016_approach,libero_spatial,7,0.75,0.75
0.9263509114583334,libero_spatial_t7_ep7,,,0.8728932073922205,0.5564310908839402,approach,B3_cos_dist,0.9117976081483177,val,libero_spatial_t07_ep007_s0016_approach,libero_spatial,7,0.734375,0.734375
0.9287923177083334,libero_spatial_t7_ep7,,,0.8984700563129687,0.8556611205487744,approach,B4_linear_stats,0.9134627489127947,val,libero_spatial_t07_ep007_s0016_approach,libero_spatial,7,0.6875,0.6875
0.979248046875,libero_spatial_t7_ep7,0.06434825945045537,0.08745646290009607,0.9713564072278714,0.9252306603998876,pre_grasp,U_hat_mlp,0.9727168688487068,val,libero_spatial_t07_ep007_s0024_pre_grasp,libero_spatial,7,0.828125,0.828125
0.47900390625,libero_spatial_t7_ep7,,,0.6188722762169432,-0.02223098828388278,pre_grasp,B0_random,-0.060266937514305334,val,libero_spatial_t07_ep007_s0024_pre_grasp,libero_spatial,7,0.21875,0.21875
0.4397786458333333,libero_spatial_t7_ep7,,,0.6663154716913375,-0.14382434506273578,pre_grasp,B0x_token_index,-0.17694051842526895,val,libero_spatial_t07_ep007_s0024_pre_grasp,libero_spatial,7,0.28125,0.28125
0.7437337239583334,libero_spatial_t7_ep7,,,0.8490257174752569,0.5545608262022493,pre_grasp,B1_pred_norm_neg,0.48215338178072786,val,libero_spatial_t07_ep007_s0024_pre_grasp,libero_spatial,7,0.5,0.5
0.9413248697916666,libero_spatial_t7_ep7,,,0.8934239294895416,0.7546380207475979,pre_grasp,B2_change_norm,0.942014763103685,val,libero_spatial_t07_ep007_s0024_pre_grasp,libero_spatial,7,0.8125,0.8125
0.941162109375,libero_spatial_t7_ep7,,,0.8932556354507786,0.5903614222790563,pre_grasp,B3_cos_dist,0.9421892881666285,val,libero_spatial_t07_ep007_s0024_pre_grasp,libero_spatial,7,0.8125,0.8125
0.9481608072916666,libero_spatial_t7_ep7,,,0.9074568434946264,0.8779465122183432,pre_grasp,B4_linear_stats,0.9456476024261845,val,libero_spatial_t07_ep007_s0024_pre_grasp,libero_spatial,7,0.828125,0.828125
0.95556640625,libero_spatial_t7_ep7,0.08566006180524768,0.1182130070241425,0.9604395541610127,0.9227963629587228,manipulation,U_hat_mlp,0.9519390878919661,val,libero_spatial_t07_ep007_s0056_manipulation,libero_spatial,7,0.765625,0.765625
0.4701334635416667,libero_spatial_t7_ep7,,,0.6131087218545113,-0.008752538697499226,manipulation,B0_random,-0.009732633325703823,val,libero_spatial_t07_ep007_s0056_manipulation,libero_spatial,7,0.234375,0.234375
0.3148600260416667,libero_spatial_t7_ep7,,,0.6156294210797632,-0.33273281764698504,manipulation,B0x_token_index,-0.36931363012130924,val,libero_spatial_t07_ep007_s0056_manipulation,libero_spatial,7,0.1875,0.1875
0.8487955729166666,libero_spatial_t7_ep7,,,0.8936388614893103,0.6694150921926416,manipulation,B1_pred_norm_neg,0.602958342870222,val,libero_spatial_t07_ep007_s0056_manipulation,libero_spatial,7,0.609375,0.609375
0.9300130208333334,libero_spatial_t7_ep7,,,0.9114127289147563,0.7740899953015243,manipulation,B2_change_norm,0.9365672922865644,val,libero_spatial_t07_ep007_s0056_manipulation,libero_spatial,7,0.75,0.75
0.929931640625,libero_spatial_t7_ep7,,,0.9117860538109056,0.6330257493672399,manipulation,B3_cos_dist,0.9367060540169375,val,libero_spatial_t07_ep007_s0056_manipulation,libero_spatial,7,0.75,0.75
0.9444173177083334,libero_spatial_t7_ep7,,,0.9175503922696783,0.8873723517716062,manipulation,B4_linear_stats,0.9403217269398032,val,libero_spatial_t07_ep007_s0056_manipulation,libero_spatial,7,0.734375,0.734375
0.9654947916666666,libero_spatial_t7_ep8,0.07420812315499337,0.11014168480835776,0.9660255986132839,0.9281616574181258,approach,U_hat_mlp,0.957915140764477,testA,libero_spatial_t07_ep008_s0016_approach,libero_spatial,7,0.84375,0.84375
0.5521647135416666,libero_spatial_t7_ep8,,,0.6812322519259931,0.11272582416210435,approach,B0_random,0.07078850995651179,testA,libero_spatial_t07_ep008_s0016_approach,libero_spatial,7,0.296875,0.296875
0.3611653645833333,libero_spatial_t7_ep8,,,0.6518062837645077,-0.2990962609217177,approach,B0x_token_index,-0.33613312542916,testA,libero_spatial_t07_ep008_s0016_approach,libero_spatial,7,0.25,0.25
0.7206217447916666,libero_spatial_t7_ep8,,,0.8195823121630105,0.5337476512312804,approach,B1_pred_norm_neg,0.5336947814145113,testA,libero_spatial_t07_ep008_s0016_approach,libero_spatial,7,0.484375,0.484375
0.9392903645833334,libero_spatial_t7_ep8,,,0.8925750878529075,0.7629516012904389,approach,B2_change_norm,0.9430426012817579,testA,libero_spatial_t07_ep008_s0016_approach,libero_spatial,7,0.71875,0.71875
0.9391276041666666,libero_spatial_t7_ep8,,,0.8926116646636161,0.6069202940854905,approach,B3_cos_dist,0.9429489013504234,testA,libero_spatial_t07_ep008_s0016_approach,libero_spatial,7,0.71875,0.71875
0.9385579427083334,libero_spatial_t7_ep8,,,0.9165122425182516,0.8870499339084742,approach,B4_linear_stats,0.946518797207599,testA,libero_spatial_t07_ep008_s0016_approach,libero_spatial,7,0.734375,0.734375
0.977783203125,libero_spatial_t7_ep8,0.06705330401153589,0.1082797656709458,0.9557188521335342,0.8935674838120325,pre_grasp,U_hat_mlp,0.9691391050583658,testA,libero_spatial_t07_ep008_s0032_pre_grasp,libero_spatial,7,0.84375,0.84375
0.4765625,libero_spatial_t7_ep8,,,0.630684051192232,-0.02678695465860145,pre_grasp,B0_random,-0.05638303959716182,testA,libero_spatial_t07_ep008_s0032_pre_grasp,libero_spatial,7,0.28125,0.28125
0.41748046875,libero_spatial_t7_ep8,,,0.6184457405122129,-0.22287123817163404,pre_grasp,B0x_token_index,-0.2674875543602655,testA,libero_spatial_t07_ep008_s0032_pre_grasp,libero_spatial,7,0.234375,0.234375
0.787109375,libero_spatial_t7_ep8,,,0.8200992710009188,0.5832263262356592,pre_grasp,B1_pred_norm_neg,0.5314703021286336,testA,libero_spatial_t07_ep008_s0032_pre_grasp,libero_spatial,7,0.578125,0.578125
0.949951171875,libero_spatial_t7_ep8,,,0.900094208503408,0.7970584150645196,pre_grasp,B2_change_norm,0.9364728770885786,testA,libero_spatial_t07_ep008_s0032_pre_grasp,libero_spatial,7,0.875,0.875
0.9501953125,libero_spatial_t7_ep8,,,0.9001291555042165,0.6323922293825374,pre_grasp,B3_cos_dist,0.9368076218814374,testA,libero_spatial_t07_ep008_s0032_pre_grasp,libero_spatial,7,0.875,0.875
0.9568684895833334,libero_spatial_t7_ep8,,,0.9127074562740697,0.8790306632244487,pre_grasp,B4_linear_stats,0.9372010185397116,testA,libero_spatial_t07_ep008_s0032_pre_grasp,libero_spatial,7,0.859375,0.859375
0.9842936197916666,libero_spatial_t7_ep8,0.07544056511803103,0.11377847982491716,0.9502987794212844,0.900357216807188,manipulation,U_hat_mlp,0.9742346646829938,testA,libero_spatial_t07_ep008_s0064_manipulation,libero_spatial,7,0.859375,0.859375
0.5279947916666666,libero_spatial_t7_ep8,,,0.5832508965216908,0.0413777886238389,manipulation,B0_random,0.03399376287479972,testA,libero_spatial_t07_ep008_s0064_manipulation,libero_spatial,7,0.328125,0.328125
0.3177083333333333,libero_spatial_t7_ep8,,,0.5329180923792857,-0.3271465933128645,manipulation,B0x_token_index,-0.37907773517967497,testA,libero_spatial_t07_ep008_s0064_manipulation,libero_spatial,7,0.15625,0.15625
0.8522135416666666,libero_spatial_t7_ep8,,,0.8933752444409268,0.7327460988574587,manipulation,B1_pred_norm_neg,0.6576647974364843,testA,libero_spatial_t07_ep008_s0064_manipulation,libero_spatial,7,0.6875,0.6875
0.9688313802083334,libero_spatial_t7_ep8,,,0.8753665998246468,0.7633982971175953,manipulation,B2_change_norm,0.9449616617074845,testA,libero_spatial_t07_ep008_s0064_manipulation,libero_spatial,7,0.84375,0.84375
0.9688313802083334,libero_spatial_t7_ep8,,,0.875872345972567,0.6372413111141679,manipulation,B3_cos_dist,0.945132610437171,testA,libero_spatial_t07_ep008_s0064_manipulation,libero_spatial,7,0.84375,0.84375
0.9725748697916666,libero_spatial_t7_ep8,,,0.9368612873240545,0.8813705327650739,manipulation,B4_linear_stats,0.9489113641565575,testA,libero_spatial_t07_ep008_s0064_manipulation,libero_spatial,7,0.859375,0.859375
0.9557291666666666,libero_spatial_t7_ep9,0.0695540216126804,0.10036801241536229,0.9532877641335658,0.9214670372514653,approach,U_hat_mlp,0.9642094872968643,testA,libero_spatial_t07_ep009_s0016_approach,libero_spatial,7,0.796875,0.796875
0.5069173177083334,libero_spatial_t7_ep9,,,0.5794889681267145,-0.027211384872524003,approach,B0_random,-0.01855830853742275,testA,libero_spatial_t07_ep009_s0016_approach,libero_spatial,7,0.28125,0.28125
0.4405110677083333,libero_spatial_t7_ep9,,,0.6742153796208898,-0.21707957096668426,approach,B0x_token_index,-0.25312929159990843,testA,libero_spatial_t07_ep009_s0016_approach,libero_spatial,7,0.3125,0.3125
0.7433268229166666,libero_spatial_t7_ep9,,,0.812607085848217,0.475664109415624,approach,B1_pred_norm_neg,0.43340366788738843,testA,libero_spatial_t07_ep009_s0016_approach,libero_spatial,7,0.515625,0.515625
0.91552734375,libero_spatial_t7_ep9,,,0.8562653572105663,0.7221008173810776,approach,B2_change_norm,0.9296749828336004,testA,libero_spatial_t07_ep009_s0016_approach,libero_spatial,7,0.734375,0.734375
0.91552734375,libero_spatial_t7_ep9,,,0.8565323011809,0.559285091860196,approach,B3_cos_dist,0.9297436484321355,testA,libero_spatial_t07_ep009_s0016_approach,libero_spatial,7,0.734375,0.734375
0.9247233072916666,libero_spatial_t7_ep9,,,0.9166498588429347,0.8688553136574491,approach,B4_linear_stats,0.9359414339665827,testA,libero_spatial_t07_ep009_s0016_approach,libero_spatial,7,0.734375,0.734375
0.966552734375,libero_spatial_t7_ep9,0.09382812616766778,0.11839341129147671,0.9779571247702227,0.9261337786394372,pre_grasp,U_hat_mlp,0.9639412623025864,testA,libero_spatial_t07_ep009_s0032_pre_grasp,libero_spatial,7,0.828125,0.828125
0.4661458333333333,libero_spatial_t7_ep9,,,0.6190737801381897,-0.04934247024818168,pre_grasp,B0_random,-0.03889476997024491,testA,libero_spatial_t07_ep009_s0032_pre_grasp,libero_spatial,7,0.28125,0.28125
0.46728515625,libero_spatial_t7_ep9,,,0.6685741703605788,-0.11357324360159458,pre_grasp,B0x_token_index,-0.1698615243762875,testA,libero_spatial_t07_ep009_s0032_pre_grasp,libero_spatial,7,0.296875,0.296875
0.7763671875,libero_spatial_t7_ep9,,,0.8130700959789763,0.47265403034275266,pre_grasp,B1_pred_norm_neg,0.4461876287479973,testA,libero_spatial_t07_ep009_s0032_pre_grasp,libero_spatial,7,0.53125,0.53125
0.9573567708333334,libero_spatial_t7_ep9,,,0.9622254101678497,0.9242910358324005,pre_grasp,B2_change_norm,0.9604071297779813,testA,libero_spatial_t07_ep009_s0032_pre_grasp,libero_spatial,7,0.796875,0.796875
0.9578450520833334,libero_spatial_t7_ep9,,,0.962216505823737,0.8609895011050622,pre_grasp,B3_cos_dist,0.9605930991073472,testA,libero_spatial_t07_ep009_s0032_pre_grasp,libero_spatial,7,0.796875,0.796875
0.9659830729166666,libero_spatial_t7_ep9,,,0.9486247309241423,0.9164810980004511,pre_grasp,B4_linear_stats,0.9630529011215381,testA,libero_spatial_t07_ep009_s0032_pre_grasp,libero_spatial,7,0.828125,0.828125
0.9654947916666666,libero_spatial_t7_ep9,0.07841835517449133,0.12072648517407572,0.9588486947792548,0.9034484036749914,manipulation,U_hat_mlp,0.9559352826733807,testA,libero_spatial_t07_ep009_s0056_manipulation,libero_spatial,7,0.84375,0.84375
0.5011393229166666,libero_spatial_t7_ep9,,,0.577761437701033,-0.04277104704310363,manipulation,B0_random,-0.02092727168688487,testA,libero_spatial_t07_ep009_s0056_manipulation,libero_spatial,7,0.265625,0.265625
0.324951171875,libero_spatial_t7_ep9,,,0.575993983712989,-0.34059725265902885,manipulation,B0x_token_index,-0.3707777809567407,testA,libero_spatial_t07_ep009_s0056_manipulation,libero_spatial,7,0.171875,0.171875
0.853271484375,libero_spatial_t7_ep9,,,0.8704151928073486,0.6462962587292496,manipulation,B1_pred_norm_neg,0.6215781643396658,testA,libero_spatial_t07_ep009_s0056_manipulation,libero_spatial,7,0.625,0.625
0.941162109375,libero_spatial_t7_ep9,,,0.8946527154045851,0.7592060661628856,manipulation,B2_change_norm,0.9278338864728771,testA,libero_spatial_t07_ep009_s0056_manipulation,libero_spatial,7,0.796875,0.796875
0.9415690104166666,libero_spatial_t7_ep9,,,0.8955832277671472,0.6243436887249497,manipulation,B3_cos_dist,0.9279132810711833,testA,libero_spatial_t07_ep009_s0056_manipulation,libero_spatial,7,0.796875,0.796875
0.9405924479166666,libero_spatial_t7_ep9,,,0.9037463194222737,0.8555291441080013,manipulation,B4_linear_stats,0.9330453192950332,testA,libero_spatial_t07_ep009_s0056_manipulation,libero_spatial,7,0.765625,0.765625
0.9659016927083334,libero_spatial_t9_ep0,0.118254560164281,0.15188011571848842,0.9501697336015064,0.8688941235077978,approach,U_hat_mlp,0.9402916857404441,testB1,libero_spatial_t09_ep000_s0024_approach,libero_spatial,9,0.828125,0.828125
0.4908040364583333,libero_spatial_t9_ep0,,,0.5461352929629387,0.008806510170398713,approach,B0_random,0.004319495307850767,testB1,libero_spatial_t09_ep000_s0024_approach,libero_spatial,9,0.234375,0.234375
0.2701009114583333,libero_spatial_t9_ep0,,,0.5087675257262626,-0.41238212189582313,approach,B0x_token_index,-0.4450324731059739,testB1,libero_spatial_t09_ep000_s0024_approach,libero_spatial,9,0.15625,0.15625
0.844482421875,libero_spatial_t9_ep0,,,0.8859824846653244,0.7450277339904334,approach,B1_pred_norm_neg,0.6323479343099108,testB1,libero_spatial_t09_ep000_s0024_approach,libero_spatial,9,0.625,0.625
0.9817708333333334,libero_spatial_t9_ep0,,,0.9080757138410153,0.7857675192673742,approach,B2_change_norm,0.9648718242160678,testB1,libero_spatial_t09_ep000_s0024_approach,libero_spatial,9,0.890625,0.890625
0.9814453125,libero_spatial_t9_ep0,,,0.9116671233481225,0.6428815220665641,approach,B3_cos_dist,0.9647716868848707,testB1,libero_spatial_t09_ep000_s0024_approach,libero_spatial,9,0.890625,0.890625
0.9679361979166666,libero_spatial_t9_ep0,,,0.9423632328894397,0.8924173527332996,approach,B4_linear_stats,0.9565432593270772,testB1,libero_spatial_t09_ep000_s0024_approach,libero_spatial,9,0.828125,0.828125
0.8817545572916666,libero_spatial_t9_ep0,0.17193474240229956,0.23739177175468307,0.8832382279911435,0.7720449093535331,pre_grasp,U_hat_mlp,0.8536421377889677,testB1,libero_spatial_t09_ep000_s0040_pre_grasp,libero_spatial,9,0.6875,0.6875
0.500732421875,libero_spatial_t9_ep0,,,0.54519688761715,0.046604471933509965,pre_grasp,B0_random,0.03282716296635386,testB1,libero_spatial_t09_ep000_s0040_pre_grasp,libero_spatial,9,0.21875,0.21875
0.345458984375,libero_spatial_t9_ep0,,,0.46543005533200155,-0.3112751983555691,pre_grasp,B0x_token_index,-0.3550590810254063,testB1,libero_spatial_t09_ep000_s0040_pre_grasp,libero_spatial,9,0.078125,0.078125
0.9230143229166666,libero_spatial_t9_ep0,,,0.9229204889061559,0.7900684017610453,pre_grasp,B1_pred_norm_neg,0.7374485008010987,testB1,libero_spatial_t09_ep000_s0040_pre_grasp,libero_spatial,9,0.75,0.75
0.9244791666666666,libero_spatial_t9_ep0,,,0.8791683689211569,0.7821654931934283,pre_grasp,B2_change_norm,0.8978019855802243,testB1,libero_spatial_t09_ep000_s0040_pre_grasp,libero_spatial,9,0.78125,0.78125
0.9248046875,libero_spatial_t9_ep0,,,0.8779029830255315,0.6768118631635758,pre_grasp,B3_cos_dist,0.8980423151750972,testB1,libero_spatial_t09_ep000_s0040_pre_grasp,libero_spatial,9,0.78125,0.78125
0.941162109375,libero_spatial_t9_ep0,,,0.8909404976336572,0.8642884953062098,pre_grasp,B4_linear_stats,0.9255557621881437,testB1,libero_spatial_t09_ep000_s0040_pre_grasp,libero_spatial,9,0.78125,0.78125
0.9126790364583334,libero_spatial_t9_ep0,0.1494830957440872,0.204365260222635,0.9194119883124016,0.8125127065623889,manipulation,U_hat_mlp,0.8563994907301442,testB1,libero_spatial_t09_ep000_s0064_manipulation,libero_spatial,9,0.75,0.75
0.445556640625,libero_spatial_t9_ep0,,,0.5401862184324219,-0.07778346652576305,manipulation,B0_random,-0.09608963721675441,testB1,libero_spatial_t09_ep000_s0064_manipulation,libero_spatial,9,0.1875,0.1875
0.294189453125,libero_spatial_t9_ep0,,,0.5174645769532653,-0.3862365086914092,manipulation,B0x_token_index,-0.4173266193636988,testB1,libero_spatial_t09_ep000_s0064_manipulation,libero_spatial,9,0.109375,0.109375
0.8702799479166666,libero_spatial_t9_ep0,,,0.9091667516866082,0.7441649392317842,manipulation,B1_pred_norm_neg,0.6920469501029984,testB1,libero_spatial_t09_ep000_s0064_manipulation,libero_spatial,9,0.65625,0.65625
0.9326985677083334,libero_spatial_t9_ep0,,,0.842402044826174,0.7163354921044447,manipulation,B2_change_norm,0.9175748168917373,testB1,libero_spatial_t09_ep000_s0064_manipulation,libero_spatial,9,0.734375,0.734375
0.9332682291666666,libero_spatial_t9_ep0,,,0.8432840872518998,0.5940166131570738,manipulation,B3_cos_dist,0.918176356145571,testB1,libero_spatial_t09_ep000_s0064_manipulation,libero_spatial,9,0.734375,0.734375
0.924072265625,libero_spatial_t9_ep0,,,0.9116687445348154,0.8527193781574182,manipulation,B4_linear_stats,0.9161256866559854,testB1,libero_spatial_t09_ep000_s0064_manipulation,libero_spatial,9,0.75,0.75
0.968505859375,libero_spatial_t9_ep1,0.12926833004242513,0.17627975182553568,0.9169145824259878,0.8438723124676372,approach,U_hat_mlp,0.9389198043030442,testB1,libero_spatial_t09_ep001_s0024_approach,libero_spatial,9,0.8125,0.8125
0.4925944010416667,libero_spatial_t9_ep1,,,0.5717089732171817,-0.006379854143374804,approach,B0_random,0.025289682993820096,testB1,libero_spatial_t09_ep001_s0024_approach,libero_spatial,9,0.3125,0.3125
0.24967447916666666,libero_spatial_t9_ep1,,,0.5106979407911417,-0.3951337947314231,approach,B0x_token_index,-0.40489957656214237,testB1,libero_spatial_t09_ep001_s0024_approach,libero_spatial,9,0.1875,0.1875
0.8219401041666666,libero_spatial_t9_ep1,,,0.8714427560921321,0.7270473923057366,approach,B1_pred_norm_neg,0.5777816720073243,testB1,libero_spatial_t09_ep001_s0024_approach,libero_spatial,9,0.609375,0.609375
0.9833984375,libero_spatial_t9_ep1,,,0.9180631594405992,0.7909012070879176,approach,B2_change_norm,0.9546191920347906,testB1,libero_spatial_t09_ep001_s0024_approach,libero_spatial,9,0.875,0.875
0.9830729166666666,libero_spatial_t9_ep1,,,0.9267786008425001,0.6614648842227058,approach,B3_cos_dist,0.9543559739070726,testB1,libero_spatial_t09_ep001_s0024_approach,libero_spatial,9,0.875,0.875
0.9541829427083334,libero_spatial_t9_ep1,,,0.9180368110753551,0.8413818470849654,approach,B4_linear_stats,0.9360022316319524,testB1,libero_spatial_t09_ep001_s0024_approach,libero_spatial,9,0.828125,0.828125
0.9549153645833334,libero_spatial_t9_ep1,0.1303888446589032,0.19437667463379038,0.8931884219494418,0.8009990373565534,pre_grasp,U_hat_mlp,0.9004563401235981,testB1,libero_spatial_t09_ep001_s0048_pre_grasp,libero_spatial,9,0.78125,0.78125
0.5318196614583334,libero_spatial_t9_ep1,,,0.538881673596533,-0.0227118104385721,pre_grasp,B0_random,-0.03437929159990845,testB1,libero_spatial_t09_ep001_s0048_pre_grasp,libero_spatial,9,0.28125,0.28125
0.2859700520833333,libero_spatial_t9_ep1,,,0.49039374497878174,-0.35489526754000156,pre_grasp,B0x_token_index,-0.3252059967956054,testB1,libero_spatial_t09_ep001_s0048_pre_grasp,libero_spatial,9,0.078125,0.078125
0.9254557291666666,libero_spatial_t9_ep1,,,0.9211859924327658,0.7791431498653411,pre_grasp,B1_pred_norm_neg,0.6699981403067063,testB1,libero_spatial_t09_ep001_s0048_pre_grasp,libero_spatial,9,0.78125,0.78125
0.97998046875,libero_spatial_t9_ep1,,,0.899986263476466,0.813818758721453,pre_grasp,B2_change_norm,0.9633010986495766,testB1,libero_spatial_t09_ep001_s0048_pre_grasp,libero_spatial,9,0.890625,0.890625
0.97998046875,libero_spatial_t9_ep1,,,0.9000023848344486,0.6877303368358759,pre_grasp,B3_cos_dist,0.9632960917830167,testB1,libero_spatial_t09_ep001_s0048_pre_grasp,libero_spatial,9,0.890625,0.890625
0.9814453125,libero_spatial_t9_ep1,,,0.9545399495154655,0.9151540121377691,pre_grasp,B4_linear_stats,0.9630242904554818,testB1,libero_spatial_t09_ep001_s0048_pre_grasp,libero_spatial,9,0.875,0.875
0.936279296875,libero_spatial_t9_ep1,0.1333593885186019,0.18081337905252973,0.9185660250695796,0.8482887485878209,manipulation,U_hat_mlp,0.9124549382009614,testB1,libero_spatial_t09_ep001_s0072_manipulation,libero_spatial,9,0.75,0.75
0.5027669270833334,libero_spatial_t9_ep1,,,0.5770629842301307,-4.9778661770139274e-05,manipulation,B0_random,0.029750085831998167,testB1,libero_spatial_t09_ep001_s0072_manipulation,libero_spatial,9,0.234375,0.234375
0.24357096354166666,libero_spatial_t9_ep1,,,0.503533650972216,-0.4322451427720551,manipulation,B0x_token_index,-0.4425805390249485,testB1,libero_spatial_t09_ep001_s0072_manipulation,libero_spatial,9,0.109375,0.109375
0.923828125,libero_spatial_t9_ep1,,,0.9090397055183388,0.7717185932254478,manipulation,B1_pred_norm_neg,0.7254363126573586,testB1,libero_spatial_t09_ep001_s0072_manipulation,libero_spatial,9,0.703125,0.703125
0.9701334635416666,libero_spatial_t9_ep1,,,0.8748645028209242,0.7746575396918194,manipulation,B2_change_norm,0.9533138303959716,testB1,libero_spatial_t09_ep001_s0072_manipulation,libero_spatial,9,0.859375,0.859375
0.9705403645833334,libero_spatial_t9_ep1,,,0.8770147099418241,0.6563215294920229,manipulation,B3_cos_dist,0.9537000743877317,testB1,libero_spatial_t09_ep001_s0072_manipulation,libero_spatial,9,0.859375,0.859375
0.9353841145833334,libero_spatial_t9_ep1,,,0.9024420328198028,0.8548638544260927,manipulation,B4_linear_stats,0.9192277981231403,testB1,libero_spatial_t09_ep001_s0072_manipulation,libero_spatial,9,0.859375,0.859375
0.9568684895833334,libero_spatial_t9_ep2,0.1318625301134091,0.17918157657282233,0.9573476647713316,0.8663437548345824,approach,U_hat_mlp,0.9167236495765622,testB1,libero_spatial_t09_ep002_s0024_approach,libero_spatial,9,0.796875,0.796875
0.5155436197916666,libero_spatial_t9_ep2,,,0.6020063731386531,0.06112731873094089,approach,B0_random,0.012437771801327534,testB1,libero_spatial_t09_ep002_s0024_approach,libero_spatial,9,0.28125,0.28125
0.22322591145833334,libero_spatial_t9_ep2,,,0.5198397651412213,-0.41378373736657864,approach,B0x_token_index,-0.44976896887159534,testB1,libero_spatial_t09_ep002_s0024_approach,libero_spatial,9,0.125,0.125
0.826416015625,libero_spatial_t9_ep2,,,0.8521445894977036,0.6816550643554293,approach,B1_pred_norm_neg,0.575414139391165,testB1,libero_spatial_t09_ep002_s0024_approach,libero_spatial,9,0.5625,0.5625
0.9830729166666666,libero_spatial_t9_ep2,,,0.9375867046313672,0.7955721514106178,approach,B2_change_norm,0.9695239185168231,testB1,libero_spatial_t09_ep002_s0024_approach,libero_spatial,9,0.921875,0.921875
0.9829915364583334,libero_spatial_t9_ep2,,,0.9378818870145758,0.6645604312538597,approach,B3_cos_dist,0.9692828736552987,testB1,libero_spatial_t09_ep002_s0024_approach,libero_spatial,9,0.921875,0.921875
0.9764811197916666,libero_spatial_t9_ep2,,,0.9177042107786039,0.8795682709486609,approach,B4_linear_stats,0.9637853341725795,testB1,libero_spatial_t09_ep002_s0024_approach,libero_spatial,9,0.875,0.875
0.96533203125,libero_spatial_t9_ep2,0.18278372902924236,0.22808115105709834,0.8848067807175157,0.7942895217462098,pre_grasp,U_hat_mlp,0.9079773689631495,testB1,libero_spatial_t09_ep002_s0048_pre_grasp,libero_spatial,9,0.796875,0.796875
0.547607421875,libero_spatial_t9_ep2,,,0.5485777409560457,0.03591120077940344,pre_grasp,B0_random,0.0828407530327306,testB1,libero_spatial_t09_ep002_s0048_pre_grasp,libero_spatial,9,0.328125,0.328125
0.3238118489583333,libero_spatial_t9_ep2,,,0.44334658601072896,-0.3383302826256347,pre_grasp,B0x_token_index,-0.3716582742046235,testB1,libero_spatial_t09_ep002_s0048_pre_grasp,libero_spatial,9,0.078125,0.078125
0.9608561197916666,libero_spatial_t9_ep2,,,0.8742168570373139,0.7630795481050734,pre_grasp,B1_pred_norm_neg,0.7385371366445411,testB1,libero_spatial_t09_ep002_s0048_pre_grasp,libero_spatial,9,0.8125,0.8125
0.986328125,libero_spatial_t9_ep2,,,0.9132566930797037,0.8565620515461985,pre_grasp,B2_change_norm,0.9641243705653467,testB1,libero_spatial_t09_ep002_s0048_pre_grasp,libero_spatial,9,0.921875,0.921875
0.9864908854166666,libero_spatial_t9_ep2,,,0.9131481904872781,0.7512920988047493,pre_grasp,B3_cos_dist,0.9641272316319524,testB1,libero_spatial_t09_ep002_s0048_pre_grasp,libero_spatial,9,0.921875,0.921875
0.987060546875,libero_spatial_t9_ep2,,,0.8899952888044633,0.8975917959603629,pre_grasp,B4_linear_stats,0.9687950617990387,testB1,libero_spatial_t09_ep002_s0048_pre_grasp,libero_spatial,9,0.90625,0.90625
0.934814453125,libero_spatial_t9_ep2,0.16933072821460338,0.23148819415341623,0.8622186448057214,0.7648308935232473,manipulation,U_hat_mlp,0.8904840924696726,testB1,libero_spatial_t09_ep002_s0064_manipulation,libero_spatial,9,0.78125,0.78125
0.48486328125,libero_spatial_t9_ep2,,,0.5103863543295617,0.029624408418991825,manipulation,B0_random,0.022390707255664912,testB1,libero_spatial_t09_ep002_s0064_manipulation,libero_spatial,9,0.234375,0.234375
0.2801920572916667,libero_spatial_t9_ep2,,,0.4226442823674965,-0.3957049283153973,manipulation,B0x_token_index,-0.4348442149233234,testB1,libero_spatial_t09_ep002_s0064_manipulation,libero_spatial,9,0.0625,0.0625
0.9551595052083334,libero_spatial_t9_ep2,,,0.8784439378022173,0.7950437302393086,manipulation,B1_pred_norm_neg,0.7531922350652324,testB1,libero_spatial_t09_ep002_s0064_manipulation,libero_spatial,9,0.796875,0.796875
0.9890950520833334,libero_spatial_t9_ep2,,,0.8790846043512531,0.8233516404820894,manipulation,B2_change_norm,0.9548895628290227,testB1,libero_spatial_t09_ep002_s0064_manipulation,libero_spatial,9,0.90625,0.90625
0.9893391927083334,libero_spatial_t9_ep2,,,0.8816490199798801,0.7180020632458084,manipulation,B3_cos_dist,0.955104142824445,testB1,libero_spatial_t09_ep002_s0064_manipulation,libero_spatial,9,0.90625,0.90625
0.972900390625,libero_spatial_t9_ep2,,,0.8703391669052659,0.8396217629616053,manipulation,B4_linear_stats,0.9508769169146257,testB1,libero_spatial_t09_ep002_s0064_manipulation,libero_spatial,9,0.875,0.875
0.9405924479166666,libero_spatial_t9_ep3,0.13025320460269027,0.17781099284615895,0.9057173770924978,0.8240168971236242,approach,U_hat_mlp,0.9141851682307164,testB1,libero_spatial_t09_ep003_s0024_approach,libero_spatial,9,0.796875,0.796875
0.5082194010416666,libero_spatial_t9_ep3,,,0.5386846092224697,0.031167098007134728,approach,B0_random,0.033650434882124054,testB1,libero_spatial_t09_ep003_s0024_approach,libero_spatial,9,0.21875,0.21875
0.23201497395833334,libero_spatial_t9_ep3,,,0.48196813621401474,-0.4311337417761535,approach,B0x_token_index,-0.4271236266880293,testB1,libero_spatial_t09_ep003_s0024_approach,libero_spatial,9,0.09375,0.09375
0.9203287760416666,libero_spatial_t9_ep3,,,0.8935584323671312,0.7941375718947423,approach,B1_pred_norm_neg,0.7190947585259785,testB1,libero_spatial_t09_ep003_s0024_approach,libero_spatial,9,0.75,0.75
0.9840494791666666,libero_spatial_t9_ep3,,,0.9097046737428961,0.828998026506947,approach,B2_change_norm,0.967162108033875,testB1,libero_spatial_t09_ep003_s0024_approach,libero_spatial,9,0.921875,0.921875
0.984375,libero_spatial_t9_ep3,,,0.9107549416896462,0.7321034657933704,approach,B3_cos_dist,0.9673144598306248,testB1,libero_spatial_t09_ep003_s0024_approach,libero_spatial,9,0.921875,0.921875
0.96826171875,libero_spatial_t9_ep3,,,0.905563954976021,0.8686956178196927,approach,B4_linear_stats,0.9569738498512246,testB1,libero_spatial_t09_ep003_s0024_approach,libero_spatial,9,0.84375,0.84375
0.9539388020833334,libero_spatial_t9_ep3,0.16475554503540416,0.24778027425364563,0.8620347526969342,0.7392629994985993,pre_grasp,U_hat_mlp,0.8870722705424582,testB1,libero_spatial_t09_ep003_s0040_pre_grasp,libero_spatial,9,0.796875,0.796875
0.5430501302083334,libero_spatial_t9_ep3,,,0.52138400694394,0.0878807220654249,pre_grasp,B0_random,0.10193908789196612,testB1,libero_spatial_t09_ep003_s0040_pre_grasp,libero_spatial,9,0.265625,0.265625
0.3308919270833333,libero_spatial_t9_ep3,,,0.4285958067484865,-0.34353036881539106,pre_grasp,B0x_token_index,-0.32931878004119935,testB1,libero_spatial_t09_ep003_s0040_pre_grasp,libero_spatial,9,0.125,0.125
0.9080403645833334,libero_spatial_t9_ep3,,,0.863379731744729,0.7730849914287148,pre_grasp,B1_pred_norm_neg,0.7275484950789655,testB1,libero_spatial_t09_ep003_s0040_pre_grasp,libero_spatial,9,0.71875,0.71875
0.9940592447916666,libero_spatial_t9_ep3,,,0.9238270955544344,0.8911413307969451,pre_grasp,B2_change_norm,0.9644555390249485,testB1,libero_spatial_t09_ep003_s0040_pre_grasp,libero_spatial,9,0.921875,0.921875
0.994140625,libero_spatial_t9_ep3,,,0.9220444983031975,0.803577444960291,pre_grasp,B3_cos_dist,0.9641830224307621,testB1,libero_spatial_t09_ep003_s0040_pre_grasp,libero_spatial,9,0.921875,0.921875
0.9930826822916666,libero_spatial_t9_ep3,,,0.9165310207295856,0.906617995404767,pre_grasp,B4_linear_stats,0.9701311799038682,testB1,libero_spatial_t09_ep003_s0040_pre_grasp,libero_spatial,9,0.921875,0.921875
0.9234212239583334,libero_spatial_t9_ep3,0.15818668993136342,0.2115784833521084,0.902801242533827,0.7874266574277653,manipulation,U_hat_mlp,0.8403803788052185,testB1,libero_spatial_t09_ep003_s0064_manipulation,libero_spatial,9,0.8125,0.8125
0.5323079427083334,libero_spatial_t9_ep3,,,0.6397239599305684,0.08302228416323715,manipulation,B0_random,0.07386916342412451,testB1,libero_spatial_t09_ep003_s0064_manipulation,libero_spatial,9,0.296875,0.296875
0.3899739583333333,libero_spatial_t9_ep3,,,0.6072834037812819,-0.23752758878299615,manipulation,B0x_token_index,-0.20234678988326849,testB1,libero_spatial_t09_ep003_s0064_manipulation,libero_spatial,9,0.25,0.25
0.8257649739583334,libero_spatial_t9_ep3,,,0.8777190332803755,0.6791863484280738,manipulation,B1_pred_norm_neg,0.6122847047379263,testB1,libero_spatial_t09_ep003_s0064_manipulation,libero_spatial,9,0.59375,0.59375
0.9444173177083334,libero_spatial_t9_ep3,,,0.8576389633752888,0.6917308171940518,manipulation,B2_change_norm,0.8929009784847791,testB1,libero_spatial_t09_ep003_s0064_manipulation,libero_spatial,9,0.796875,0.796875
0.9446614583333334,libero_spatial_t9_ep3,,,0.8596046283820563,0.5781143106861222,manipulation,B3_cos_dist,0.8930719272144656,testB1,libero_spatial_t09_ep003_s0064_manipulation,libero_spatial,9,0.796875,0.796875
0.8937174479166666,libero_spatial_t9_ep3,,,0.8820466685470767,0.7619779198870669,manipulation,B4_linear_stats,0.8383189803158617,testB1,libero_spatial_t09_ep003_s0064_manipulation,libero_spatial,9,0.796875,0.796875
0.9673665364583334,libero_spatial_t9_ep4,0.13092307231648642,0.18506927772876317,0.9022920737852282,0.8232636738349863,approach,U_hat_mlp,0.9211583028152895,testB1,libero_spatial_t09_ep004_s0024_approach,libero_spatial,9,0.8125,0.8125
0.482666015625,libero_spatial_t9_ep4,,,0.5084124668768331,-0.0014909867447137752,approach,B0_random,-0.015368934538796062,testB1,libero_spatial_t09_ep004_s0024_approach,libero_spatial,9,0.21875,0.21875
0.20638020833333334,libero_spatial_t9_ep4,,,0.4693455230827042,-0.4059217323562233,approach,B0x_token_index,-0.3997346360723278,testB1,libero_spatial_t09_ep004_s0024_approach,libero_spatial,9,0.09375,0.09375
0.8827311197916666,libero_spatial_t9_ep4,,,0.8841570816604535,0.7576422555315853,approach,B1_pred_norm_neg,0.7033696211947814,testB1,libero_spatial_t09_ep004_s0024_approach,libero_spatial,9,0.734375,0.734375
0.97509765625,libero_spatial_t9_ep4,,,0.899924348939414,0.8322625875678822,approach,B2_change_norm,0.9640678644998856,testB1,libero_spatial_t09_ep004_s0024_approach,libero_spatial,9,0.84375,0.84375
0.97509765625,libero_spatial_t9_ep4,,,0.8994686648407045,0.720132023426331,approach,B3_cos_dist,0.9639748798352026,testB1,libero_spatial_t09_ep004_s0024_approach,libero_spatial,9,0.84375,0.84375
0.9702962239583334,libero_spatial_t9_ep4,,,0.888580656624272,0.8649148928880175,approach,B4_linear_stats,0.9590981918059053,testB1,libero_spatial_t09_ep004_s0024_approach,libero_spatial,9,0.8125,0.8125
0.9243977864583334,libero_spatial_t9_ep4,0.1742488578253314,0.2560922396464853,0.8900189192749155,0.7816724362758575,pre_grasp,U_hat_mlp,0.8935075246051728,testB1,libero_spatial_t09_ep004_s0040_pre_grasp,libero_spatial,9,0.765625,0.765625
0.5552571614583334,libero_spatial_t9_ep4,,,0.6422591198010851,0.1494993817278668,pre_grasp,B0_random,0.09721332112611582,testB1,libero_spatial_t09_ep004_s0040_pre_grasp,libero_spatial,9,0.3125,0.3125
0.2644856770833333,libero_spatial_t9_ep4,,,0.4417300171431954,-0.4003119015003936,pre_grasp,B0x_token_index,-0.38340295262073704,testB1,libero_spatial_t09_ep004_s0040_pre_grasp,libero_spatial,9,0.046875,0.046875
0.9227701822916666,libero_spatial_t9_ep4,,,0.8746067424350377,0.7325965543972563,pre_grasp,B1_pred_norm_neg,0.7357855058365759,testB1,libero_spatial_t09_ep004_s0040_pre_grasp,libero_spatial,9,0.75,0.75
0.94140625,libero_spatial_t9_ep4,,,0.8781768116381772,0.7784188815260102,pre_grasp,B2_change_norm,0.9255514705882353,testB1,libero_spatial_t09_ep004_s0040_pre_grasp,libero_spatial,9,0.765625,0.765625
0.9424641927083334,libero_spatial_t9_ep4,,,0.8784403500646538,0.648406032784798,pre_grasp,B3_cos_dist,0.9261015106431678,testB1,libero_spatial_t09_ep004_s0040_pre_grasp,libero_spatial,9,0.765625,0.765625
0.95068359375,libero_spatial_t9_ep4,,,0.8953012993414168,0.8678139380765484,pre_grasp,B4_linear_stats,0.9390249485008011,testB1,libero_spatial_t09_ep004_s0040_pre_grasp,libero_spatial,9,0.8125,0.8125
0.9209798177083334,libero_spatial_t9_ep4,0.1305233720846716,0.18368941261849986,0.918322307885549,0.8305204023973031,manipulation,U_hat_mlp,0.8784139677271687,testB1,libero_spatial_t09_ep004_s0064_manipulation,libero_spatial,9,0.8125,0.8125
0.5294596354166666,libero_spatial_t9_ep4,,,0.5824686618459379,0.07438838998727444,manipulation,B0_random,0.07149662394140535,testB1,libero_spatial_t09_ep004_s0064_manipulation,libero_spatial,9,0.21875,0.21875
0.356689453125,libero_spatial_t9_ep4,,,0.5659511753400169,-0.28576552432386376,manipulation,B0x_token_index,-0.304251544975967,testB1,libero_spatial_t09_ep004_s0064_manipulation,libero_spatial,9,0.171875,0.171875
0.89501953125,libero_spatial_t9_ep4,,,0.9049084469225152,0.7100308240749613,manipulation,B1_pred_norm_neg,0.6952306019684138,testB1,libero_spatial_t09_ep004_s0064_manipulation,libero_spatial,9,0.6875,0.6875
0.9453938802083334,libero_spatial_t9_ep4,,,0.8681783764919186,0.731417474323441,manipulation,B2_change_norm,0.9151235980773632,testB1,libero_spatial_t09_ep004_s0064_manipulation,libero_spatial,9,0.78125,0.78125
0.94580078125,libero_spatial_t9_ep4,,,0.8718162805813549,0.6158610372185828,manipulation,B3_cos_dist,0.9152401865415427,testB1,libero_spatial_t09_ep004_s0064_manipulation,libero_spatial,9,0.78125,0.78125
0.8977864583333334,libero_spatial_t9_ep4,,,0.9081575954340386,0.7994746115333947,manipulation,B4_linear_stats,0.8601410505836576,testB1,libero_spatial_t09_ep004_s0064_manipulation,libero_spatial,9,0.71875,0.71875
0.969482421875,libero_spatial_t9_ep5,0.10928784459585597,0.137127628664638,0.9578801102780237,0.8865631332162174,approach,U_hat_mlp,0.9536500057221332,testB1,libero_spatial_t09_ep005_s0024_approach,libero_spatial,9,0.828125,0.828125
0.48486328125,libero_spatial_t9_ep5,,,0.534749637890964,-0.05149004142792269,approach,B0_random,-0.028888904783703366,testB1,libero_spatial_t09_ep005_s0024_approach,libero_spatial,9,0.203125,0.203125
0.23274739583333334,libero_spatial_t9_ep5,,,0.5062929078067547,-0.3934595649670011,approach,B0x_token_index,-0.437314030670634,testB1,libero_spatial_t09_ep005_s0024_approach,libero_spatial,9,0.109375,0.109375
0.855712890625,libero_spatial_t9_ep5,,,0.8690063347228579,0.7242849395220587,approach,B1_pred_norm_neg,0.6604672121766995,testB1,libero_spatial_t09_ep005_s0024_approach,libero_spatial,9,0.65625,0.65625
0.969482421875,libero_spatial_t9_ep5,,,0.8892300990547201,0.7844173816299358,approach,B2_change_norm,0.9472025921263447,testB1,libero_spatial_t09_ep005_s0024_approach,libero_spatial,9,0.875,0.875
0.9700520833333334,libero_spatial_t9_ep5,,,0.8986042938582993,0.6581231952311063,approach,B3_cos_dist,0.9473206111238269,testB1,libero_spatial_t09_ep005_s0024_approach,libero_spatial,9,0.875,0.875
0.9722493489583334,libero_spatial_t9_ep5,,,0.9080953068904913,0.8746924025317001,approach,B4_linear_stats,0.9495880064087892,testB1,libero_spatial_t09_ep005_s0024_approach,libero_spatial,9,0.859375,0.859375
0.9234212239583334,libero_spatial_t9_ep5,0.2055202025404998,0.2944539369618365,0.8520316910140942,0.7439563054524084,pre_grasp,U_hat_mlp,0.8889126516365301,testB1,libero_spatial_t09_ep005_s0048_pre_grasp,libero_spatial,9,0.734375,0.734375
0.4956868489583333,libero_spatial_t9_ep5,,,0.45078200399040874,-0.03677275916625772,pre_grasp,B0_random,-0.036830510414282445,testB1,libero_spatial_t09_ep005_s0048_pre_grasp,libero_spatial,9,0.1875,0.1875
0.3181966145833333,libero_spatial_t9_ep5,,,0.4169732954760206,-0.34884842776574476,pre_grasp,B0x_token_index,-0.3472583829251545,testB1,libero_spatial_t09_ep005_s0048_pre_grasp,libero_spatial,9,0.09375,0.09375
0.9564615885416666,libero_spatial_t9_ep5,,,0.8893743435049594,0.793064544301188,pre_grasp,B1_pred_norm_neg,0.7597526607919433,testB1,libero_spatial_t09_ep005_s0048_pre_grasp,libero_spatial,9,0.78125,0.78125
0.9488118489583334,libero_spatial_t9_ep5,,,0.9147967701736898,0.8505342866924516,pre_grasp,B2_change_norm,0.9280627718013276,testB1,libero_spatial_t09_ep005_s0048_pre_grasp,libero_spatial,9,0.828125,0.828125
0.9491373697916666,libero_spatial_t9_ep5,,,0.9156024208797094,0.7538540022141266,pre_grasp,B3_cos_dist,0.9281815060654612,testB1,libero_spatial_t09_ep005_s0048_pre_grasp,libero_spatial,9,0.828125,0.828125
0.9588216145833334,libero_spatial_t9_ep5,,,0.9216066735994211,0.8880934355217877,pre_grasp,B4_linear_stats,0.9411078049897001,testB1,libero_spatial_t09_ep005_s0048_pre_grasp,libero_spatial,9,0.859375,0.859375
0.93017578125,libero_spatial_t9_ep5,0.16027572848878152,0.2261759875017711,0.9124537778480867,0.8142038243470479,manipulation,U_hat_mlp,0.8905205710688945,testB1,libero_spatial_t09_ep005_s0064_manipulation,libero_spatial,9,0.78125,0.78125
0.5638834635416666,libero_spatial_t9_ep5,,,0.5620026896143373,0.07220338661525813,manipulation,B0_random,0.0140156500343328,testB1,libero_spatial_t09_ep005_s0064_manipulation,libero_spatial,9,0.265625,0.265625
0.296142578125,libero_spatial_t9_ep5,,,0.4644203022370415,-0.350238032909624,manipulation,B0x_token_index,-0.34967813000686654,testB1,libero_spatial_t09_ep005_s0064_manipulation,libero_spatial,9,0.0625,0.0625
0.9563802083333334,libero_spatial_t9_ep5,,,0.8788808743957714,0.7698090119703546,manipulation,B1_pred_norm_neg,0.7826118677042802,testB1,libero_spatial_t09_ep005_s0064_manipulation,libero_spatial,9,0.796875,0.796875
0.965087890625,libero_spatial_t9_ep5,,,0.8584445468736679,0.7715138189952913,manipulation,B2_change_norm,0.929879549095903,testB1,libero_spatial_t09_ep005_s0064_manipulation,libero_spatial,9,0.859375,0.859375
0.96533203125,libero_spatial_t9_ep5,,,0.8570256371298458,0.6563831936954476,manipulation,B3_cos_dist,0.9303845273517968,testB1,libero_spatial_t09_ep005_s0064_manipulation,libero_spatial,9,0.859375,0.859375
0.9557291666666666,libero_spatial_t9_ep5,,,0.9105674080484247,0.8493394535672559,manipulation,B4_linear_stats,0.9253840981918059,testB1,libero_spatial_t09_ep005_s0064_manipulation,libero_spatial,9,0.859375,0.859375
0.967529296875,libero_spatial_t9_ep6,0.10868680761526257,0.14683022852544642,0.9519416207823669,0.8791894616723303,approach,U_hat_mlp,0.9441455424582285,testB1,libero_spatial_t09_ep006_s0024_approach,libero_spatial,9,0.828125,0.828125
0.4837239583333333,libero_spatial_t9_ep6,,,0.5570607794071267,0.00832086005098045,approach,B0_random,0.03255321583886473,testB1,libero_spatial_t09_ep006_s0024_approach,libero_spatial,9,0.25,0.25
0.302978515625,libero_spatial_t9_ep6,,,0.5203206665047164,-0.3879888510025544,approach,B0x_token_index,-0.41894169146257726,testB1,libero_spatial_t09_ep006_s0024_approach,libero_spatial,9,0.1875,0.1875
0.8182779947916666,libero_spatial_t9_ep6,,,0.8303318495299914,0.6864862475178943,approach,B1_pred_norm_neg,0.5623247596704051,testB1,libero_spatial_t09_ep006_s0024_approach,libero_spatial,9,0.578125,0.578125
0.963623046875,libero_spatial_t9_ep6,,,0.9105779406900981,0.8015914778036084,approach,B2_change_norm,0.9575274662394141,testB1,libero_spatial_t09_ep006_s0024_approach,libero_spatial,9,0.8125,0.8125
0.9637044270833334,libero_spatial_t9_ep6,,,0.9108115732064237,0.6841505753658629,approach,B3_cos_dist,0.9576225967040513,testB1,libero_spatial_t09_ep006_s0024_approach,libero_spatial,9,0.8125,0.8125
0.9466145833333334,libero_spatial_t9_ep6,,,0.9103495782806336,0.8548741923391948,approach,B4_linear_stats,0.9451390478370336,testB1,libero_spatial_t09_ep006_s0024_approach,libero_spatial,9,0.78125,0.78125
0.9554036458333334,libero_spatial_t9_ep6,0.17596114836521964,0.2402330048111914,0.8910025039900927,0.7714849732760416,pre_grasp,U_hat_mlp,0.8790591382467384,testB1,libero_spatial_t09_ep006_s0048_pre_grasp,libero_spatial,9,0.8125,0.8125
0.499267578125,libero_spatial_t9_ep6,,,0.5582179757230734,0.06508770958037374,pre_grasp,B0_random,-0.007839322499427787,testB1,libero_spatial_t09_ep006_s0048_pre_grasp,libero_spatial,9,0.21875,0.21875
0.2906087239583333,libero_spatial_t9_ep6,,,0.4522436420766802,-0.32674158187624713,pre_grasp,B0x_token_index,-0.3387059395742733,testB1,libero_spatial_t09_ep006_s0048_pre_grasp,libero_spatial,9,0.078125,0.078125
0.9235026041666666,libero_spatial_t9_ep6,,,0.8898499873701262,0.7971799666015803,pre_grasp,B1_pred_norm_neg,0.7301284618905928,testB1,libero_spatial_t09_ep006_s0048_pre_grasp,libero_spatial,9,0.734375,0.734375
0.9823404947916666,libero_spatial_t9_ep6,,,0.9308649699580694,0.8607337756840625,pre_grasp,B2_change_norm,0.9370722705424582,testB1,libero_spatial_t09_ep006_s0048_pre_grasp,libero_spatial,9,0.90625,0.90625
0.9825032552083334,libero_spatial_t9_ep6,,,0.9371690361979034,0.7866523575120896,pre_grasp,B3_cos_dist,0.9373669604028382,testB1,libero_spatial_t09_ep006_s0048_pre_grasp,libero_spatial,9,0.90625,0.90625
0.985595703125,libero_spatial_t9_ep6,,,0.9403641466399886,0.8965014596477515,pre_grasp,B4_linear_stats,0.9518496795605401,testB1,libero_spatial_t09_ep006_s0048_pre_grasp,libero_spatial,9,0.9375,0.9375
0.945556640625,libero_spatial_t9_ep6,0.13090375156753736,0.17613774092317297,0.9218488001686698,0.8316145644565017,manipulation,U_hat_mlp,0.88945124742504,testB1,libero_spatial_t09_ep006_s0072_manipulation,libero_spatial,9,0.796875,0.796875
0.4984537760416667,libero_spatial_t9_ep6,,,0.5884919770961163,0.0012362088024610702,manipulation,B0_random,0.04253547722590982,testB1,libero_spatial_t09_ep006_s0072_manipulation,libero_spatial,9,0.25,0.25
0.3130696614583333,libero_spatial_t9_ep6,,,0.5367447188434332,-0.33779073612003774,manipulation,B0x_token_index,-0.37894541084916455,testB1,libero_spatial_t09_ep006_s0072_manipulation,libero_spatial,9,0.15625,0.15625
0.8994954427083334,libero_spatial_t9_ep6,,,0.8575733958591141,0.6927794175270312,manipulation,B1_pred_norm_neg,0.6846425097276264,testB1,libero_spatial_t09_ep006_s0072_manipulation,libero_spatial,9,0.71875,0.71875
0.9473470052083334,libero_spatial_t9_ep6,,,0.8500258293850234,0.6850143722526753,manipulation,B2_change_norm,0.9298087376974136,testB1,libero_spatial_t09_ep006_s0072_manipulation,libero_spatial,9,0.8125,0.8125
0.94775390625,libero_spatial_t9_ep6,,,0.8484834855597753,0.5461582812901576,manipulation,B3_cos_dist,0.9300984206912337,testB1,libero_spatial_t09_ep006_s0072_manipulation,libero_spatial,9,0.8125,0.8125
0.9306640625,libero_spatial_t9_ep6,,,0.8833296052370914,0.8203938957916329,manipulation,B4_linear_stats,0.9006029697871366,testB1,libero_spatial_t09_ep006_s0072_manipulation,libero_spatial,9,0.828125,0.828125
0.9695638020833334,libero_spatial_t9_ep7,0.11530513157686498,0.15426267805622038,0.9537628302379203,0.8615229857401074,approach,U_hat_mlp,0.9312385557335775,testB1,libero_spatial_t09_ep007_s0024_approach,libero_spatial,9,0.8125,0.8125
0.4768880208333333,libero_spatial_t9_ep7,,,0.5229777284212557,-0.10687944013262919,approach,B0_random,-0.11778224422064545,testB1,libero_spatial_t09_ep007_s0024_approach,libero_spatial,9,0.234375,0.234375
0.2747395833333333,libero_spatial_t9_ep7,,,0.5190410377408742,-0.4071842311050177,approach,B0x_token_index,-0.3984035248340581,testB1,libero_spatial_t09_ep007_s0024_approach,libero_spatial,9,0.1875,0.1875
0.8483072916666666,libero_spatial_t9_ep7,,,0.8813157278374276,0.7416796711621799,approach,B1_pred_norm_neg,0.5998948558022431,testB1,libero_spatial_t09_ep007_s0024_approach,libero_spatial,9,0.640625,0.640625
0.9703776041666666,libero_spatial_t9_ep7,,,0.9328954195785356,0.8356049965289126,approach,B2_change_norm,0.956780012588693,testB1,libero_spatial_t09_ep007_s0024_approach,libero_spatial,9,0.875,0.875
0.9701334635416666,libero_spatial_t9_ep7,,,0.9329180670222856,0.7185050239022108,approach,B3_cos_dist,0.956792172121767,testB1,libero_spatial_t09_ep007_s0024_approach,libero_spatial,9,0.875,0.875
0.94189453125,libero_spatial_t9_ep7,,,0.9007256019877523,0.8306016342550436,approach,B4_linear_stats,0.9313136587319752,testB1,libero_spatial_t09_ep007_s0024_approach,libero_spatial,9,0.796875,0.796875
0.9646809895833334,libero_spatial_t9_ep7,0.13105352024029798,0.1871890229413587,0.8899328067905155,0.7691900763604811,pre_grasp,U_hat_mlp,0.9089622911421378,testB1,libero_spatial_t09_ep007_s0048_pre_grasp,libero_spatial,9,0.796875,0.796875
0.5065104166666666,libero_spatial_t9_ep7,,,0.5537717022965527,0.03954396864273275,pre_grasp,B0_random,0.014292458228427557,testB1,libero_spatial_t09_ep007_s0048_pre_grasp,libero_spatial,9,0.265625,0.265625
0.3855794270833333,libero_spatial_t9_ep7,,,0.5219635191580898,-0.2090797975230951,pre_grasp,B0x_token_index,-0.22851338979171434,testB1,libero_spatial_t09_ep007_s0048_pre_grasp,libero_spatial,9,0.1875,0.1875
0.9090983072916666,libero_spatial_t9_ep7,,,0.8697858685600552,0.7117221638930719,pre_grasp,B1_pred_norm_neg,0.6935389963378348,testB1,libero_spatial_t09_ep007_s0048_pre_grasp,libero_spatial,9,0.6875,0.6875
0.9740397135416666,libero_spatial_t9_ep7,,,0.8852488368015231,0.7773538614821953,pre_grasp,B2_change_norm,0.9599479285877776,testB1,libero_spatial_t09_ep007_s0048_pre_grasp,libero_spatial,9,0.890625,0.890625
0.9740397135416666,libero_spatial_t9_ep7,,,0.8795951933059206,0.6592490976164856,pre_grasp,B3_cos_dist,0.9601174467841611,testB1,libero_spatial_t09_ep007_s0048_pre_grasp,libero_spatial,9,0.890625,0.890625
0.975830078125,libero_spatial_t9_ep7,,,0.8901795362156008,0.8408301007573875,pre_grasp,B4_linear_stats,0.9650298981460288,testB1,libero_spatial_t09_ep007_s0048_pre_grasp,libero_spatial,9,0.890625,0.890625
0.9443359375,libero_spatial_t9_ep7,0.11065985356401148,0.15557461823361052,0.9395370587276216,0.8489258557055654,manipulation,U_hat_mlp,0.8925726710917831,testB1,libero_spatial_t09_ep007_s0064_manipulation,libero_spatial,9,0.828125,0.828125
0.4290364583333333,libero_spatial_t9_ep7,,,0.6040499880692254,-0.09258191336624767,manipulation,B0_random,-0.12821226253147172,testB1,libero_spatial_t09_ep007_s0064_manipulation,libero_spatial,9,0.234375,0.234375
0.313720703125,libero_spatial_t9_ep7,,,0.5812490959734027,-0.31526674425971096,manipulation,B0x_token_index,-0.3319359407186999,testB1,libero_spatial_t09_ep007_s0064_manipulation,libero_spatial,9,0.1875,0.1875
0.8456217447916666,libero_spatial_t9_ep7,,,0.9085017407978616,0.7090634906808028,manipulation,B1_pred_norm_neg,0.641763704509041,testB1,libero_spatial_t09_ep007_s0064_manipulation,libero_spatial,9,0.625,0.625
0.9517415364583334,libero_spatial_t9_ep7,,,0.8675245474118527,0.7044575145167793,manipulation,B2_change_norm,0.9233656157015335,testB1,libero_spatial_t09_ep007_s0064_manipulation,libero_spatial,9,0.8125,0.8125
0.9519856770833334,libero_spatial_t9_ep7,,,0.8677746942526872,0.5713558629011553,manipulation,B3_cos_dist,0.9237075131609064,testB1,libero_spatial_t09_ep007_s0064_manipulation,libero_spatial,9,0.8125,0.8125
0.920654296875,libero_spatial_t9_ep7,,,0.8978352744792465,0.8469834668954165,manipulation,B4_linear_stats,0.8955360208285649,testB1,libero_spatial_t09_ep007_s0064_manipulation,libero_spatial,9,0.78125,0.78125
0.9659830729166666,libero_spatial_t9_ep8,0.11555314053148913,0.158198185199504,0.9230911587401269,0.8372263962336842,approach,U_hat_mlp,0.9278696498054475,testB1,libero_spatial_t09_ep008_s0024_approach,libero_spatial,9,0.8125,0.8125
0.5301920572916666,libero_spatial_t9_ep8,,,0.5685635082952443,0.06893359151115674,approach,B0_random,0.10705610551613641,testB1,libero_spatial_t09_ep008_s0024_approach,libero_spatial,9,0.25,0.25
0.2819010416666667,libero_spatial_t9_ep8,,,0.5213552786094469,-0.3872950645275075,approach,B0x_token_index,-0.4247289139391165,testB1,libero_spatial_t09_ep008_s0024_approach,libero_spatial,9,0.1875,0.1875
0.8126627604166666,libero_spatial_t9_ep8,,,0.8339615067031035,0.6862073643729754,approach,B1_pred_norm_neg,0.6103305962462806,testB1,libero_spatial_t09_ep008_s0024_approach,libero_spatial,9,0.578125,0.578125
0.960205078125,libero_spatial_t9_ep8,,,0.859912396487082,0.70289021096511,approach,B2_change_norm,0.9455581940947585,testB1,libero_spatial_t09_ep008_s0024_approach,libero_spatial,9,0.8125,0.8125
0.9601236979166666,libero_spatial_t9_ep8,,,0.8620674133982846,0.5717155125270109,approach,B3_cos_dist,0.9455717841611353,testB1,libero_spatial_t09_ep008_s0024_approach,libero_spatial,9,0.8125,0.8125
0.9557291666666666,libero_spatial_t9_ep8,,,0.9318901195455036,0.8405637776228216,approach,B4_linear_stats,0.9414382581826505,testB1,libero_spatial_t09_ep008_s0024_approach,libero_spatial,9,0.796875,0.796875
0.969482421875,libero_spatial_t9_ep8,0.16614622216863523,0.24124465814891966,0.8787820471987152,0.7929326431643645,pre_grasp,U_hat_mlp,0.9130629148546578,testB1,libero_spatial_t09_ep008_s0048_pre_grasp,libero_spatial,9,0.796875,0.796875
0.5145670572916666,libero_spatial_t9_ep8,,,0.5020299448517359,0.04833969785878574,pre_grasp,B0_random,0.04335231174181735,testB1,libero_spatial_t09_ep008_s0048_pre_grasp,libero_spatial,9,0.234375,0.234375
0.3016764322916667,libero_spatial_t9_ep8,,,0.4134123620205514,-0.3410791160162722,pre_grasp,B0x_token_index,-0.35147631036850535,testB1,libero_spatial_t09_ep008_s0048_pre_grasp,libero_spatial,9,0.09375,0.09375
0.944580078125,libero_spatial_t9_ep8,,,0.902351005165728,0.8301932124329029,pre_grasp,B1_pred_norm_neg,0.7426377603570611,testB1,libero_spatial_t09_ep008_s0048_pre_grasp,libero_spatial,9,0.75,0.75
0.9833170572916666,libero_spatial_t9_ep8,,,0.9127704178410223,0.8545430156951918,pre_grasp,B2_change_norm,0.9553680762188144,testB1,libero_spatial_t09_ep008_s0048_pre_grasp,libero_spatial,9,0.875,0.875
0.983642578125,libero_spatial_t9_ep8,,,0.9131212770253558,0.7406324448981164,pre_grasp,B3_cos_dist,0.9557364385442894,testB1,libero_spatial_t09_ep008_s0048_pre_grasp,libero_spatial,9,0.875,0.875
0.9884440104166666,libero_spatial_t9_ep8,,,0.9466315378344051,0.9158783785153903,pre_grasp,B4_linear_stats,0.9651500629434653,testB1,libero_spatial_t09_ep008_s0048_pre_grasp,libero_spatial,9,0.890625,0.890625
0.91845703125,libero_spatial_t9_ep8,0.1414711200921541,0.1990777625461957,0.9266416317786116,0.8267405610714934,manipulation,U_hat_mlp,0.8863183794918745,testB1,libero_spatial_t09_ep008_s0064_manipulation,libero_spatial,9,0.78125,0.78125
0.4827473958333333,libero_spatial_t9_ep8,,,0.5315209852513516,-0.04207183415797957,manipulation,B0_random,-0.07530255779354543,testB1,libero_spatial_t09_ep008_s0064_manipulation,libero_spatial,9,0.203125,0.203125
0.2920735677083333,libero_spatial_t9_ep8,,,0.4458348173455362,-0.414801001803872,manipulation,B0x_token_index,-0.43304102769512476,testB1,libero_spatial_t09_ep008_s0064_manipulation,libero_spatial,9,0.078125,0.078125
0.947021484375,libero_spatial_t9_ep8,,,0.9150893256684401,0.819141159543891,manipulation,B1_pred_norm_neg,0.7513454165712978,testB1,libero_spatial_t09_ep008_s0064_manipulation,libero_spatial,9,0.796875,0.796875
0.9749348958333334,libero_spatial_t9_ep8,,,0.9070426793761716,0.8412936802410076,manipulation,B2_change_norm,0.952028496223392,testB1,libero_spatial_t09_ep008_s0064_manipulation,libero_spatial,9,0.890625,0.890625
0.975341796875,libero_spatial_t9_ep8,,,0.9070359028870659,0.7300691502824522,manipulation,B3_cos_dist,0.9521171892881666,testB1,libero_spatial_t09_ep008_s0064_manipulation,libero_spatial,9,0.890625,0.890625
0.962890625,libero_spatial_t9_ep8,,,0.94420862806287,0.8867910911529294,manipulation,B4_linear_stats,0.9444995994506752,testB1,libero_spatial_t09_ep008_s0064_manipulation,libero_spatial,9,0.875,0.875
0.960693359375,libero_spatial_t9_ep9,0.15080709775976908,0.19189716522574088,0.930677087450938,0.8585952883641474,approach,U_hat_mlp,0.9293652723735408,testB1,libero_spatial_t09_ep009_s0024_approach,libero_spatial,9,0.8125,0.8125
0.451171875,libero_spatial_t9_ep9,,,0.4984346586413035,-0.07511167378655016,approach,B0_random,-0.11871924353398947,testB1,libero_spatial_t09_ep009_s0024_approach,libero_spatial,9,0.21875,0.21875
0.2652994791666667,libero_spatial_t9_ep9,,,0.5047691931956595,-0.42611397143751134,approach,B0x_token_index,-0.43408031013962006,testB1,libero_spatial_t09_ep009_s0024_approach,libero_spatial,9,0.171875,0.171875
0.8672688802083334,libero_spatial_t9_ep9,,,0.8733071401418679,0.7534162216625608,approach,B1_pred_norm_neg,0.5998826962691691,testB1,libero_spatial_t09_ep009_s0024_approach,libero_spatial,9,0.65625,0.65625
0.9835611979166666,libero_spatial_t9_ep9,,,0.9407363943091156,0.8398495693281985,approach,B2_change_norm,0.9709987983520256,testB1,libero_spatial_t09_ep009_s0024_approach,libero_spatial,9,0.890625,0.890625
0.9834798177083334,libero_spatial_t9_ep9,,,0.9409482905377385,0.7204793792914198,approach,B3_cos_dist,0.9708178358892195,testB1,libero_spatial_t09_ep009_s0024_approach,libero_spatial,9,0.890625,0.890625
0.9754231770833334,libero_spatial_t9_ep9,,,0.8962724667493625,0.8636823063832414,approach,B4_linear_stats,0.9655527580682078,testB1,libero_spatial_t09_ep009_s0024_approach,libero_spatial,9,0.875,0.875
0.937744140625,libero_spatial_t9_ep9,0.17695497643071922,0.2569835020415283,0.8589190362106736,0.7525355267851054,pre_grasp,U_hat_mlp,0.8778253032730602,testB1,libero_spatial_t09_ep009_s0048_pre_grasp,libero_spatial,9,0.78125,0.78125
0.5213216145833334,libero_spatial_t9_ep9,,,0.5215958848491905,0.06980334027192567,pre_grasp,B0_random,0.078330281528954,testB1,libero_spatial_t09_ep009_s0048_pre_grasp,libero_spatial,9,0.25,0.25
0.339111328125,libero_spatial_t9_ep9,,,0.429632575980845,-0.3534093902274102,pre_grasp,B0x_token_index,-0.3737761787594415,testB1,libero_spatial_t09_ep009_s0048_pre_grasp,libero_spatial,9,0.125,0.125
0.912353515625,libero_spatial_t9_ep9,,,0.8654971912263542,0.7387485893721828,pre_grasp,B1_pred_norm_neg,0.66606703479057,testB1,libero_spatial_t09_ep009_s0048_pre_grasp,libero_spatial,9,0.6875,0.6875
0.9618326822916666,libero_spatial_t9_ep9,,,0.8837804708274329,0.8141886206371435,pre_grasp,B2_change_norm,0.9411907759212634,testB1,libero_spatial_t09_ep009_s0048_pre_grasp,libero_spatial,9,0.828125,0.828125
0.9619954427083334,libero_spatial_t9_ep9,,,0.8867514207305054,0.729115361819713,pre_grasp,B3_cos_dist,0.9414260986495766,testB1,libero_spatial_t09_ep009_s0048_pre_grasp,libero_spatial,9,0.828125,0.828125
0.96923828125,libero_spatial_t9_ep9,,,0.9215482930444392,0.8678912065023048,pre_grasp,B4_linear_stats,0.9527959773403525,testB1,libero_spatial_t09_ep009_s0048_pre_grasp,libero_spatial,9,0.859375,0.859375
0.9310709635416666,libero_spatial_t9_ep9,0.13461401362778178,0.1863163840366923,0.9152953733309526,0.8113754850635642,manipulation,U_hat_mlp,0.8726517795834287,testB1,libero_spatial_t09_ep009_s0072_manipulation,libero_spatial,9,0.796875,0.796875
0.5074869791666666,libero_spatial_t9_ep9,,,0.6131500987492337,0.01701719991985563,manipulation,B0_random,0.04450102998397803,testB1,libero_spatial_t09_ep009_s0072_manipulation,libero_spatial,9,0.28125,0.28125
0.2958170572916667,libero_spatial_t9_ep9,,,0.574084436934991,-0.36326495126792857,manipulation,B0x_token_index,-0.3790455481803616,testB1,libero_spatial_t09_ep009_s0072_manipulation,libero_spatial,9,0.140625,0.140625
0.9100748697916666,libero_spatial_t9_ep9,,,0.8877185702926027,0.6942251523934067,manipulation,B1_pred_norm_neg,0.6437914854657817,testB1,libero_spatial_t09_ep009_s0072_manipulation,libero_spatial,9,0.703125,0.703125
0.9576009114583334,libero_spatial_t9_ep9,,,0.8952308621657911,0.7310012031531175,manipulation,B2_change_norm,0.9393174925612269,testB1,libero_spatial_t09_ep009_s0072_manipulation,libero_spatial,9,0.828125,0.828125
0.9584147135416666,libero_spatial_t9_ep9,,,0.8988429446850629,0.6014082962692795,manipulation,B3_cos_dist,0.9396050297550927,testB1,libero_spatial_t09_ep009_s0072_manipulation,libero_spatial,9,0.828125,0.828125
0.9138997395833334,libero_spatial_t9_ep9,,,0.9169797023840687,0.8508133643378927,manipulation,B4_linear_stats,0.889254549095903,testB1,libero_spatial_t09_ep009_s0072_manipulation,libero_spatial,9,0.78125,0.78125
0.9288736979166666,libero_goal_t8_ep0,0.12681396421448765,0.1633037177736926,0.9306911635400263,0.81844928031938,approach,U_hat_mlp,0.8286192492561227,testC,libero_goal_t08_ep000_s0016_approach,libero_goal,8,0.71875,0.71875
0.5408528645833334,libero_goal_t8_ep0,,,0.6779406677349011,0.060599441865414105,approach,B0_random,0.038861867704280156,testC,libero_goal_t08_ep000_s0016_approach,libero_goal,8,0.3125,0.3125
0.41650390625,libero_goal_t8_ep0,,,0.6704910289501378,-0.14742478615692306,approach,B0x_token_index,-0.2037344071869993,testC,libero_goal_t08_ep000_s0016_approach,libero_goal,8,0.265625,0.265625
0.7488606770833334,libero_goal_t8_ep0,,,0.8244721176357264,0.5045796990880194,approach,B1_pred_norm_neg,0.46223249027237356,testC,libero_goal_t08_ep000_s0016_approach,libero_goal,8,0.53125,0.53125
0.9070638020833334,libero_goal_t8_ep0,,,0.860562891723394,0.6528123606095587,approach,B2_change_norm,0.8760550183108263,testC,libero_goal_t08_ep000_s0016_approach,libero_goal,8,0.671875,0.671875
0.9075520833333334,libero_goal_t8_ep0,,,0.8627136869911468,0.5425993974480193,approach,B3_cos_dist,0.8759570267795834,testC,libero_goal_t08_ep000_s0016_approach,libero_goal,8,0.671875,0.671875
0.902099609375,libero_goal_t8_ep0,,,0.8872009778304518,0.7884890413071642,approach,B4_linear_stats,0.8619435225452049,testC,libero_goal_t08_ep000_s0016_approach,libero_goal,8,0.6875,0.6875
0.96728515625,libero_goal_t8_ep0,0.140738866422262,0.18801291198530393,0.9211659293823639,0.818813375517113,pre_grasp,U_hat_mlp,0.8429725051499198,testC,libero_goal_t08_ep000_s0032_pre_grasp,libero_goal,8,0.828125,0.828125
0.491455078125,libero_goal_t8_ep0,,,0.6014520946241912,-0.031333140466328985,pre_grasp,B0_random,-0.015039911879148547,testC,libero_goal_t08_ep000_s0032_pre_grasp,libero_goal,8,0.265625,0.265625
0.425537109375,libero_goal_t8_ep0,,,0.5649394624258994,-0.12986812746781484,pre_grasp,B0x_token_index,-0.12330124170290685,testC,libero_goal_t08_ep000_s0032_pre_grasp,libero_goal,8,0.1875,0.1875
0.8697102864583334,libero_goal_t8_ep0,,,0.8599969540084432,0.6554901263767021,pre_grasp,B1_pred_norm_neg,0.5329280155642023,testC,libero_goal_t08_ep000_s0032_pre_grasp,libero_goal,8,0.65625,0.65625
0.9651692708333334,libero_goal_t8_ep0,,,0.8987581974870636,0.8053465299524125,pre_grasp,B2_change_norm,0.9239077878233005,testC,libero_goal_t08_ep000_s0032_pre_grasp,libero_goal,8,0.84375,0.84375
0.9654947916666666,libero_goal_t8_ep0,,,0.899636968158141,0.716909575171774,pre_grasp,B3_cos_dist,0.9239063572899977,testC,libero_goal_t08_ep000_s0032_pre_grasp,libero_goal,8,0.84375,0.84375
0.9680989583333334,libero_goal_t8_ep0,,,0.9070333815941535,0.8702660882943305,pre_grasp,B4_linear_stats,0.9194953078507667,testC,libero_goal_t08_ep000_s0032_pre_grasp,libero_goal,8,0.84375,0.84375
0.9774576822916666,libero_goal_t8_ep0,0.13417790219419154,0.18026182676788427,0.9341756153191543,0.8380431687975755,manipulation,U_hat_mlp,0.859596017395285,testC,libero_goal_t08_ep000_s0056_manipulation,libero_goal,8,0.875,0.875
0.525634765625,libero_goal_t8_ep0,,,0.605479352764877,0.036774767693341814,manipulation,B0_random,0.057395857175555044,testC,libero_goal_t08_ep000_s0056_manipulation,libero_goal,8,0.359375,0.359375
0.441650390625,libero_goal_t8_ep0,,,0.5841634427916533,-0.11604817451039653,manipulation,B0x_token_index,-0.10268725680933852,testC,libero_goal_t08_ep000_s0056_manipulation,libero_goal,8,0.21875,0.21875
0.83984375,libero_goal_t8_ep0,,,0.858483046035123,0.6404293479701966,manipulation,B1_pred_norm_neg,0.5137209601739529,testC,libero_goal_t08_ep000_s0056_manipulation,libero_goal,8,0.671875,0.671875
0.9506022135416666,libero_goal_t8_ep0,,,0.8763082698525921,0.7893881230064481,manipulation,B2_change_norm,0.9386758983749142,testC,libero_goal_t08_ep000_s0056_manipulation,libero_goal,8,0.765625,0.765625
0.9508463541666666,libero_goal_t8_ep0,,,0.8802358256606232,0.6955882197591997,manipulation,B3_cos_dist,0.9391415369649806,testC,libero_goal_t08_ep000_s0056_manipulation,libero_goal,8,0.765625,0.765625
0.9539388020833334,libero_goal_t8_ep0,,,0.9012994802878663,0.853089080962021,manipulation,B4_linear_stats,0.9433215552758069,testC,libero_goal_t08_ep000_s0056_manipulation,libero_goal,8,0.78125,0.78125
0.9529622395833334,libero_goal_t8_ep1,0.13618835187808123,0.169833146871017,0.9459984114078236,0.8220514066309629,approach,U_hat_mlp,0.820871480888075,testC,libero_goal_t08_ep001_s0016_approach,libero_goal,8,0.78125,0.78125
0.47998046875,libero_goal_t8_ep1,,,0.592065137319501,-0.08344468164470338,approach,B0_random,-0.06034919317921721,testC,libero_goal_t08_ep001_s0016_approach,libero_goal,8,0.203125,0.203125
0.4189453125,libero_goal_t8_ep1,,,0.6884281124583391,-0.07963681486342454,approach,B0x_token_index,-0.11972490844586862,testC,libero_goal_t08_ep001_s0016_approach,libero_goal,8,0.25,0.25
0.7406412760416666,libero_goal_t8_ep1,,,0.8285844381823904,0.4589609818468584,approach,B1_pred_norm_neg,0.3679038395513848,testC,libero_goal_t08_ep001_s0016_approach,libero_goal,8,0.53125,0.53125
0.8893229166666666,libero_goal_t8_ep1,,,0.8269869464747863,0.6079900912836868,approach,B2_change_norm,0.8232347219043259,testC,libero_goal_t08_ep001_s0016_approach,libero_goal,8,0.609375,0.609375
0.889404296875,libero_goal_t8_ep1,,,0.8272224890802656,0.508748915979189,approach,B3_cos_dist,0.8226889734493019,testC,libero_goal_t08_ep001_s0016_approach,libero_goal,8,0.609375,0.609375
0.890380859375,libero_goal_t8_ep1,,,0.8552760909735754,0.7269648619099399,approach,B4_linear_stats,0.8067828736552987,testC,libero_goal_t08_ep001_s0016_approach,libero_goal,8,0.59375,0.59375
0.9589029947916666,libero_goal_t8_ep1,0.13917452920370965,0.18485748307352703,0.9411240729831387,0.829494623833003,pre_grasp,U_hat_mlp,0.8595316433966583,testC,libero_goal_t08_ep001_s0032_pre_grasp,libero_goal,8,0.796875,0.796875
0.4515787760416667,libero_goal_t8_ep1,,,0.6020402771910823,-0.06519532529703048,pre_grasp,B0_random,-0.05942864499885557,testC,libero_goal_t08_ep001_s0032_pre_grasp,libero_goal,8,0.234375,0.234375
0.51025390625,libero_goal_t8_ep1,,,0.6024709480462723,-0.05243994651222476,pre_grasp,B0x_token_index,-0.1103949702449073,testC,libero_goal_t08_ep001_s0032_pre_grasp,libero_goal,8,0.25,0.25
0.8251953125,libero_goal_t8_ep1,,,0.8537564226188077,0.580080732223853,pre_grasp,B1_pred_norm_neg,0.49576347562371254,testC,libero_goal_t08_ep001_s0032_pre_grasp,libero_goal,8,0.640625,0.640625
0.9173177083333334,libero_goal_t8_ep1,,,0.8554232959802963,0.7403291295897751,pre_grasp,B2_change_norm,0.924407043945983,testC,libero_goal_t08_ep001_s0032_pre_grasp,libero_goal,8,0.640625,0.640625
0.9175618489583334,libero_goal_t8_ep1,,,0.8563499716104083,0.6378367188514528,pre_grasp,B3_cos_dist,0.9245307850766766,testC,libero_goal_t08_ep001_s0032_pre_grasp,libero_goal,8,0.640625,0.640625
0.923828125,libero_goal_t8_ep1,,,0.900817195289645,0.8265747134262698,pre_grasp,B4_linear_stats,0.9292029068436714,testC,libero_goal_t08_ep001_s0032_pre_grasp,libero_goal,8,0.640625,0.640625
0.9580078125,libero_goal_t8_ep1,0.11794132756961298,0.15774209433797245,0.9526068299024049,0.8649406640598204,manipulation,U_hat_mlp,0.874577277409018,testC,libero_goal_t08_ep001_s0056_manipulation,libero_goal,8,0.8125,0.8125
0.5297037760416666,libero_goal_t8_ep1,,,0.5710235412719319,0.04864768101907338,manipulation,B0_random,0.06502775234607462,testC,libero_goal_t08_ep001_s0056_manipulation,libero_goal,8,0.203125,0.203125
0.4138997395833333,libero_goal_t8_ep1,,,0.6037797694443662,-0.15379686950858049,manipulation,B0x_token_index,-0.1628554875257496,testC,libero_goal_t08_ep001_s0056_manipulation,libero_goal,8,0.21875,0.21875
0.864990234375,libero_goal_t8_ep1,,,0.8862265591313961,0.6630684984060511,manipulation,B1_pred_norm_neg,0.545771343556878,testC,libero_goal_t08_ep001_s0056_manipulation,libero_goal,8,0.71875,0.71875
0.966796875,libero_goal_t8_ep1,,,0.9314409774871281,0.8274352731102823,manipulation,B2_change_norm,0.9343270771343557,testC,libero_goal_t08_ep001_s0056_manipulation,libero_goal,8,0.859375,0.859375
0.9674479166666666,libero_goal_t8_ep1,,,0.9317525819434267,0.6896390166602309,manipulation,B3_cos_dist,0.9342054818036164,testC,libero_goal_t08_ep001_s0056_manipulation,libero_goal,8,0.875,0.875
0.9712727864583334,libero_goal_t8_ep1,,,0.9235038712275965,0.8981147834445631,manipulation,B4_linear_stats,0.9372603856717784,testC,libero_goal_t08_ep001_s0056_manipulation,libero_goal,8,0.890625,0.890625
0.96337890625,libero_goal_t8_ep2,0.1435927725819035,0.18972677481777495,0.915257998687375,0.8170542164892115,approach,U_hat_mlp,0.8447234779125659,testC,libero_goal_t08_ep002_s0016_approach,libero_goal,8,0.828125,0.828125
0.560546875,libero_goal_t8_ep2,,,0.6272963871642679,0.07091937420664611,approach,B0_random,0.027004177157244222,testC,libero_goal_t08_ep002_s0016_approach,libero_goal,8,0.296875,0.296875
0.3681640625,libero_goal_t8_ep2,,,0.5550191044045953,-0.22904827677127332,approach,B0x_token_index,-0.25331812199588005,testC,libero_goal_t08_ep002_s0016_approach,libero_goal,8,0.234375,0.234375
0.8392740885416666,libero_goal_t8_ep2,,,0.8349366289351624,0.6368179367628557,approach,B1_pred_norm_neg,0.5630178530556191,testC,libero_goal_t08_ep002_s0016_approach,libero_goal,8,0.671875,0.671875
0.94580078125,libero_goal_t8_ep2,,,0.8654588548067259,0.7703623203090499,approach,B2_change_norm,0.9184352826733806,testC,libero_goal_t08_ep002_s0016_approach,libero_goal,8,0.75,0.75
0.9461263020833334,libero_goal_t8_ep2,,,0.8656050482852835,0.6801196345404369,approach,B3_cos_dist,0.9184624628061341,testC,libero_goal_t08_ep002_s0016_approach,libero_goal,8,0.75,0.75
0.953857421875,libero_goal_t8_ep2,,,0.8633863947666127,0.8339525957333128,approach,B4_linear_stats,0.9149783989471275,testC,libero_goal_t08_ep002_s0016_approach,libero_goal,8,0.734375,0.734375
0.9345703125,libero_goal_t8_ep2,0.12807373641417563,0.16781952738046305,0.9472126412637404,0.8383256854679207,pre_grasp,U_hat_mlp,0.8588149462119478,testC,libero_goal_t08_ep002_s0032_pre_grasp,libero_goal,8,0.734375,0.734375
0.4674479166666667,libero_goal_t8_ep2,,,0.6048472809371004,-0.06165702917205554,pre_grasp,B0_random,-0.06081769283588922,testC,libero_goal_t08_ep002_s0032_pre_grasp,libero_goal,8,0.203125,0.203125
0.4640299479166667,libero_goal_t8_ep2,,,0.6304272179721954,-0.050136049499275595,pre_grasp,B0x_token_index,-0.09144398031586175,testC,libero_goal_t08_ep002_s0032_pre_grasp,libero_goal,8,0.234375,0.234375
0.79296875,libero_goal_t8_ep2,,,0.836883467209207,0.5129128178000308,pre_grasp,B1_pred_norm_neg,0.4826898317692836,testC,libero_goal_t08_ep002_s0032_pre_grasp,libero_goal,8,0.59375,0.59375
0.9249674479166666,libero_goal_t8_ep2,,,0.8686474963738741,0.6960461309226393,pre_grasp,B2_change_norm,0.915625,testC,libero_goal_t08_ep002_s0032_pre_grasp,libero_goal,8,0.734375,0.734375
0.9256184895833334,libero_goal_t8_ep2,,,0.8705691067722112,0.5855978425954271,pre_grasp,B3_cos_dist,0.9163338292515449,testC,libero_goal_t08_ep002_s0032_pre_grasp,libero_goal,8,0.734375,0.734375
0.9296875,libero_goal_t8_ep2,,,0.8841336337720509,0.8130335002667437,pre_grasp,B4_linear_stats,0.9195181963836118,testC,libero_goal_t08_ep002_s0032_pre_grasp,libero_goal,8,0.703125,0.703125
0.9671223958333334,libero_goal_t8_ep2,0.15031309096019874,0.20756271630526768,0.9127594367281064,0.8333223615512647,manipulation,U_hat_mlp,0.8782995250629435,testC,libero_goal_t08_ep002_s0056_manipulation,libero_goal,8,0.84375,0.84375
0.5099283854166666,libero_goal_t8_ep2,,,0.5990795581249976,0.030562923060995062,manipulation,B0_random,0.05047422178988327,testC,libero_goal_t08_ep002_s0056_manipulation,libero_goal,8,0.25,0.25
0.3558756510416667,libero_goal_t8_ep2,,,0.517729672948072,-0.21303672631556955,manipulation,B0x_token_index,-0.20316934653238727,testC,libero_goal_t08_ep002_s0056_manipulation,libero_goal,8,0.140625,0.140625
0.9129231770833334,libero_goal_t8_ep2,,,0.8758966106589997,0.6857982557068717,manipulation,B1_pred_norm_neg,0.5725895513847562,testC,libero_goal_t08_ep002_s0056_manipulation,libero_goal,8,0.78125,0.78125
0.9827473958333334,libero_goal_t8_ep2,,,0.9325348803708121,0.8766330778870043,manipulation,B2_change_norm,0.957202735179675,testC,libero_goal_t08_ep002_s0056_manipulation,libero_goal,8,0.875,0.875
0.9830729166666666,libero_goal_t8_ep2,,,0.9323771609850866,0.7904800046825385,manipulation,B3_cos_dist,0.9574173151750973,testC,libero_goal_t08_ep002_s0056_manipulation,libero_goal,8,0.875,0.875
0.9852701822916666,libero_goal_t8_ep2,,,0.9310821971252408,0.9096733694420701,manipulation,B4_linear_stats,0.9557407301441978,testC,libero_goal_t08_ep002_s0056_manipulation,libero_goal,8,0.890625,0.890625
0.9287109375,libero_goal_t8_ep3,0.1266719381040315,0.16403952638965835,0.9352713546857422,0.8015920533659386,approach,U_hat_mlp,0.8461375600823987,testC,libero_goal_t08_ep003_s0016_approach,libero_goal,8,0.78125,0.78125
0.53564453125,libero_goal_t8_ep3,,,0.6267059999618934,0.045466096706743404,approach,B0_random,0.037685969329365986,testC,libero_goal_t08_ep003_s0016_approach,libero_goal,8,0.296875,0.296875
0.4068196614583333,libero_goal_t8_ep3,,,0.6136459369561957,-0.2032070738646256,approach,B0x_token_index,-0.22212248226138703,testC,libero_goal_t08_ep003_s0016_approach,libero_goal,8,0.203125,0.203125
0.7689615885416666,libero_goal_t8_ep3,,,0.8390634358886057,0.5484221828624138,approach,B1_pred_norm_neg,0.46701261730373084,testC,libero_goal_t08_ep003_s0016_approach,libero_goal,8,0.578125,0.578125
0.912841796875,libero_goal_t8_ep3,,,0.8491518356242391,0.6745207988399743,approach,B2_change_norm,0.9036807621881437,testC,libero_goal_t08_ep003_s0016_approach,libero_goal,8,0.6875,0.6875
0.9129231770833334,libero_goal_t8_ep3,,,0.8490511285454201,0.5766389662568856,approach,B3_cos_dist,0.9036399919890135,testC,libero_goal_t08_ep003_s0016_approach,libero_goal,8,0.6875,0.6875
0.9114583333333334,libero_goal_t8_ep3,,,0.8837742672834416,0.7957270253451926,approach,B4_linear_stats,0.8865150778210117,testC,libero_goal_t08_ep003_s0016_approach,libero_goal,8,0.703125,0.703125
0.9540201822916666,libero_goal_t8_ep3,0.13048189215633524,0.18447873259402978,0.9249078127692685,0.7861136067473071,pre_grasp,U_hat_mlp,0.8356224250400549,testC,libero_goal_t08_ep003_s0032_pre_grasp,libero_goal,8,0.8125,0.8125
0.48583984375,libero_goal_t8_ep3,,,0.5613202652599438,-0.05562352814879586,pre_grasp,B0_random,-0.030796520943007555,testC,libero_goal_t08_ep003_s0032_pre_grasp,libero_goal,8,0.234375,0.234375
0.4957682291666667,libero_goal_t8_ep3,,,0.5728560416795377,-0.02698578430621499,pre_grasp,B0x_token_index,-0.0434224078736553,testC,libero_goal_t08_ep003_s0032_pre_grasp,libero_goal,8,0.21875,0.21875
0.873779296875,libero_goal_t8_ep3,,,0.870060420572596,0.6786871224704173,pre_grasp,B1_pred_norm_neg,0.5613441290913253,testC,libero_goal_t08_ep003_s0032_pre_grasp,libero_goal,8,0.71875,0.71875
0.9357096354166666,libero_goal_t8_ep3,,,0.9096072000668494,0.7658936122036226,pre_grasp,B2_change_norm,0.9159575989929045,testC,libero_goal_t08_ep003_s0032_pre_grasp,libero_goal,8,0.765625,0.765625
0.9361165364583334,libero_goal_t8_ep3,,,0.910269711044146,0.706404160843361,pre_grasp,B3_cos_dist,0.916105659189746,testC,libero_goal_t08_ep003_s0032_pre_grasp,libero_goal,8,0.765625,0.765625
0.9440104166666666,libero_goal_t8_ep3,,,0.9027340013258918,0.7989946097132867,pre_grasp,B4_linear_stats,0.9224751087205311,testC,libero_goal_t08_ep003_s0032_pre_grasp,libero_goal,8,0.78125,0.78125
0.9342447916666666,libero_goal_t8_ep3,0.14269753006965608,0.1936239957971778,0.9056484024929065,0.7592780921650495,manipulation,U_hat_mlp,0.8085445754177157,testC,libero_goal_t08_ep003_s0048_manipulation,libero_goal,8,0.78125,0.78125
0.4922688802083333,libero_goal_t8_ep3,,,0.6648384922412999,0.028631695839210856,manipulation,B0_random,0.04772759784847791,testC,libero_goal_t08_ep003_s0048_manipulation,libero_goal,8,0.25,0.25
0.4571126302083333,libero_goal_t8_ep3,,,0.6575630049340463,-0.026462995349587945,manipulation,B0x_token_index,-0.0460610265506981,testC,libero_goal_t08_ep003_s0048_manipulation,libero_goal,8,0.21875,0.21875
0.8052571614583334,libero_goal_t8_ep3,,,0.8217016207326326,0.502580602600055,manipulation,B1_pred_norm_neg,0.43181291485465784,testC,libero_goal_t08_ep003_s0048_manipulation,libero_goal,8,0.609375,0.609375
0.9453125,libero_goal_t8_ep3,,,0.8939939282309198,0.7490580053131196,manipulation,B2_change_norm,0.9209723334859236,testC,libero_goal_t08_ep003_s0048_manipulation,libero_goal,8,0.75,0.75
0.9453125,libero_goal_t8_ep3,,,0.8934269577832502,0.6589410798884269,manipulation,B3_cos_dist,0.9210281242847334,testC,libero_goal_t08_ep003_s0048_manipulation,libero_goal,8,0.75,0.75
0.9401041666666666,libero_goal_t8_ep3,,,0.8763670503295616,0.8067424534779869,manipulation,B4_linear_stats,0.9135328450446326,testC,libero_goal_t08_ep003_s0048_manipulation,libero_goal,8,0.734375,0.734375
0.9278971354166666,libero_goal_t8_ep4,0.13374057216239543,0.17957124479595551,0.9115488415495592,0.7857887650783535,approach,U_hat_mlp,0.8285026607919432,testC,libero_goal_t08_ep004_s0016_approach,libero_goal,8,0.765625,0.765625
0.4845377604166667,libero_goal_t8_ep4,,,0.6802563908022116,0.04215809836194511,approach,B0_random,0.007921578164339665,testC,libero_goal_t08_ep004_s0016_approach,libero_goal,8,0.265625,0.265625
0.454833984375,libero_goal_t8_ep4,,,0.6454086989442764,-0.12348648715915649,approach,B0x_token_index,-0.15845302128633554,testC,libero_goal_t08_ep004_s0016_approach,libero_goal,8,0.28125,0.28125
0.7674153645833334,libero_goal_t8_ep4,,,0.8171314734664245,0.5331416978196762,approach,B1_pred_norm_neg,0.485912108033875,testC,libero_goal_t08_ep004_s0016_approach,libero_goal,8,0.546875,0.546875
0.8988444010416666,libero_goal_t8_ep4,,,0.8344085440638154,0.6134079374056242,approach,B2_change_norm,0.8631265735866331,testC,libero_goal_t08_ep004_s0016_approach,libero_goal,8,0.625,0.625
0.8992513020833334,libero_goal_t8_ep4,,,0.8345312103148466,0.5034431397274873,approach,B3_cos_dist,0.86279468986038,testC,libero_goal_t08_ep004_s0016_approach,libero_goal,8,0.625,0.625
0.90869140625,libero_goal_t8_ep4,,,0.8524412450643277,0.7220344847858031,approach,B4_linear_stats,0.833101110093843,testC,libero_goal_t08_ep004_s0016_approach,libero_goal,8,0.671875,0.671875
0.9571940104166666,libero_goal_t8_ep4,0.12247920726954505,0.16666193113557368,0.9324793521348381,0.8088917583051863,pre_grasp,U_hat_mlp,0.841581311512932,testC,libero_goal_t08_ep004_s0032_pre_grasp,libero_goal,8,0.78125,0.78125
0.55322265625,libero_goal_t8_ep4,,,0.6264178896091044,0.025328944870876342,pre_grasp,B0_random,0.008784189745937285,testC,libero_goal_t08_ep004_s0032_pre_grasp,libero_goal,8,0.296875,0.296875
0.5004069010416666,libero_goal_t8_ep4,,,0.6251425120854966,-0.02046566925255918,pre_grasp,B0x_token_index,-0.05058294232089723,testC,libero_goal_t08_ep004_s0032_pre_grasp,libero_goal,8,0.234375,0.234375
0.8453776041666666,libero_goal_t8_ep4,,,0.8415982575694301,0.5552802402892507,pre_grasp,B1_pred_norm_neg,0.4739728770885786,testC,libero_goal_t08_ep004_s0032_pre_grasp,libero_goal,8,0.65625,0.65625
0.91650390625,libero_goal_t8_ep4,,,0.8323378799169672,0.6397986075686803,pre_grasp,B2_change_norm,0.8914246681162737,testC,libero_goal_t08_ep004_s0032_pre_grasp,libero_goal,8,0.71875,0.71875
0.917236328125,libero_goal_t8_ep4,,,0.8325829667539789,0.525134078554091,pre_grasp,B3_cos_dist,0.8918667029068437,testC,libero_goal_t08_ep004_s0032_pre_grasp,libero_goal,8,0.71875,0.71875
0.9305826822916666,libero_goal_t8_ep4,,,0.8769651324540715,0.7751392872984761,pre_grasp,B4_linear_stats,0.904244392309453,testC,libero_goal_t08_ep004_s0032_pre_grasp,libero_goal,8,0.71875,0.71875
0.940673828125,libero_goal_t8_ep4,0.13295702201617682,0.1826005433123395,0.9314712396983227,0.8283546516925941,manipulation,U_hat_mlp,0.8678151464866102,testC,libero_goal_t08_ep004_s0056_manipulation,libero_goal,8,0.765625,0.765625
0.47802734375,libero_goal_t8_ep4,,,0.5577334489241326,-0.06578637720194619,manipulation,B0_random,-0.07499499313344014,testC,libero_goal_t08_ep004_s0056_manipulation,libero_goal,8,0.234375,0.234375
0.38720703125,libero_goal_t8_ep4,,,0.581462895455615,-0.17948617583602183,manipulation,B0x_token_index,-0.19114642938887616,testC,libero_goal_t08_ep004_s0056_manipulation,libero_goal,8,0.171875,0.171875
0.8644205729166666,libero_goal_t8_ep4,,,0.8646920241835422,0.6431113198235028,manipulation,B1_pred_norm_neg,0.537461375600824,testC,libero_goal_t08_ep004_s0056_manipulation,libero_goal,8,0.671875,0.671875
0.9607747395833334,libero_goal_t8_ep4,,,0.894365231727424,0.7550575377074213,manipulation,B2_change_norm,0.9372253376058595,testC,libero_goal_t08_ep004_s0056_manipulation,libero_goal,8,0.828125,0.828125
0.961181640625,libero_goal_t8_ep4,,,0.8971186508292277,0.5869675008918419,manipulation,B3_cos_dist,0.93744921606775,testC,libero_goal_t08_ep004_s0056_manipulation,libero_goal,8,0.84375,0.84375
0.9628092447916666,libero_goal_t8_ep4,,,0.8989641224931574,0.872899894815809,manipulation,B4_linear_stats,0.9373691062027923,testC,libero_goal_t08_ep004_s0056_manipulation,libero_goal,8,0.796875,0.796875
0.938232421875,libero_goal_t8_ep5,0.12660560966525594,0.16333611943397672,0.9408994724197054,0.8321886417131469,approach,U_hat_mlp,0.8319738498512246,testC,libero_goal_t08_ep005_s0016_approach,libero_goal,8,0.71875,0.71875
0.496826171875,libero_goal_t8_ep5,,,0.6217233899686865,-0.0198880912235048,approach,B0_random,-0.01977640764476997,testC,libero_goal_t08_ep005_s0016_approach,libero_goal,8,0.296875,0.296875
0.4300944010416667,libero_goal_t8_ep5,,,0.6416500558752601,-0.1504476814842006,approach,B0x_token_index,-0.21388976310368504,testC,libero_goal_t08_ep005_s0016_approach,libero_goal,8,0.28125,0.28125
0.7803548177083334,libero_goal_t8_ep5,,,0.8212460735122379,0.5186827596120369,approach,B1_pred_norm_neg,0.4791800183108263,testC,libero_goal_t08_ep005_s0016_approach,libero_goal,8,0.578125,0.578125
0.9207356770833334,libero_goal_t8_ep5,,,0.8658547709207863,0.6771579124599181,approach,B2_change_norm,0.8775613698786908,testC,libero_goal_t08_ep005_s0016_approach,libero_goal,8,0.6875,0.6875
0.9208984375,libero_goal_t8_ep5,,,0.8659580372862427,0.581771897957851,approach,B3_cos_dist,0.8776522087434195,testC,libero_goal_t08_ep005_s0016_approach,libero_goal,8,0.6875,0.6875
0.9073893229166666,libero_goal_t8_ep5,,,0.8713673219706523,0.7666766963517098,approach,B4_linear_stats,0.8569295033188372,testC,libero_goal_t08_ep005_s0016_approach,libero_goal,8,0.6875,0.6875
0.9569498697916666,libero_goal_t8_ep5,0.13798052856892856,0.17518346518565234,0.9443787270663553,0.8486953531298133,pre_grasp,U_hat_mlp,0.8715781643396658,testC,libero_goal_t08_ep005_s0032_pre_grasp,libero_goal,8,0.796875,0.796875
0.4908854166666667,libero_goal_t8_ep5,,,0.5828094992011231,-0.05074464164282291,pre_grasp,B0_random,0.014101482032501717,testC,libero_goal_t08_ep005_s0032_pre_grasp,libero_goal,8,0.25,0.25
0.44189453125,libero_goal_t8_ep5,,,0.5779730735999472,-0.1557109959392107,pre_grasp,B0x_token_index,-0.17123054474708171,testC,libero_goal_t08_ep005_s0032_pre_grasp,libero_goal,8,0.203125,0.203125
0.8003743489583334,libero_goal_t8_ep5,,,0.8659353781380663,0.6051988261989772,pre_grasp,B1_pred_norm_neg,0.5020170519569696,testC,libero_goal_t08_ep005_s0032_pre_grasp,libero_goal,8,0.578125,0.578125
0.9378255208333334,libero_goal_t8_ep5,,,0.88112011423324,0.7716215231889554,pre_grasp,B2_change_norm,0.9339894712748913,testC,libero_goal_t08_ep005_s0032_pre_grasp,libero_goal,8,0.71875,0.71875
0.9383138020833334,libero_goal_t8_ep5,,,0.8806939994023334,0.6728065057461654,pre_grasp,B3_cos_dist,0.934103198672465,testC,libero_goal_t08_ep005_s0032_pre_grasp,libero_goal,8,0.71875,0.71875
0.93798828125,libero_goal_t8_ep5,,,0.9070497001767137,0.8482445034393533,pre_grasp,B4_linear_stats,0.9315296692607004,testC,libero_goal_t08_ep005_s0032_pre_grasp,libero_goal,8,0.703125,0.703125
0.9493815104166666,libero_goal_t8_ep5,0.1406577904330055,0.19384152343432617,0.9206956033831292,0.818708431421321,manipulation,U_hat_mlp,0.8519555390249485,testC,libero_goal_t08_ep005_s0056_manipulation,libero_goal,8,0.765625,0.765625
0.489990234375,libero_goal_t8_ep5,,,0.5822577180358256,-0.035187422464729924,manipulation,B0_random,-0.07263962005035478,testC,libero_goal_t08_ep005_s0056_manipulation,libero_goal,8,0.203125,0.203125
0.38134765625,libero_goal_t8_ep5,,,0.5773931266497143,-0.11404149978082939,manipulation,B0x_token_index,-0.12887746051728083,testC,libero_goal_t08_ep005_s0056_manipulation,libero_goal,8,0.171875,0.171875
0.8607584635416666,libero_goal_t8_ep5,,,0.8586340278430801,0.6282091862949245,manipulation,B1_pred_norm_neg,0.5191977569237812,testC,libero_goal_t08_ep005_s0056_manipulation,libero_goal,8,0.703125,0.703125
0.9710286458333334,libero_goal_t8_ep5,,,0.9208499804298239,0.8452052974505748,manipulation,B2_change_norm,0.9516529812314031,testC,libero_goal_t08_ep005_s0056_manipulation,libero_goal,8,0.84375,0.84375
0.9715983072916666,libero_goal_t8_ep5,,,0.921070707997194,0.7668267900308475,manipulation,B3_cos_dist,0.9520292114900435,testC,libero_goal_t08_ep005_s0056_manipulation,libero_goal,8,0.84375,0.84375
0.9754231770833334,libero_goal_t8_ep5,,,0.9164920334862356,0.8861571016143782,manipulation,B4_linear_stats,0.9510450045777066,testC,libero_goal_t08_ep005_s0056_manipulation,libero_goal,8,0.828125,0.828125
0.9388834635416666,libero_goal_t8_ep6,0.14030984800992474,0.18459028046995263,0.9193606632335213,0.7876250711337596,approach,U_hat_mlp,0.799593013275349,testC,libero_goal_t08_ep006_s0016_approach,libero_goal,8,0.75,0.75
0.435546875,libero_goal_t8_ep6,,,0.5941651412643955,-0.0721604799250231,approach,B0_random,-0.04370136186770428,testC,libero_goal_t08_ep006_s0016_approach,libero_goal,8,0.21875,0.21875
0.3802897135416667,libero_goal_t8_ep6,,,0.6043879796615698,-0.20961962045566485,approach,B0x_token_index,-0.23711375600823986,testC,libero_goal_t08_ep006_s0016_approach,libero_goal,8,0.203125,0.203125
0.8180338541666666,libero_goal_t8_ep6,,,0.8548387809195673,0.5883393317235279,approach,B1_pred_norm_neg,0.4507460231174182,testC,libero_goal_t08_ep006_s0016_approach,libero_goal,8,0.609375,0.609375
0.9419759114583334,libero_goal_t8_ep6,,,0.888478658804408,0.6877477074909489,approach,B2_change_norm,0.8498819810025178,testC,libero_goal_t08_ep006_s0016_approach,libero_goal,8,0.75,0.75
0.9423828125,libero_goal_t8_ep6,,,0.8889153166678893,0.591440587735378,approach,B3_cos_dist,0.8492110608834974,testC,libero_goal_t08_ep006_s0016_approach,libero_goal,8,0.75,0.75
0.917724609375,libero_goal_t8_ep6,,,0.8897042724403412,0.7604592316864042,approach,B4_linear_stats,0.8090445468070496,testC,libero_goal_t08_ep006_s0016_approach,libero_goal,8,0.734375,0.734375
0.95458984375,libero_goal_t8_ep6,0.13934971235289487,0.18495777089918278,0.9461410212711555,0.8092592414024626,pre_grasp,U_hat_mlp,0.8048523689631495,testC,libero_goal_t08_ep006_s0032_pre_grasp,libero_goal,8,0.828125,0.828125
0.46533203125,libero_goal_t8_ep6,,,0.5844802612577132,-0.020480700501371747,pre_grasp,B0_random,-0.043167772945754176,testC,libero_goal_t08_ep006_s0032_pre_grasp,libero_goal,8,0.203125,0.203125
0.4310709635416667,libero_goal_t8_ep6,,,0.6168658002919221,-0.059566310311411186,pre_grasp,B0x_token_index,-0.07537766079194323,testC,libero_goal_t08_ep006_s0032_pre_grasp,libero_goal,8,0.203125,0.203125
0.8182779947916666,libero_goal_t8_ep6,,,0.8589097344145207,0.5878617087388724,pre_grasp,B1_pred_norm_neg,0.47191863126573586,testC,libero_goal_t08_ep006_s0032_pre_grasp,libero_goal,8,0.625,0.625
0.9407552083333334,libero_goal_t8_ep6,,,0.8759181322666676,0.755334424047446,pre_grasp,B2_change_norm,0.9153403238727398,testC,libero_goal_t08_ep006_s0032_pre_grasp,libero_goal,8,0.734375,0.734375
0.94091796875,libero_goal_t8_ep6,,,0.8759475923826047,0.6754521916211983,pre_grasp,B3_cos_dist,0.9154089894712749,testC,libero_goal_t08_ep006_s0032_pre_grasp,libero_goal,8,0.734375,0.734375
0.9439290364583334,libero_goal_t8_ep6,,,0.9038541162716544,0.8030757578329406,pre_grasp,B4_linear_stats,0.9121602483405814,testC,libero_goal_t08_ep006_s0032_pre_grasp,libero_goal,8,0.734375,0.734375
0.9591471354166666,libero_goal_t8_ep6,0.13313751089415893,0.1885495034143274,0.8857345735607927,0.7787161570807484,manipulation,U_hat_mlp,0.8603341725795377,testC,libero_goal_t08_ep006_s0056_manipulation,libero_goal,8,0.796875,0.796875
0.4832356770833333,libero_goal_t8_ep6,,,0.6121030806147613,0.027955624795319774,manipulation,B0_random,0.0076798180361638815,testC,libero_goal_t08_ep006_s0056_manipulation,libero_goal,8,0.265625,0.265625
0.3739420572916667,libero_goal_t8_ep6,,,0.5190410224915345,-0.15901350437814438,manipulation,B0x_token_index,-0.19114356832227053,testC,libero_goal_t08_ep006_s0056_manipulation,libero_goal,8,0.140625,0.140625
0.9051106770833334,libero_goal_t8_ep6,,,0.839537940161223,0.6465953926057234,manipulation,B1_pred_norm_neg,0.6118548294804304,testC,libero_goal_t08_ep006_s0056_manipulation,libero_goal,8,0.71875,0.71875
0.961669921875,libero_goal_t8_ep6,,,0.8738948538300418,0.7601645806803395,manipulation,B2_change_norm,0.9049889848935683,testC,libero_goal_t08_ep006_s0056_manipulation,libero_goal,8,0.828125,0.828125
0.961669921875,libero_goal_t8_ep6,,,0.8738155167344321,0.6658368822619534,manipulation,B3_cos_dist,0.9050934138246738,testC,libero_goal_t08_ep006_s0056_manipulation,libero_goal,8,0.828125,0.828125
0.952392578125,libero_goal_t8_ep6,,,0.874631351176933,0.806661020730122,manipulation,B4_linear_stats,0.9057292858777752,testC,libero_goal_t08_ep006_s0056_manipulation,libero_goal,8,0.8125,0.8125
0.9668782552083334,libero_goal_t8_ep7,0.11693645650614704,0.15212594851347816,0.9382443483051727,0.8482661333409957,approach,U_hat_mlp,0.8672822728313115,testC,libero_goal_t08_ep007_s0024_approach,libero_goal,8,0.8125,0.8125
0.4479166666666667,libero_goal_t8_ep7,,,0.6198017801602691,-0.07583289901423973,approach,B0_random,-0.10425082970931564,testC,libero_goal_t08_ep007_s0024_approach,libero_goal,8,0.203125,0.203125
0.3990885416666667,libero_goal_t8_ep7,,,0.6031993086338641,-0.19069971478116632,approach,B0x_token_index,-0.20687514305333027,testC,libero_goal_t08_ep007_s0024_approach,libero_goal,8,0.1875,0.1875
0.8583170572916666,libero_goal_t8_ep7,,,0.8685207831285104,0.6370466835954919,approach,B1_pred_norm_neg,0.6115444037537194,testC,libero_goal_t08_ep007_s0024_approach,libero_goal,8,0.671875,0.671875
0.9413248697916666,libero_goal_t8_ep7,,,0.873567943950267,0.7380019419604634,approach,B2_change_norm,0.8999284733348593,testC,libero_goal_t08_ep007_s0024_approach,libero_goal,8,0.75,0.75
0.941650390625,libero_goal_t8_ep7,,,0.8738535434901489,0.6381327942081986,approach,B3_cos_dist,0.9001888303959716,testC,libero_goal_t08_ep007_s0024_approach,libero_goal,8,0.75,0.75
0.9361979166666666,libero_goal_t8_ep7,,,0.9024441263516493,0.8314711193615649,approach,B4_linear_stats,0.9007324330510414,testC,libero_goal_t08_ep007_s0024_approach,libero_goal,8,0.71875,0.71875
0.9484049479166666,libero_goal_t8_ep7,0.13714712481171473,0.18490641962896337,0.9347135880940961,0.7976931230226031,pre_grasp,U_hat_mlp,0.8237654497596704,testC,libero_goal_t08_ep007_s0040_pre_grasp,libero_goal,8,0.78125,0.78125
0.44287109375,libero_goal_t8_ep7,,,0.5660301728111139,-0.1399930119849728,pre_grasp,B0_random,-0.061249713893339434,testC,libero_goal_t08_ep007_s0040_pre_grasp,libero_goal,8,0.21875,0.21875
0.4957682291666667,libero_goal_t8_ep7,,,0.6076988634106204,-0.026831099324610325,pre_grasp,B0x_token_index,-0.02967641336690318,testC,libero_goal_t08_ep007_s0040_pre_grasp,libero_goal,8,0.234375,0.234375
0.8673502604166666,libero_goal_t8_ep7,,,0.8490098129672103,0.6164404132182707,pre_grasp,B1_pred_norm_neg,0.5707935168230717,testC,libero_goal_t08_ep007_s0040_pre_grasp,libero_goal,8,0.703125,0.703125
0.9286295572916666,libero_goal_t8_ep7,,,0.9087599693949994,0.824872415104309,pre_grasp,B2_change_norm,0.9372711146715496,testC,libero_goal_t08_ep007_s0040_pre_grasp,libero_goal,8,0.703125,0.703125
0.92919921875,libero_goal_t8_ep7,,,0.9070634833492978,0.7608796600548379,pre_grasp,B3_cos_dist,0.9372425040054932,testC,libero_goal_t08_ep007_s0040_pre_grasp,libero_goal,8,0.703125,0.703125
0.93896484375,libero_goal_t8_ep7,,,0.8817785719460346,0.8213840734148623,pre_grasp,B4_linear_stats,0.9381837949187457,testC,libero_goal_t08_ep007_s0040_pre_grasp,libero_goal,8,0.734375,0.734375
0.9658203125,libero_goal_t8_ep7,0.12379764597930759,0.1698415634446338,0.9506454030722967,0.8549326851738414,manipulation,U_hat_mlp,0.8653367475394828,testC,libero_goal_t08_ep007_s0056_manipulation,libero_goal,8,0.828125,0.828125
0.5496419270833334,libero_goal_t8_ep7,,,0.5956854102330716,0.02630123477149042,manipulation,B0_random,0.014894712748912796,testC,libero_goal_t08_ep007_s0056_manipulation,libero_goal,8,0.234375,0.234375
0.3907063802083333,libero_goal_t8_ep7,,,0.6053569966923696,-0.1320245115615042,manipulation,B0x_token_index,-0.12177128633554589,testC,libero_goal_t08_ep007_s0056_manipulation,libero_goal,8,0.203125,0.203125
0.8614095052083334,libero_goal_t8_ep7,,,0.8902165417694164,0.6541638535191191,manipulation,B1_pred_norm_neg,0.5286886301213092,testC,libero_goal_t08_ep007_s0056_manipulation,libero_goal,8,0.703125,0.703125
0.9525553385416666,libero_goal_t8_ep7,,,0.8993596985305297,0.7799392528109368,manipulation,B2_change_norm,0.9289060711833371,testC,libero_goal_t08_ep007_s0056_manipulation,libero_goal,8,0.8125,0.8125
0.952880859375,libero_goal_t8_ep7,,,0.8981355816636437,0.669584240869256,manipulation,B3_cos_dist,0.9293230716411078,testC,libero_goal_t08_ep007_s0056_manipulation,libero_goal,8,0.796875,0.796875
0.9568684895833334,libero_goal_t8_ep7,,,0.9207900328000044,0.8692816135148825,manipulation,B4_linear_stats,0.9376716639963378,testC,libero_goal_t08_ep007_s0056_manipulation,libero_goal,8,0.8125,0.8125
0.9493001302083334,libero_goal_t8_ep8,0.13648541983915274,0.1823241391341121,0.9049953521959652,0.7710236154056668,approach,U_hat_mlp,0.8228062771801328,testC,libero_goal_t08_ep008_s0016_approach,libero_goal,8,0.78125,0.78125
0.5225423177083334,libero_goal_t8_ep8,,,0.5997611741612113,0.024637924245342738,approach,B0_random,0.037212462806134126,testC,libero_goal_t08_ep008_s0016_approach,libero_goal,8,0.28125,0.28125
0.4150390625,libero_goal_t8_ep8,,,0.611416339373284,-0.18787479996985962,approach,B0x_token_index,-0.20946512359807737,testC,libero_goal_t08_ep008_s0016_approach,libero_goal,8,0.234375,0.234375
0.76318359375,libero_goal_t8_ep8,,,0.8283775368674146,0.5317006809944727,approach,B1_pred_norm_neg,0.40746166170748455,testC,libero_goal_t08_ep008_s0016_approach,libero_goal,8,0.578125,0.578125
0.9286295572916666,libero_goal_t8_ep8,,,0.850571211997379,0.6609574520138448,approach,B2_change_norm,0.8532830739299611,testC,libero_goal_t08_ep008_s0016_approach,libero_goal,8,0.71875,0.71875
0.9287923177083334,libero_goal_t8_ep8,,,0.8513587649481414,0.5625064026232739,approach,B3_cos_dist,0.8528167200732433,testC,libero_goal_t08_ep008_s0016_approach,libero_goal,8,0.71875,0.71875
0.8768717447916666,libero_goal_t8_ep8,,,0.8687336482484719,0.7553132261273235,approach,B4_linear_stats,0.8037050812542916,testC,libero_goal_t08_ep008_s0016_approach,libero_goal,8,0.625,0.625
0.9384765625,libero_goal_t8_ep8,0.12494588039481345,0.17361957274157702,0.9378404045905491,0.8179467625195749,pre_grasp,U_hat_mlp,0.8562914854657816,testC,libero_goal_t08_ep008_s0032_pre_grasp,libero_goal,8,0.78125,0.78125
0.4876302083333333,libero_goal_t8_ep8,,,0.5869489020313057,-0.026827999167441396,pre_grasp,B0_random,-0.03774462119478141,testC,libero_goal_t08_ep008_s0032_pre_grasp,libero_goal,8,0.25,0.25
0.4873046875,libero_goal_t8_ep8,,,0.6159253261419222,-0.00981966170793499,pre_grasp,B0x_token_index,-0.0416449702449073,testC,libero_goal_t08_ep008_s0032_pre_grasp,libero_goal,8,0.265625,0.265625
0.7776692708333334,libero_goal_t8_ep8,,,0.8307186492725688,0.5425677478376011,pre_grasp,B1_pred_norm_neg,0.49387231059739073,testC,libero_goal_t08_ep008_s0032_pre_grasp,libero_goal,8,0.546875,0.546875
0.949462890625,libero_goal_t8_ep8,,,0.8363650082106551,0.7120369155944558,pre_grasp,B2_change_norm,0.9233262760357062,testC,libero_goal_t08_ep008_s0032_pre_grasp,libero_goal,8,0.734375,0.734375
0.949462890625,libero_goal_t8_ep8,,,0.8373671856996152,0.5903792870837546,pre_grasp,B3_cos_dist,0.9233784905012589,testC,libero_goal_t08_ep008_s0032_pre_grasp,libero_goal,8,0.734375,0.734375
0.9510091145833334,libero_goal_t8_ep8,,,0.8741211235622042,0.816656451426263,pre_grasp,B4_linear_stats,0.9241545548180362,testC,libero_goal_t08_ep008_s0032_pre_grasp,libero_goal,8,0.71875,0.71875
0.9502766927083334,libero_goal_t8_ep8,0.12737657375322267,0.17680839516206306,0.8980218310369249,0.8155584168802558,manipulation,U_hat_mlp,0.8818393797207599,testC,libero_goal_t08_ep008_s0056_manipulation,libero_goal,8,0.734375,0.734375
0.456298828125,libero_goal_t8_ep8,,,0.586854605322304,-0.0031992374250918287,manipulation,B0_random,0.013512817578393226,testC,libero_goal_t08_ep008_s0056_manipulation,libero_goal,8,0.234375,0.234375
0.3710123697916667,libero_goal_t8_ep8,,,0.5288705902584023,-0.1340345086961915,manipulation,B0x_token_index,-0.1708743419546807,testC,libero_goal_t08_ep008_s0056_manipulation,libero_goal,8,0.15625,0.15625
0.8857421875,libero_goal_t8_ep8,,,0.8313912687843166,0.6241285900532453,manipulation,B1_pred_norm_neg,0.5749113069352254,testC,libero_goal_t08_ep008_s0056_manipulation,libero_goal,8,0.75,0.75
0.9693196614583334,libero_goal_t8_ep8,,,0.9170567146610537,0.8192393882678463,manipulation,B2_change_norm,0.9452391851682307,testC,libero_goal_t08_ep008_s0056_manipulation,libero_goal,8,0.84375,0.84375
0.9698893229166666,libero_goal_t8_ep8,,,0.918641185679728,0.7252911043473924,manipulation,B3_cos_dist,0.9454058422980087,testC,libero_goal_t08_ep008_s0056_manipulation,libero_goal,8,0.84375,0.84375
0.9723307291666666,libero_goal_t8_ep8,,,0.8732788791998124,0.8416076611374801,manipulation,B4_linear_stats,0.9415677214465553,testC,libero_goal_t08_ep008_s0056_manipulation,libero_goal,8,0.875,0.875
0.9459635416666666,libero_goal_t8_ep9,0.12935158576327627,0.16798000535580052,0.9282939467219848,0.8152528865629568,approach,U_hat_mlp,0.8147366388189518,testC,libero_goal_t08_ep009_s0016_approach,libero_goal,8,0.75,0.75
0.4449055989583333,libero_goal_t8_ep9,,,0.685288119740155,0.02702782206209942,approach,B0_random,-0.006127689402609293,testC,libero_goal_t08_ep009_s0016_approach,libero_goal,8,0.171875,0.171875
0.3705240885416667,libero_goal_t8_ep9,,,0.6557756221026875,-0.1840636657133859,approach,B0x_token_index,-0.23690418287937742,testC,libero_goal_t08_ep009_s0016_approach,libero_goal,8,0.25,0.25
0.7506510416666666,libero_goal_t8_ep9,,,0.812838365803025,0.489533084182263,approach,B1_pred_norm_neg,0.46691820210574503,testC,libero_goal_t08_ep009_s0016_approach,libero_goal,8,0.546875,0.546875
0.9205729166666666,libero_goal_t8_ep9,,,0.8415954703289131,0.6401464772335216,approach,B2_change_norm,0.8596646829938202,testC,libero_goal_t08_ep009_s0016_approach,libero_goal,8,0.6875,0.6875
0.9202473958333334,libero_goal_t8_ep9,,,0.8416514014243667,0.530442286186447,approach,B3_cos_dist,0.8590824559395742,testC,libero_goal_t08_ep009_s0016_approach,libero_goal,8,0.6875,0.6875
0.9254557291666666,libero_goal_t8_ep9,,,0.8830872766924187,0.7833657334959847,approach,B4_linear_stats,0.8510922121766995,testC,libero_goal_t08_ep009_s0016_approach,libero_goal,8,0.703125,0.703125
0.9314778645833334,libero_goal_t8_ep9,0.12073384042884056,0.17202742415013372,0.9169859273785846,0.7978096170819975,pre_grasp,U_hat_mlp,0.8360608834973678,testC,libero_goal_t08_ep009_s0032_pre_grasp,libero_goal,8,0.75,0.75
0.540771484375,libero_goal_t8_ep9,,,0.6316593367073141,0.08074773535878588,pre_grasp,B0_random,0.06834515907530327,testC,libero_goal_t08_ep009_s0032_pre_grasp,libero_goal,8,0.28125,0.28125
0.44287109375,libero_goal_t8_ep9,,,0.5997511068846938,-0.07627101833081618,pre_grasp,B0x_token_index,-0.11251430533302816,testC,libero_goal_t08_ep009_s0032_pre_grasp,libero_goal,8,0.21875,0.21875
0.8448079427083334,libero_goal_t8_ep9,,,0.8598029159755918,0.5871812610869442,pre_grasp,B1_pred_norm_neg,0.5511301213092241,testC,libero_goal_t08_ep009_s0032_pre_grasp,libero_goal,8,0.640625,0.640625
0.9345703125,libero_goal_t8_ep9,,,0.8618807784150948,0.7165949605653331,pre_grasp,B2_change_norm,0.9119463836118105,testC,libero_goal_t08_ep009_s0032_pre_grasp,libero_goal,8,0.734375,0.734375
0.934814453125,libero_goal_t8_ep9,,,0.8619170012821205,0.6195457804970865,pre_grasp,B3_cos_dist,0.9120880064087892,testC,libero_goal_t08_ep009_s0032_pre_grasp,libero_goal,8,0.734375,0.734375
0.9471842447916666,libero_goal_t8_ep9,,,0.9112056219504461,0.8213997142765551,pre_grasp,B4_linear_stats,0.9215939002059967,testC,libero_goal_t08_ep009_s0032_pre_grasp,libero_goal,8,0.734375,0.734375
0.956787109375,libero_goal_t8_ep9,0.12828167847770472,0.17709359151537624,0.9405623842202544,0.8389375787978707,manipulation,U_hat_mlp,0.8519698443579766,testC,libero_goal_t08_ep009_s0056_manipulation,libero_goal,8,0.8125,0.8125
0.46484375,libero_goal_t8_ep9,,,0.563482061648392,-0.12980102162325746,manipulation,B0_random,-0.13316619935912108,testC,libero_goal_t08_ep009_s0056_manipulation,libero_goal,8,0.1875,0.1875
0.3850911458333333,libero_goal_t8_ep9,,,0.6344450640612332,-0.08865455505716784,manipulation,B0x_token_index,-0.09276078622110323,testC,libero_goal_t08_ep009_s0056_manipulation,libero_goal,8,0.1875,0.1875
0.832763671875,libero_goal_t8_ep9,,,0.8481005996585966,0.5878773993694688,manipulation,B1_pred_norm_neg,0.47724593728542003,testC,libero_goal_t08_ep009_s0056_manipulation,libero_goal,8,0.65625,0.65625
0.956298828125,libero_goal_t8_ep9,,,0.8945530804703659,0.78212839937779,manipulation,B2_change_norm,0.93510671778439,testC,libero_goal_t08_ep009_s0056_manipulation,libero_goal,8,0.78125,0.78125
0.9562174479166666,libero_goal_t8_ep9,,,0.8944611203118181,0.6732424133082134,manipulation,B3_cos_dist,0.9353105687800412,testC,libero_goal_t08_ep009_s0056_manipulation,libero_goal,8,0.78125,0.78125
0.9581705729166666,libero_goal_t8_ep9,,,0.8949793785885248,0.8542360060654606,manipulation,B4_linear_stats,0.9344379434653238,testC,libero_goal_t08_ep009_s0056_manipulation,libero_goal,8,0.796875,0.796875
0.9864095052083334,libero_object_t0_ep0,0.09898431049403221,0.13650091464704786,0.9455682063562724,0.9010666861451889,approach,U_hat_mlp,0.9514376859693293,testC,libero_object_t00_ep000_s0024_approach,libero_object,0,0.921875,0.921875
0.5165201822916666,libero_object_t0_ep0,,,0.5855558886323158,0.004303602657757022,approach,B0_random,0.013911221103227282,testC,libero_object_t00_ep000_s0024_approach,libero_object,0,0.265625,0.265625
0.2743326822916667,libero_object_t0_ep0,,,0.6052956447430252,-0.34063701596764395,approach,B0x_token_index,-0.31069967383840696,testC,libero_object_t00_ep000_s0024_approach,libero_object,0,0.15625,0.15625
0.880859375,libero_object_t0_ep0,,,0.8970935684266932,0.6864101003377603,approach,B1_pred_norm_neg,0.5303344586861982,testC,libero_object_t00_ep000_s0024_approach,libero_object,0,0.71875,0.71875
0.9817708333333334,libero_object_t0_ep0,,,0.9219722853591135,0.7689019132109657,approach,B2_change_norm,0.9592290856031128,testC,libero_object_t00_ep000_s0024_approach,libero_object,0,0.859375,0.859375
0.9818522135416666,libero_object_t0_ep0,,,0.9246701785575928,0.630471078429904,approach,B3_cos_dist,0.9593635557335775,testC,libero_object_t00_ep000_s0024_approach,libero_object,0,0.859375,0.859375
0.9798177083333334,libero_object_t0_ep0,,,0.9382668845258825,0.8922507501032232,approach,B4_linear_stats,0.9581733520256351,testC,libero_object_t00_ep000_s0024_approach,libero_object,0,0.859375,0.859375
0.9735514322916666,libero_object_t0_ep0,0.10657628976942868,0.16085302566082813,0.9490172459591277,0.8380290851668272,pre_grasp,U_hat_mlp,0.9530141336690318,testC,libero_object_t00_ep000_s0040_pre_grasp,libero_object,0,0.875,0.875
0.48681640625,libero_object_t0_ep0,,,0.529615589161541,0.03845647416638594,pre_grasp,B0_random,-0.03773889906157015,testC,libero_object_t00_ep000_s0040_pre_grasp,libero_object,0,0.25,0.25
0.22102864583333334,libero_object_t0_ep0,,,0.45466129503470515,-0.3671318705361803,pre_grasp,B0x_token_index,-0.3579251544975967,testC,libero_object_t00_ep000_s0040_pre_grasp,libero_object,0,0.0625,0.0625
0.9180501302083334,libero_object_t0_ep0,,,0.8729334055289169,0.7748029647742992,pre_grasp,B1_pred_norm_neg,0.620260643167773,testC,libero_object_t00_ep000_s0040_pre_grasp,libero_object,0,0.796875,0.796875
0.9739583333333334,libero_object_t0_ep0,,,0.9349426931303131,0.8088499922475928,pre_grasp,B2_change_norm,0.9509606031128405,testC,libero_object_t00_ep000_s0040_pre_grasp,libero_object,0,0.90625,0.90625
0.9746907552083334,libero_object_t0_ep0,,,0.9353375592730161,0.6945120667025845,pre_grasp,B3_cos_dist,0.9512860494392309,testC,libero_object_t00_ep000_s0040_pre_grasp,libero_object,0,0.90625,0.90625
0.9800618489583334,libero_object_t0_ep0,,,0.8855251773186947,0.861680037739565,pre_grasp,B4_linear_stats,0.9603749427786679,testC,libero_object_t00_ep000_s0040_pre_grasp,libero_object,0,0.9375,0.9375
0.9795735677083334,libero_object_t0_ep0,0.10308218476290655,0.16205413597971532,0.9059028892293552,0.8274993492393938,manipulation,U_hat_mlp,0.955618419546807,testC,libero_object_t00_ep000_s0056_manipulation,libero_object,0,0.875,0.875
0.5555013020833334,libero_object_t0_ep0,,,0.5356541699844964,0.067230977720978,manipulation,B0_random,0.11046578164339665,testC,libero_object_t00_ep000_s0056_manipulation,libero_object,0,0.3125,0.3125
0.2548828125,libero_object_t0_ep0,,,0.46435589625460894,-0.33339048359146284,manipulation,B0x_token_index,-0.3144584000915541,testC,libero_object_t00_ep000_s0056_manipulation,libero_object,0,0.09375,0.09375
0.900634765625,libero_object_t0_ep0,,,0.8491774538475515,0.7184728896434696,manipulation,B1_pred_norm_neg,0.6488455596246281,testC,libero_object_t00_ep000_s0056_manipulation,libero_object,0,0.71875,0.71875
0.9560546875,libero_object_t0_ep0,,,0.837193462817363,0.712913814836157,manipulation,B2_change_norm,0.9246588178072785,testC,libero_object_t00_ep000_s0056_manipulation,libero_object,0,0.859375,0.859375
0.9562174479166666,libero_object_t0_ep0,,,0.8372563205690257,0.5832657527378261,manipulation,B3_cos_dist,0.9250293259327077,testC,libero_object_t00_ep000_s0056_manipulation,libero_object,0,0.859375,0.859375
0.9518229166666666,libero_object_t0_ep0,,,0.8633808043186797,0.8126242329675603,manipulation,B4_linear_stats,0.9169081883726253,testC,libero_object_t00_ep000_s0056_manipulation,libero_object,0,0.90625,0.90625
0.9763997395833334,libero_object_t0_ep1,0.08860331678084596,0.13120667056812557,0.934377733745266,0.9124884518091978,approach,U_hat_mlp,0.9515907530327306,testC,libero_object_t00_ep001_s0024_approach,libero_object,0,0.875,0.875
0.43701171875,libero_object_t0_ep1,,,0.6230111919726499,-0.03387303527173415,approach,B0_random,0.005995365072098879,testC,libero_object_t00_ep001_s0024_approach,libero_object,0,0.21875,0.21875
0.264404296875,libero_object_t0_ep1,,,0.6302531653196223,-0.3497333890408755,approach,B0x_token_index,-0.32611867704280156,testC,libero_object_t00_ep001_s0024_approach,libero_object,0,0.140625,0.140625
0.8536783854166666,libero_object_t0_ep1,,,0.8806870576157181,0.6421619394076205,approach,B1_pred_norm_neg,0.4984271286335546,testC,libero_object_t00_ep001_s0024_approach,libero_object,0,0.640625,0.640625
0.9778645833333334,libero_object_t0_ep1,,,0.9101972573484851,0.7360557928065372,approach,B2_change_norm,0.9674296177615015,testC,libero_object_t00_ep001_s0024_approach,libero_object,0,0.84375,0.84375
0.9776204427083334,libero_object_t0_ep1,,,0.9102500109569094,0.5614029199557734,approach,B3_cos_dist,0.9672171835660334,testC,libero_object_t00_ep001_s0024_approach,libero_object,0,0.84375,0.84375
0.9800618489583334,libero_object_t0_ep1,,,0.9456092816927666,0.9243581666646877,approach,B4_linear_stats,0.9674818322270542,testC,libero_object_t00_ep001_s0024_approach,libero_object,0,0.828125,0.828125
0.9784342447916666,libero_object_t0_ep1,0.09611316790246276,0.14067518610163132,0.9174213934028707,0.8956642985108125,pre_grasp,U_hat_mlp,0.962612296864271,testC,libero_object_t00_ep001_s0048_pre_grasp,libero_object,0,0.875,0.875
0.483154296875,libero_object_t0_ep1,,,0.6131135762625974,0.04553286501991684,pre_grasp,B0_random,0.07338921950102999,testC,libero_object_t00_ep001_s0048_pre_grasp,libero_object,0,0.25,0.25
0.22526041666666666,libero_object_t0_ep1,,,0.5221070094128877,-0.3503183990108893,pre_grasp,B0x_token_index,-0.3477948329137102,testC,libero_object_t00_ep001_s0048_pre_grasp,libero_object,0,0.0625,0.0625
0.9033203125,libero_object_t0_ep1,,,0.9151283668698647,0.7482833810546656,pre_grasp,B1_pred_norm_neg,0.5922994392309453,testC,libero_object_t00_ep001_s0048_pre_grasp,libero_object,0,0.75,0.75
0.98291015625,libero_object_t0_ep1,,,0.9332701464953935,0.9329812726353778,pre_grasp,B2_change_norm,0.9738183794918746,testC,libero_object_t00_ep001_s0048_pre_grasp,libero_object,0,0.890625,0.890625
0.9830729166666666,libero_object_t0_ep1,,,0.9333525673728785,0.8774047452615981,pre_grasp,B3_cos_dist,0.9737232490272374,testC,libero_object_t00_ep001_s0048_pre_grasp,libero_object,0,0.890625,0.890625
0.9864908854166666,libero_object_t0_ep1,,,0.9736545694115534,0.9454788932317122,pre_grasp,B4_linear_stats,0.9770170519569695,testC,libero_object_t00_ep001_s0048_pre_grasp,libero_object,0,0.921875,0.921875
0.978759765625,libero_object_t0_ep1,0.09855940741170857,0.14493324535428043,0.938275027630895,0.8441513496765547,manipulation,U_hat_mlp,0.9478341725795376,testC,libero_object_t00_ep001_s0064_manipulation,libero_object,0,0.875,0.875
0.5469563802083334,libero_object_t0_ep1,,,0.5664314195572975,0.02760965665804084,manipulation,B0_random,0.02104958228427558,testC,libero_object_t00_ep001_s0064_manipulation,libero_object,0,0.3125,0.3125
0.2589518229166667,libero_object_t0_ep1,,,0.479251034116568,-0.3625488722519069,manipulation,B0x_token_index,-0.3455009727626459,testC,libero_object_t00_ep001_s0064_manipulation,libero_object,0,0.109375,0.109375
0.8964029947916666,libero_object_t0_ep1,,,0.9186779846259177,0.8085045010424107,manipulation,B1_pred_norm_neg,0.657001029983978,testC,libero_object_t00_ep001_s0064_manipulation,libero_object,0,0.71875,0.71875
0.9589029947916666,libero_object_t0_ep1,,,0.8614657438581965,0.7026645590212559,manipulation,B2_change_norm,0.9222133211261159,testC,libero_object_t00_ep001_s0064_manipulation,libero_object,0,0.828125,0.828125
0.9590657552083334,libero_object_t0_ep1,,,0.8623016479322068,0.589527948706432,manipulation,B3_cos_dist,0.9225516422522316,testC,libero_object_t00_ep001_s0064_manipulation,libero_object,0,0.828125,0.828125
0.9606119791666666,libero_object_t0_ep1,,,0.8871966385963396,0.7877207600590405,manipulation,B4_linear_stats,0.917662079423209,testC,libero_object_t00_ep001_s0064_manipulation,libero_object,0,0.859375,0.859375
0.9801432291666666,libero_object_t0_ep2,0.08745639004874493,0.12217079573738739,0.9745741033897573,0.8992969035976432,approach,U_hat_mlp,0.9554982547493706,testC,libero_object_t00_ep002_s0024_approach,libero_object,0,0.875,0.875
0.49365234375,libero_object_t0_ep2,,,0.604882515703121,0.022008159385374645,approach,B0_random,0.026489900434882124,testC,libero_object_t00_ep002_s0024_approach,libero_object,0,0.21875,0.21875
0.2974446614583333,libero_object_t0_ep2,,,0.5911599142481969,-0.3370151812098338,approach,B0x_token_index,-0.35050283245593955,testC,libero_object_t00_ep002_s0024_approach,libero_object,0,0.140625,0.140625
0.866455078125,libero_object_t0_ep2,,,0.8753800685638069,0.642436181423526,approach,B1_pred_norm_neg,0.5201411936369879,testC,libero_object_t00_ep002_s0024_approach,libero_object,0,0.65625,0.65625
0.970458984375,libero_object_t0_ep2,,,0.9259360333034454,0.7301838873821993,approach,B2_change_norm,0.9617396715495536,testC,libero_object_t00_ep002_s0024_approach,libero_object,0,0.859375,0.859375
0.9705403645833334,libero_object_t0_ep2,,,0.9266107059025724,0.5812245311956425,approach,B3_cos_dist,0.961775434882124,testC,libero_object_t00_ep002_s0024_approach,libero_object,0,0.859375,0.859375
0.9730631510416666,libero_object_t0_ep2,,,0.9124561513485898,0.8627198828739204,approach,B4_linear_stats,0.9592469672693981,testC,libero_object_t00_ep002_s0024_approach,libero_object,0,0.84375,0.84375
0.98046875,libero_object_t0_ep2,0.09895273742869506,0.1373994662449242,0.931021533249307,0.8802281024381774,pre_grasp,U_hat_mlp,0.9563186655985352,testC,libero_object_t00_ep002_s0048_pre_grasp,libero_object,0,0.859375,0.859375
0.444580078125,libero_object_t0_ep2,,,0.5273906189077554,-0.035144044369434975,pre_grasp,B0_random,-0.06775363355458915,testC,libero_object_t00_ep002_s0048_pre_grasp,libero_object,0,0.21875,0.21875
0.2555338541666667,libero_object_t0_ep2,,,0.5123647776215159,-0.3335805942398969,pre_grasp,B0x_token_index,-0.34057063973449303,testC,libero_object_t00_ep002_s0048_pre_grasp,libero_object,0,0.09375,0.09375
0.8907877604166666,libero_object_t0_ep2,,,0.8920023546704998,0.7402152126680169,pre_grasp,B1_pred_norm_neg,0.6342877374685283,testC,libero_object_t00_ep002_s0048_pre_grasp,libero_object,0,0.734375,0.734375
0.9649251302083334,libero_object_t0_ep2,,,0.8986911479956747,0.8047232853373472,pre_grasp,B2_change_norm,0.9519140535591668,testC,libero_object_t00_ep002_s0048_pre_grasp,libero_object,0,0.859375,0.859375
0.9650065104166666,libero_object_t0_ep2,,,0.8943636900926791,0.6675552305186229,pre_grasp,B3_cos_dist,0.9519727054245822,testC,libero_object_t00_ep002_s0048_pre_grasp,libero_object,0,0.859375,0.859375
0.9765625,libero_object_t0_ep2,,,0.9258205621459197,0.8988474391202546,pre_grasp,B4_linear_stats,0.961315518425269,testC,libero_object_t00_ep002_s0048_pre_grasp,libero_object,0,0.859375,0.859375
0.9646809895833334,libero_object_t0_ep2,0.11827878596633168,0.15790240736931738,0.9139110283416207,0.8795973896881351,manipulation,U_hat_mlp,0.9429188601510643,testC,libero_object_t00_ep002_s0064_manipulation,libero_object,0,0.8125,0.8125
0.421875,libero_object_t0_ep2,,,0.5164710451856418,-0.09630694088928513,manipulation,B0_random,-0.08770957312886243,testC,libero_object_t00_ep002_s0064_manipulation,libero_object,0,0.140625,0.140625
0.3190104166666667,libero_object_t0_ep2,,,0.5757958150222108,-0.2796123660834658,manipulation,B0x_token_index,-0.27424467841611355,testC,libero_object_t00_ep002_s0064_manipulation,libero_object,0,0.140625,0.140625
0.8720703125,libero_object_t0_ep2,,,0.8731949064585142,0.678150709467643,manipulation,B1_pred_norm_neg,0.5480215724422065,testC,libero_object_t00_ep002_s0064_manipulation,libero_object,0,0.65625,0.65625
0.9380696614583334,libero_object_t0_ep2,,,0.8482728606538341,0.6625561146940894,manipulation,B2_change_norm,0.9353592069123369,testC,libero_object_t00_ep002_s0064_manipulation,libero_object,0,0.78125,0.78125
0.938232421875,libero_object_t0_ep2,,,0.8487128459569393,0.5210872314817176,manipulation,B3_cos_dist,0.9353148603799496,testC,libero_object_t00_ep002_s0064_manipulation,libero_object,0,0.78125,0.78125
0.9423014322916666,libero_object_t0_ep2,,,0.9016235224676796,0.8566793263805432,manipulation,B4_linear_stats,0.9401765278095674,testC,libero_object_t00_ep002_s0064_manipulation,libero_object,0,0.796875,0.796875
0.976318359375,libero_object_t0_ep3,0.10101581212650085,0.15158769433867053,0.9222463931960904,0.8904956585021654,approach,U_hat_mlp,0.947661078049897,testC,libero_object_t00_ep003_s0024_approach,libero_object,0,0.90625,0.90625
0.57763671875,libero_object_t0_ep3,,,0.5625673188504614,0.04676211452755785,approach,B0_random,0.053880321583886476,testC,libero_object_t00_ep003_s0024_approach,libero_object,0,0.28125,0.28125
0.221923828125,libero_object_t0_ep3,,,0.5568520520713074,-0.39498356797241974,approach,B0x_token_index,-0.3627446211947814,testC,libero_object_t00_ep003_s0024_approach,libero_object,0,0.109375,0.109375
0.8938802083333334,libero_object_t0_ep3,,,0.8749535315153896,0.7025639557049534,approach,B1_pred_norm_neg,0.5602605001144426,testC,libero_object_t00_ep003_s0024_approach,libero_object,0,0.75,0.75
0.9747721354166666,libero_object_t0_ep3,,,0.9028636116423786,0.7468115639590033,approach,B2_change_norm,0.9694087605859465,testC,libero_object_t00_ep003_s0024_approach,libero_object,0,0.890625,0.890625
0.9749348958333334,libero_object_t0_ep3,,,0.902861012183506,0.5699954387021832,approach,B3_cos_dist,0.9693715667200733,testC,libero_object_t00_ep003_s0024_approach,libero_object,0,0.890625,0.890625
0.966796875,libero_object_t0_ep3,,,0.9322975517118144,0.9007332923596582,approach,B4_linear_stats,0.9593149176012817,testC,libero_object_t00_ep003_s0024_approach,libero_object,0,0.875,0.875
0.967041015625,libero_object_t0_ep3,0.10872065590849897,0.1679288229248496,0.8931196511977234,0.8444964063363903,pre_grasp,U_hat_mlp,0.9476746681162738,testC,libero_object_t00_ep003_s0048_pre_grasp,libero_object,0,0.875,0.875
0.4576009114583333,libero_object_t0_ep3,,,0.5169697671141892,-0.0318755179452423,pre_grasp,B0_random,-0.01982433051041428,testC,libero_object_t00_ep003_s0048_pre_grasp,libero_object,0,0.203125,0.203125
0.228515625,libero_object_t0_ep3,,,0.47461875894909433,-0.4154497782500415,pre_grasp,B0x_token_index,-0.4102476253147173,testC,libero_object_t00_ep003_s0048_pre_grasp,libero_object,0,0.078125,0.078125
0.9046223958333334,libero_object_t0_ep3,,,0.9054352117301945,0.765814874457411,pre_grasp,B1_pred_norm_neg,0.6365300984206912,testC,libero_object_t00_ep003_s0048_pre_grasp,libero_object,0,0.734375,0.734375
0.97265625,libero_object_t0_ep3,,,0.8989850719856107,0.8594220401261708,pre_grasp,B2_change_norm,0.954093471046006,testC,libero_object_t00_ep003_s0048_pre_grasp,libero_object,0,0.859375,0.859375
0.9732259114583334,libero_object_t0_ep3,,,0.8993313810979899,0.8196404926681236,pre_grasp,B3_cos_dist,0.9545669775692378,testC,libero_object_t00_ep003_s0048_pre_grasp,libero_object,0,0.859375,0.859375
0.9781901041666666,libero_object_t0_ep3,,,0.9093156011899121,0.8880055459007214,pre_grasp,B4_linear_stats,0.9657744907301442,testC,libero_object_t00_ep003_s0048_pre_grasp,libero_object,0,0.875,0.875
0.9833984375,libero_object_t0_ep3,0.10163681170671508,0.15518248217503183,0.9200118109124293,0.8533066987185632,manipulation,U_hat_mlp,0.9520220588235294,testC,libero_object_t00_ep003_s0064_manipulation,libero_object,0,0.90625,0.90625
0.4170735677083333,libero_object_t0_ep3,,,0.4409190581901277,-0.09059182892849525,manipulation,B0_random,-0.17333199816891737,testC,libero_object_t00_ep003_s0064_manipulation,libero_object,0,0.15625,0.15625
0.2526041666666667,libero_object_t0_ep3,,,0.44744590082184166,-0.4107083106251101,manipulation,B0x_token_index,-0.37149447814145115,testC,libero_object_t00_ep003_s0064_manipulation,libero_object,0,0.109375,0.109375
0.905029296875,libero_object_t0_ep3,,,0.9066637793650464,0.7974944885438798,manipulation,B1_pred_norm_neg,0.6476946955825131,testC,libero_object_t00_ep003_s0064_manipulation,libero_object,0,0.703125,0.703125
0.9808756510416666,libero_object_t0_ep3,,,0.8809094277894338,0.7961882829836545,manipulation,B2_change_norm,0.9586189631494622,testC,libero_object_t00_ep003_s0064_manipulation,libero_object,0,0.875,0.875
0.98095703125,libero_object_t0_ep3,,,0.8819977376020012,0.7045096922714357,manipulation,B3_cos_dist,0.958883611810483,testC,libero_object_t00_ep003_s0064_manipulation,libero_object,0,0.875,0.875
0.9674479166666666,libero_object_t0_ep3,,,0.9029230375030667,0.8319185515895894,manipulation,B4_linear_stats,0.9523467898832685,testC,libero_object_t00_ep003_s0064_manipulation,libero_object,0,0.875,0.875
0.9842936197916666,libero_object_t0_ep4,0.11157908546584352,0.14750037690928008,0.9228825579214907,0.8937608103691526,approach,U_hat_mlp,0.9441462577248798,testC,libero_object_t00_ep004_s0024_approach,libero_object,0,0.890625,0.890625
0.4513346354166667,libero_object_t0_ep4,,,0.5545257190323107,-0.05668129828508115,approach,B0_random,-0.06606274319066148,testC,libero_object_t00_ep004_s0024_approach,libero_object,0,0.21875,0.21875
0.2767740885416667,libero_object_t0_ep4,,,0.6087608414323691,-0.30976114487568446,approach,B0x_token_index,-0.3062957770656901,testC,libero_object_t00_ep004_s0024_approach,libero_object,0,0.15625,0.15625
0.8738606770833334,libero_object_t0_ep4,,,0.8877874050825076,0.6508651930180748,approach,B1_pred_norm_neg,0.4987346932936599,testC,libero_object_t00_ep004_s0024_approach,libero_object,0,0.65625,0.65625
0.9825032552083334,libero_object_t0_ep4,,,0.9396654637454307,0.782916946947973,approach,B2_change_norm,0.9693722819867246,testC,libero_object_t00_ep004_s0024_approach,libero_object,0,0.890625,0.890625
0.9827473958333334,libero_object_t0_ep4,,,0.939664656351252,0.6291838774245463,approach,B3_cos_dist,0.9693636987869078,testC,libero_object_t00_ep004_s0024_approach,libero_object,0,0.890625,0.890625
0.9772135416666666,libero_object_t0_ep4,,,0.9012269193126469,0.8719039241807788,approach,B4_linear_stats,0.959250543602655,testC,libero_object_t00_ep004_s0024_approach,libero_object,0,0.875,0.875
0.9637044270833334,libero_object_t0_ep4,0.08603357296405395,0.1273933237168833,0.9430815801717735,0.9032413047247468,pre_grasp,U_hat_mlp,0.9568057621881437,testC,libero_object_t00_ep004_s0048_pre_grasp,libero_object,0,0.890625,0.890625
0.5419921875,libero_object_t0_ep4,,,0.600638279878905,0.025093448973998397,pre_grasp,B0_random,0.01963621538109407,testC,libero_object_t00_ep004_s0048_pre_grasp,libero_object,0,0.296875,0.296875
0.2569986979166667,libero_object_t0_ep4,,,0.5682911602206862,-0.3433842151666343,pre_grasp,B0x_token_index,-0.321797751201648,testC,libero_object_t00_ep004_s0048_pre_grasp,libero_object,0,0.109375,0.109375
0.8792317708333334,libero_object_t0_ep4,,,0.92058913845849,0.736259852463487,pre_grasp,B1_pred_norm_neg,0.633101110093843,testC,libero_object_t00_ep004_s0048_pre_grasp,libero_object,0,0.71875,0.71875
0.9544270833333334,libero_object_t0_ep4,,,0.9007746212146676,0.7818451790030753,pre_grasp,B2_change_norm,0.9408717669947356,testC,libero_object_t00_ep004_s0048_pre_grasp,libero_object,0,0.84375,0.84375
0.9541015625,libero_object_t0_ep4,,,0.9011082565957591,0.6218386392948246,pre_grasp,B3_cos_dist,0.9407630464637217,testC,libero_object_t00_ep004_s0048_pre_grasp,libero_object,0,0.84375,0.84375
0.9578450520833334,libero_object_t0_ep4,,,0.9151117104732781,0.8944950636442524,pre_grasp,B4_linear_stats,0.9520635442893111,testC,libero_object_t00_ep004_s0048_pre_grasp,libero_object,0,0.84375,0.84375
0.9706217447916666,libero_object_t0_ep4,0.10502866353419563,0.14270800570183326,0.9472362413999137,0.897377794252647,manipulation,U_hat_mlp,0.9429875257495994,testC,libero_object_t00_ep004_s0064_manipulation,libero_object,0,0.875,0.875
0.4960123697916667,libero_object_t0_ep4,,,0.6261815168076383,0.033381849061976415,manipulation,B0_random,0.019334372854200046,testC,libero_object_t00_ep004_s0064_manipulation,libero_object,0,0.28125,0.28125
0.2933756510416667,libero_object_t0_ep4,,,0.5495155174643059,-0.36181264882503955,manipulation,B0x_token_index,-0.3236231116960403,testC,libero_object_t00_ep004_s0064_manipulation,libero_object,0,0.140625,0.140625
0.9010416666666666,libero_object_t0_ep4,,,0.903259362225861,0.74400408343531,manipulation,B1_pred_norm_neg,0.6323336289768826,testC,libero_object_t00_ep004_s0064_manipulation,libero_object,0,0.71875,0.71875
0.9498697916666666,libero_object_t0_ep4,,,0.8600571452809984,0.6624146021907195,manipulation,B2_change_norm,0.9220309281300069,testC,libero_object_t00_ep004_s0064_manipulation,libero_object,0,0.828125,0.828125
0.949951171875,libero_object_t0_ep4,,,0.8610804093050674,0.5110423297103484,manipulation,B3_cos_dist,0.9224550812542917,testC,libero_object_t00_ep004_s0064_manipulation,libero_object,0,0.828125,0.828125
0.9446614583333334,libero_object_t0_ep4,,,0.9170915074522243,0.8543617023877895,manipulation,B4_linear_stats,0.9235451476310369,testC,libero_object_t00_ep004_s0064_manipulation,libero_object,0,0.828125,0.828125
0.97412109375,libero_object_t0_ep5,0.08982933978781446,0.13865472383705832,0.951386423287403,0.8924440518692629,approach,U_hat_mlp,0.952810997940032,testC,libero_object_t00_ep005_s0024_approach,libero_object,0,0.875,0.875
0.5302734375,libero_object_t0_ep5,,,0.5673610408600454,0.011242376747741348,approach,B0_random,0.01827005607690547,testC,libero_object_t00_ep005_s0024_approach,libero_object,0,0.265625,0.265625
0.2775065104166667,libero_object_t0_ep5,,,0.5830363238437409,-0.3733827708512176,approach,B0x_token_index,-0.331083342870222,testC,libero_object_t00_ep005_s0024_approach,libero_object,0,0.15625,0.15625
0.8515625,libero_object_t0_ep5,,,0.9075162201339276,0.6832212038523596,approach,B1_pred_norm_neg,0.5166943236438545,testC,libero_object_t00_ep005_s0024_approach,libero_object,0,0.6875,0.6875
0.9666341145833334,libero_object_t0_ep5,,,0.9007395301582743,0.7592632508119833,approach,B2_change_norm,0.9637781815060654,testC,libero_object_t00_ep005_s0024_approach,libero_object,0,0.8125,0.8125
0.9667154947916666,libero_object_t0_ep5,,,0.900968125330072,0.6023281205636041,approach,B3_cos_dist,0.9638776035706111,testC,libero_object_t00_ep005_s0024_approach,libero_object,0,0.8125,0.8125
0.969970703125,libero_object_t0_ep5,,,0.9481578954012785,0.9113965567044277,approach,B4_linear_stats,0.9666134985122453,testC,libero_object_t00_ep005_s0024_approach,libero_object,0,0.8125,0.8125
0.983154296875,libero_object_t0_ep5,0.11954354665526148,0.15642338026164848,0.9504991775023476,0.9055221276926155,pre_grasp,U_hat_mlp,0.9561241130693523,testC,libero_object_t00_ep005_s0048_pre_grasp,libero_object,0,0.90625,0.90625
0.5176595052083334,libero_object_t0_ep5,,,0.5994133288265839,0.002769743625899721,pre_grasp,B0_random,0.0069008926527809565,testC,libero_object_t00_ep005_s0048_pre_grasp,libero_object,0,0.296875,0.296875
0.22395833333333334,libero_object_t0_ep5,,,0.48634191623589945,-0.4430939092880283,pre_grasp,B0x_token_index,-0.4337849050125887,testC,libero_object_t00_ep005_s0048_pre_grasp,libero_object,0,0.078125,0.078125
0.9136555989583334,libero_object_t0_ep5,,,0.9070851221092736,0.7622064686189545,pre_grasp,B1_pred_norm_neg,0.6437542915999085,testC,libero_object_t00_ep005_s0048_pre_grasp,libero_object,0,0.734375,0.734375
0.98193359375,libero_object_t0_ep5,,,0.958152670104665,0.9145579143132707,pre_grasp,B2_change_norm,0.975991359578851,testC,libero_object_t00_ep005_s0048_pre_grasp,libero_object,0,0.921875,0.921875
0.9817708333333334,libero_object_t0_ep5,,,0.9591814716779173,0.7817390500106509,pre_grasp,B3_cos_dist,0.9759584573128862,testC,libero_object_t00_ep005_s0048_pre_grasp,libero_object,0,0.921875,0.921875
0.984375,libero_object_t0_ep5,,,0.9584639019002024,0.9543133268389749,pre_grasp,B4_linear_stats,0.9777394712748912,testC,libero_object_t00_ep005_s0048_pre_grasp,libero_object,0,0.921875,0.921875
0.9717610677083334,libero_object_t0_ep5,0.09944842959276193,0.14836964329259741,0.9429561625711921,0.8849925389745785,manipulation,U_hat_mlp,0.941237268253605,testC,libero_object_t00_ep005_s0064_manipulation,libero_object,0,0.84375,0.84375
0.5570475260416666,libero_object_t0_ep5,,,0.6061308016686192,0.12228770286901765,manipulation,B0_random,0.09854729343099107,testC,libero_object_t00_ep005_s0064_manipulation,libero_object,0,0.328125,0.328125
0.2779134114583333,libero_object_t0_ep5,,,0.526590341207698,-0.3751609717045207,manipulation,B0x_token_index,-0.3454273002975509,testC,libero_object_t00_ep005_s0064_manipulation,libero_object,0,0.140625,0.140625
0.878173828125,libero_object_t0_ep5,,,0.8908035906167365,0.7819437183855138,manipulation,B1_pred_norm_neg,0.6176599336232548,testC,libero_object_t00_ep005_s0064_manipulation,libero_object,0,0.671875,0.671875
0.955810546875,libero_object_t0_ep5,,,0.8569383490534466,0.7524586516899406,manipulation,B2_change_norm,0.9536650263218128,testC,libero_object_t00_ep005_s0064_manipulation,libero_object,0,0.796875,0.796875
0.9559733072916666,libero_object_t0_ep5,,,0.8574053264296472,0.6173508244888789,manipulation,B3_cos_dist,0.9538910505836576,testC,libero_object_t00_ep005_s0064_manipulation,libero_object,0,0.796875,0.796875
0.9602864583333334,libero_object_t0_ep5,,,0.939144713746536,0.8888965350378738,manipulation,B4_linear_stats,0.9551177328908217,testC,libero_object_t00_ep005_s0064_manipulation,libero_object,0,0.8125,0.8125
0.971923828125,libero_object_t0_ep6,0.1018332867432657,0.1545256664861098,0.9091731771476727,0.8395007601879702,approach,U_hat_mlp,0.9361817635614557,testC,libero_object_t00_ep006_s0024_approach,libero_object,0,0.875,0.875
0.4003092447916667,libero_object_t0_ep6,,,0.5238728562913838,-0.11767173263173657,approach,B0_random,-0.09764748798352026,testC,libero_object_t00_ep006_s0024_approach,libero_object,0,0.171875,0.171875
0.2607421875,libero_object_t0_ep6,,,0.5531921411173416,-0.3541883789205226,approach,B0x_token_index,-0.3484764820325017,testC,libero_object_t00_ep006_s0024_approach,libero_object,0,0.140625,0.140625
0.85693359375,libero_object_t0_ep6,,,0.8479538278707129,0.6608000011602769,approach,B1_pred_norm_neg,0.4777409018081941,testC,libero_object_t00_ep006_s0024_approach,libero_object,0,0.65625,0.65625
0.9696451822916666,libero_object_t0_ep6,,,0.9165331128614238,0.7378875027621097,approach,B2_change_norm,0.9577534905012589,testC,libero_object_t00_ep006_s0024_approach,libero_object,0,0.84375,0.84375
0.9697265625,libero_object_t0_ep6,,,0.9165227595114637,0.6161112938063392,approach,B3_cos_dist,0.9575947013046464,testC,libero_object_t00_ep006_s0024_approach,libero_object,0,0.84375,0.84375
0.9691569010416666,libero_object_t0_ep6,,,0.8728832575507751,0.8198919018579507,approach,B4_linear_stats,0.9515921835660334,testC,libero_object_t00_ep006_s0024_approach,libero_object,0,0.828125,0.828125
0.9678548177083334,libero_object_t0_ep6,0.09275221070808329,0.1325919305012991,0.9513988953862302,0.885782511074101,pre_grasp,U_hat_mlp,0.9460295548180362,testC,libero_object_t00_ep006_s0048_pre_grasp,libero_object,0,0.859375,0.859375
0.48486328125,libero_object_t0_ep6,,,0.5328066865341521,-0.030113594112841726,pre_grasp,B0_random,-0.014095759899290456,testC,libero_object_t00_ep006_s0048_pre_grasp,libero_object,0,0.203125,0.203125
0.266845703125,libero_object_t0_ep6,,,0.5213313523080879,-0.33294135704193384,pre_grasp,B0x_token_index,-0.33091096360723277,testC,libero_object_t00_ep006_s0048_pre_grasp,libero_object,0,0.109375,0.109375
0.868408203125,libero_object_t0_ep6,,,0.9092926845633569,0.7362257743757932,pre_grasp,B1_pred_norm_neg,0.5615465495536736,testC,libero_object_t00_ep006_s0048_pre_grasp,libero_object,0,0.65625,0.65625
0.9415690104166666,libero_object_t0_ep6,,,0.8527687894049742,0.7330418644033359,pre_grasp,B2_change_norm,0.930595531013962,testC,libero_object_t00_ep006_s0048_pre_grasp,libero_object,0,0.8125,0.8125
0.94189453125,libero_object_t0_ep6,,,0.8548474245621857,0.5643892311213686,pre_grasp,B3_cos_dist,0.9309016651407644,testC,libero_object_t00_ep006_s0048_pre_grasp,libero_object,0,0.8125,0.8125
0.9532063802083334,libero_object_t0_ep6,,,0.9196732071969932,0.8660224179054058,pre_grasp,B4_linear_stats,0.9390149347676814,testC,libero_object_t00_ep006_s0048_pre_grasp,libero_object,0,0.78125,0.78125
0.977294921875,libero_object_t0_ep6,0.09295738732275931,0.15332438444206084,0.8941010386000957,0.8551292641782359,manipulation,U_hat_mlp,0.9510113870450904,testC,libero_object_t00_ep006_s0064_manipulation,libero_object,0,0.890625,0.890625
0.5310872395833334,libero_object_t0_ep6,,,0.5509359488928813,0.05965989984547472,manipulation,B0_random,0.028733691920347904,testC,libero_object_t00_ep006_s0064_manipulation,libero_object,0,0.28125,0.28125
0.229248046875,libero_object_t0_ep6,,,0.47891127676394546,-0.3542061680091464,manipulation,B0x_token_index,-0.33570897230487523,testC,libero_object_t00_ep006_s0064_manipulation,libero_object,0,0.078125,0.078125
0.9287109375,libero_object_t0_ep6,,,0.8664896297325416,0.7485201005792209,manipulation,B1_pred_norm_neg,0.6157594701304646,testC,libero_object_t00_ep006_s0064_manipulation,libero_object,0,0.75,0.75
0.9767252604166666,libero_object_t0_ep6,,,0.8667573922129882,0.7534845914408722,manipulation,B2_change_norm,0.9623583772030213,testC,libero_object_t00_ep006_s0064_manipulation,libero_object,0,0.890625,0.890625
0.9769694010416666,libero_object_t0_ep6,,,0.867308926963435,0.6421126139280856,manipulation,B3_cos_dist,0.9624899862668803,testC,libero_object_t00_ep006_s0064_manipulation,libero_object,0,0.890625,0.890625
0.9639485677083334,libero_object_t0_ep6,,,0.8843357903440499,0.8470101713000886,manipulation,B4_linear_stats,0.9498948558022431,testC,libero_object_t00_ep006_s0064_manipulation,libero_object,0,0.859375,0.859375
0.9746907552083334,libero_object_t0_ep7,0.10077173419353339,0.14387749253748852,0.9252939057061026,0.8507244993058102,approach,U_hat_mlp,0.942607719157702,testC,libero_object_t00_ep007_s0024_approach,libero_object,0,0.859375,0.859375
0.474365234375,libero_object_t0_ep7,,,0.5138287578391958,-0.10134409284196344,approach,B0_random,-0.08509813458457313,testC,libero_object_t00_ep007_s0024_approach,libero_object,0,0.21875,0.21875
0.289794921875,libero_object_t0_ep7,,,0.562305027773203,-0.28391680295447586,approach,B0x_token_index,-0.30730215724422066,testC,libero_object_t00_ep007_s0024_approach,libero_object,0,0.15625,0.15625
0.83837890625,libero_object_t0_ep7,,,0.856114285792942,0.6423580773064548,approach,B1_pred_norm_neg,0.5144405184252689,testC,libero_object_t00_ep007_s0024_approach,libero_object,0,0.65625,0.65625
0.9600423177083334,libero_object_t0_ep7,,,0.8977643878733961,0.7345558322619883,approach,B2_change_norm,0.9566333829251545,testC,libero_object_t00_ep007_s0024_approach,libero_object,0,0.828125,0.828125
0.960205078125,libero_object_t0_ep7,,,0.8992483637878975,0.6123598531490123,approach,B3_cos_dist,0.9567542629892424,testC,libero_object_t00_ep007_s0024_approach,libero_object,0,0.828125,0.828125
0.9608561197916666,libero_object_t0_ep7,,,0.8551116032313976,0.8050998237423997,approach,B4_linear_stats,0.9525556477454795,testC,libero_object_t00_ep007_s0024_approach,libero_object,0,0.8125,0.8125
0.9829915364583334,libero_object_t0_ep7,0.08025013645918655,0.11201139229691089,0.9749038237099608,0.9156985556716862,pre_grasp,U_hat_mlp,0.9685125314717327,testC,libero_object_t00_ep007_s0048_pre_grasp,libero_object,0,0.890625,0.890625
0.517822265625,libero_object_t0_ep7,,,0.5587224354852967,0.006304462757105855,pre_grasp,B0_random,0.035241903181506065,testC,libero_object_t00_ep007_s0048_pre_grasp,libero_object,0,0.28125,0.28125
0.22932942708333334,libero_object_t0_ep7,,,0.5113872268408054,-0.36323349515377024,pre_grasp,B0x_token_index,-0.36813487067978945,testC,libero_object_t00_ep007_s0048_pre_grasp,libero_object,0,0.0625,0.0625
0.91357421875,libero_object_t0_ep7,,,0.8965129320533615,0.73646268823729,pre_grasp,B1_pred_norm_neg,0.6087727454795148,testC,libero_object_t00_ep007_s0048_pre_grasp,libero_object,0,0.78125,0.78125
0.974853515625,libero_object_t0_ep7,,,0.9131284886111654,0.8152077174816351,pre_grasp,B2_change_norm,0.9652430476081483,testC,libero_object_t00_ep007_s0048_pre_grasp,libero_object,0,0.890625,0.890625
0.9746907552083334,libero_object_t0_ep7,,,0.9131174670465427,0.6642238816706273,pre_grasp,B3_cos_dist,0.9651200217441062,testC,libero_object_t00_ep007_s0048_pre_grasp,libero_object,0,0.890625,0.890625
0.9759114583333334,libero_object_t0_ep7,,,0.9152283832933794,0.8871807003328347,pre_grasp,B4_linear_stats,0.9657630464637217,testC,libero_object_t00_ep007_s0048_pre_grasp,libero_object,0,0.859375,0.859375
0.9896647135416666,libero_object_t0_ep7,0.10433303260881722,0.15428273904828027,0.8929934556626575,0.8489742878779966,manipulation,U_hat_mlp,0.9553895342183566,testC,libero_object_t00_ep007_s0064_manipulation,libero_object,0,0.90625,0.90625
0.4589029947916667,libero_object_t0_ep7,,,0.4891531013673701,-0.05271783599767836,manipulation,B0_random,-0.017169975967040514,testC,libero_object_t00_ep007_s0064_manipulation,libero_object,0,0.21875,0.21875
0.2682291666666667,libero_object_t0_ep7,,,0.4790084182794764,-0.33479958484859834,manipulation,B0x_token_index,-0.3497954337376974,testC,libero_object_t00_ep007_s0064_manipulation,libero_object,0,0.109375,0.109375
0.9190266927083334,libero_object_t0_ep7,,,0.8578517563509274,0.7412406325117324,manipulation,B1_pred_norm_neg,0.6855315861753262,testC,libero_object_t00_ep007_s0064_manipulation,libero_object,0,0.734375,0.734375
0.9683430989583334,libero_object_t0_ep7,,,0.8545357906033438,0.7252639155629835,manipulation,B2_change_norm,0.9528016994735637,testC,libero_object_t00_ep007_s0064_manipulation,libero_object,0,0.859375,0.859375
0.9685872395833334,libero_object_t0_ep7,,,0.856401665289174,0.6043413928231062,manipulation,B3_cos_dist,0.953058480201419,testC,libero_object_t00_ep007_s0064_manipulation,libero_object,0,0.859375,0.859375
0.9613444010416666,libero_object_t0_ep7,,,0.8583946592054532,0.8286230938731041,manipulation,B4_linear_stats,0.9462598706797894,testC,libero_object_t00_ep007_s0064_manipulation,libero_object,0,0.84375,0.84375
0.9723307291666666,libero_object_t0_ep8,0.0940043924899582,0.1303310671904017,0.9608604569115269,0.8928568391015984,approach,U_hat_mlp,0.9487017910276951,testC,libero_object_t00_ep008_s0024_approach,libero_object,0,0.828125,0.828125
0.4525553385416667,libero_object_t0_ep8,,,0.5683986981735039,-0.026888018235348487,approach,B0_random,-0.07540341039139391,testC,libero_object_t00_ep008_s0024_approach,libero_object,0,0.21875,0.21875
0.2520345052083333,libero_object_t0_ep8,,,0.5789045663921438,-0.3710842380739092,approach,B0x_token_index,-0.33241659990844585,testC,libero_object_t00_ep008_s0024_approach,libero_object,0,0.140625,0.140625
0.879150390625,libero_object_t0_ep8,,,0.9121424674516694,0.7418201518008378,approach,B1_pred_norm_neg,0.5499477855344472,testC,libero_object_t00_ep008_s0024_approach,libero_object,0,0.703125,0.703125
0.9678548177083334,libero_object_t0_ep8,,,0.8920917867656989,0.7620051549028716,approach,B2_change_norm,0.9568000400549325,testC,libero_object_t00_ep008_s0024_approach,libero_object,0,0.84375,0.84375
0.96826171875,libero_object_t0_ep8,,,0.8919292502289888,0.6265777183902501,approach,B3_cos_dist,0.9569602597848478,testC,libero_object_t00_ep008_s0024_approach,libero_object,0,0.84375,0.84375
0.9663899739583334,libero_object_t0_ep8,,,0.9538050884279767,0.887446717257781,approach,B4_linear_stats,0.9557199874113069,testC,libero_object_t00_ep008_s0024_approach,libero_object,0,0.84375,0.84375
0.9698079427083334,libero_object_t0_ep8,0.09938400988878035,0.15408935242254834,0.9061611814591737,0.8598200625967372,pre_grasp,U_hat_mlp,0.9391529812314031,testC,libero_object_t00_ep008_s0040_pre_grasp,libero_object,0,0.859375,0.859375
0.51611328125,libero_object_t0_ep8,,,0.6056526571094714,0.027635410415257192,pre_grasp,B0_random,0.05571927214465553,testC,libero_object_t00_ep008_s0040_pre_grasp,libero_object,0,0.328125,0.328125
0.24267578125,libero_object_t0_ep8,,,0.521080565975886,-0.40331391029682245,pre_grasp,B0x_token_index,-0.3874713893339437,testC,libero_object_t00_ep008_s0040_pre_grasp,libero_object,0,0.09375,0.09375
0.8877766927083334,libero_object_t0_ep8,,,0.8981756510197031,0.7546268921069366,pre_grasp,B1_pred_norm_neg,0.6142202162966354,testC,libero_object_t00_ep008_s0040_pre_grasp,libero_object,0,0.734375,0.734375
0.963134765625,libero_object_t0_ep8,,,0.9015661677398309,0.7806096906223894,pre_grasp,B2_change_norm,0.9412880521858549,testC,libero_object_t00_ep008_s0040_pre_grasp,libero_object,0,0.875,0.875
0.9637858072916666,libero_object_t0_ep8,,,0.9022206425636299,0.6194336538418336,pre_grasp,B3_cos_dist,0.9418688487067979,testC,libero_object_t00_ep008_s0040_pre_grasp,libero_object,0,0.875,0.875
0.9681803385416666,libero_object_t0_ep8,,,0.9130551813016874,0.9027902749670349,pre_grasp,B4_linear_stats,0.9520113298237582,testC,libero_object_t00_ep008_s0040_pre_grasp,libero_object,0,0.875,0.875
0.9686686197916666,libero_object_t0_ep8,0.10648579328611235,0.1534371847114227,0.9390921418929707,0.9005731606375852,manipulation,U_hat_mlp,0.9408417257953765,testC,libero_object_t00_ep008_s0056_manipulation,libero_object,0,0.859375,0.859375
0.5677897135416666,libero_object_t0_ep8,,,0.6102481469399821,0.05349985537730495,manipulation,B0_random,-0.0029004062714579996,testC,libero_object_t00_ep008_s0056_manipulation,libero_object,0,0.296875,0.296875
0.2578125,libero_object_t0_ep8,,,0.5493656162427434,-0.41545162828950655,manipulation,B0x_token_index,-0.4030491817349508,testC,libero_object_t00_ep008_s0056_manipulation,libero_object,0,0.09375,0.09375
0.9077962239583334,libero_object_t0_ep8,,,0.8860415942212642,0.6890313554485153,manipulation,B1_pred_norm_neg,0.6291528381780728,testC,libero_object_t00_ep008_s0056_manipulation,libero_object,0,0.734375,0.734375
0.9554036458333334,libero_object_t0_ep8,,,0.8909503372314437,0.6732269930411792,manipulation,B2_change_norm,0.9382624742504005,testC,libero_object_t00_ep008_s0056_manipulation,libero_object,0,0.8125,0.8125
0.95556640625,libero_object_t0_ep8,,,0.8930195820458391,0.5279586940935148,manipulation,B3_cos_dist,0.9383661879148547,testC,libero_object_t00_ep008_s0056_manipulation,libero_object,0,0.8125,0.8125
0.9469401041666666,libero_object_t0_ep8,,,0.9175097951613874,0.8608839190167463,manipulation,B4_linear_stats,0.9258576047150378,testC,libero_object_t00_ep008_s0056_manipulation,libero_object,0,0.828125,0.828125
0.9762369791666666,libero_object_t0_ep9,0.09169575863022411,0.13462767674897852,0.9309975466523475,0.8833082046517848,approach,U_hat_mlp,0.9505414568551156,testC,libero_object_t00_ep009_s0024_approach,libero_object,0,0.84375,0.84375
0.5188802083333334,libero_object_t0_ep9,,,0.5648810253107369,-0.03152724146403197,approach,B0_random,-0.050038624399176015,testC,libero_object_t00_ep009_s0024_approach,libero_object,0,0.265625,0.265625
0.2765299479166667,libero_object_t0_ep9,,,0.580176173685634,-0.3810837310955559,approach,B0x_token_index,-0.36355358777752345,testC,libero_object_t00_ep009_s0024_approach,libero_object,0,0.140625,0.140625
0.8375651041666666,libero_object_t0_ep9,,,0.8620470078148912,0.6658910542862152,approach,B1_pred_norm_neg,0.5513869020370794,testC,libero_object_t00_ep009_s0024_approach,libero_object,0,0.625,0.625
0.963134765625,libero_object_t0_ep9,,,0.9306703901034225,0.7526817338506071,approach,B2_change_norm,0.9632238498512246,testC,libero_object_t00_ep009_s0024_approach,libero_object,0,0.8125,0.8125
0.96337890625,libero_object_t0_ep9,,,0.9308607444490963,0.5913232193998226,approach,B3_cos_dist,0.9632903696498054,testC,libero_object_t00_ep009_s0024_approach,libero_object,0,0.8125,0.8125
0.9584147135416666,libero_object_t0_ep9,,,0.9060584046522131,0.8776570268479162,approach,B4_linear_stats,0.9569051842526894,testC,libero_object_t00_ep009_s0024_approach,libero_object,0,0.78125,0.78125
0.9785970052083334,libero_object_t0_ep9,0.10368369972443488,0.1376423751553661,0.9395527489516736,0.8954706167969554,pre_grasp,U_hat_mlp,0.958999485008011,testC,libero_object_t00_ep009_s0048_pre_grasp,libero_object,0,0.890625,0.890625
0.3894856770833333,libero_object_t0_ep9,,,0.5084407598792596,-0.14687563559995956,pre_grasp,B0_random,-0.12427400434882124,testC,libero_object_t00_ep009_s0048_pre_grasp,libero_object,0,0.140625,0.140625
0.23616536458333334,libero_object_t0_ep9,,,0.5066426079415581,-0.38198721619986886,pre_grasp,B0x_token_index,-0.38152037079423207,testC,libero_object_t00_ep009_s0048_pre_grasp,libero_object,0,0.0625,0.0625
0.9004720052083334,libero_object_t0_ep9,,,0.9177158844395926,0.7486750581784672,pre_grasp,B1_pred_norm_neg,0.6282837891966125,testC,libero_object_t00_ep009_s0048_pre_grasp,libero_object,0,0.75,0.75
0.970947265625,libero_object_t0_ep9,,,0.9059096640309777,0.8305744369906554,pre_grasp,B2_change_norm,0.9508239871824216,testC,libero_object_t00_ep009_s0048_pre_grasp,libero_object,0,0.84375,0.84375
0.9717610677083334,libero_object_t0_ep9,,,0.9079574551806828,0.7065317997791004,pre_grasp,B3_cos_dist,0.9512016479743648,testC,libero_object_t00_ep009_s0048_pre_grasp,libero_object,0,0.859375,0.859375
0.9759114583333334,libero_object_t0_ep9,,,0.9511802323444168,0.9075965512161009,pre_grasp,B4_linear_stats,0.95424796864271,testC,libero_object_t00_ep009_s0048_pre_grasp,libero_object,0,0.875,0.875
0.971923828125,libero_object_t0_ep9,0.10098297926771581,0.13966875362596878,0.9610555062371877,0.9073306180133087,manipulation,U_hat_mlp,0.9411728942549783,testC,libero_object_t00_ep009_s0064_manipulation,libero_object,0,0.828125,0.828125
0.561767578125,libero_object_t0_ep9,,,0.5611721128622031,0.017160992498674737,manipulation,B0_random,-0.007598992904554818,testC,libero_object_t00_ep009_s0064_manipulation,libero_object,0,0.25,0.25
0.275390625,libero_object_t0_ep9,,,0.48265927415065496,-0.4236708168909677,manipulation,B0x_token_index,-0.40846303501945525,testC,libero_object_t00_ep009_s0064_manipulation,libero_object,0,0.09375,0.09375
0.904052734375,libero_object_t0_ep9,,,0.8975782049632738,0.792476011674851,manipulation,B1_pred_norm_neg,0.6899640936140994,testC,libero_object_t00_ep009_s0064_manipulation,libero_object,0,0.734375,0.734375
0.950439453125,libero_object_t0_ep9,,,0.88884078121274,0.6895369643893295,manipulation,B2_change_norm,0.9235930704966812,testC,libero_object_t00_ep009_s0064_manipulation,libero_object,0,0.8125,0.8125
0.9505208333333334,libero_object_t0_ep9,,,0.8894824305987116,0.5336302101901075,manipulation,B3_cos_dist,0.9239671549553674,testC,libero_object_t00_ep009_s0064_manipulation,libero_object,0,0.8125,0.8125
0.95703125,libero_object_t0_ep9,,,0.9284879346140273,0.8604021973977061,manipulation,B4_linear_stats,0.921769855802243,testC,libero_object_t00_ep009_s0064_manipulation,libero_object,0,0.859375,0.859375
0.929931640625,libero_spatial_t2_ep0,0.09725134234588015,0.14843577443238676,0.9072616046657388,0.8521471398554267,approach,U_hat_mlp,0.9286113813229572,testC,libero_spatial_t02_ep000_s0024_approach,libero_spatial,2,0.75,0.75
0.54052734375,libero_spatial_t2_ep0,,,0.6211507437297663,-0.00035301289409206594,approach,B0_random,0.0028989757381551844,testC,libero_spatial_t02_ep000_s0024_approach,libero_spatial,2,0.28125,0.28125
0.277099609375,libero_spatial_t2_ep0,,,0.5420906462045527,-0.40212519298347166,approach,B0x_token_index,-0.4369556820782788,testC,libero_spatial_t02_ep000_s0024_approach,libero_spatial,2,0.109375,0.109375
0.7782389322916666,libero_spatial_t2_ep0,,,0.8563253061557158,0.5898784240242808,approach,B1_pred_norm_neg,0.5086604486152437,testC,libero_spatial_t02_ep000_s0024_approach,libero_spatial,2,0.59375,0.59375
0.8992513020833334,libero_spatial_t2_ep0,,,0.8260617518423986,0.6805752521355346,approach,B2_change_norm,0.9060769054703594,testC,libero_spatial_t02_ep000_s0024_approach,libero_spatial,2,0.640625,0.640625
0.8994140625,libero_spatial_t2_ep0,,,0.8262698655576926,0.5413266876094719,approach,B3_cos_dist,0.9060997940032044,testC,libero_spatial_t02_ep000_s0024_approach,libero_spatial,2,0.640625,0.640625
0.936767578125,libero_spatial_t2_ep0,,,0.9034632501448842,0.8588964174124476,approach,B4_linear_stats,0.91943093385214,testC,libero_spatial_t02_ep000_s0024_approach,libero_spatial,2,0.703125,0.703125
0.9620768229166666,libero_spatial_t2_ep0,0.0844834866927548,0.1184030123990493,0.9632534335631532,0.909285500084105,pre_grasp,U_hat_mlp,0.939575703822385,testC,libero_spatial_t02_ep000_s0040_pre_grasp,libero_spatial,2,0.8125,0.8125
0.526611328125,libero_spatial_t2_ep0,,,0.6508966108050367,0.0554324722045218,pre_grasp,B0_random,0.027736610208285647,testC,libero_spatial_t02_ep000_s0040_pre_grasp,libero_spatial,2,0.28125,0.28125
0.3592936197916667,libero_spatial_t2_ep0,,,0.5774340301285442,-0.23462302027365844,pre_grasp,B0x_token_index,-0.29581425955596247,testC,libero_spatial_t02_ep000_s0040_pre_grasp,libero_spatial,2,0.125,0.125
0.7921549479166666,libero_spatial_t2_ep0,,,0.861843840806107,0.6035325311854165,pre_grasp,B1_pred_norm_neg,0.5696140421149004,testC,libero_spatial_t02_ep000_s0040_pre_grasp,libero_spatial,2,0.59375,0.59375
0.9483235677083334,libero_spatial_t2_ep0,,,0.9067404539862286,0.8319178779842817,pre_grasp,B2_change_norm,0.9303058480201419,testC,libero_spatial_t02_ep000_s0040_pre_grasp,libero_spatial,2,0.75,0.75
0.9481608072916666,libero_spatial_t2_ep0,,,0.906479167758739,0.7332958393536753,pre_grasp,B3_cos_dist,0.9299854085603113,testC,libero_spatial_t02_ep000_s0040_pre_grasp,libero_spatial,2,0.75,0.75
0.947509765625,libero_spatial_t2_ep0,,,0.8943638751586982,0.8710200734088115,pre_grasp,B4_linear_stats,0.9305733577477684,testC,libero_spatial_t02_ep000_s0040_pre_grasp,libero_spatial,2,0.75,0.75
0.9716796875,libero_spatial_t2_ep0,0.09957088641789612,0.1454725628012951,0.9299594093106758,0.8608381849246394,manipulation,U_hat_mlp,0.9178609235523003,testC,libero_spatial_t02_ep000_s0064_manipulation,libero_spatial,2,0.859375,0.859375
0.4840494791666667,libero_spatial_t2_ep0,,,0.5691818731413897,-0.009468367216192436,manipulation,B0_random,-0.015587806134126803,testC,libero_spatial_t02_ep000_s0064_manipulation,libero_spatial,2,0.265625,0.265625
0.3562825520833333,libero_spatial_t2_ep0,,,0.5164679298945987,-0.29570755445788466,manipulation,B0x_token_index,-0.3605473220416571,testC,libero_spatial_t02_ep000_s0064_manipulation,libero_spatial,2,0.125,0.125
0.859375,libero_spatial_t2_ep0,,,0.9207871049722935,0.7271029862837906,manipulation,B1_pred_norm_neg,0.5972605287251087,testC,libero_spatial_t02_ep000_s0064_manipulation,libero_spatial,2,0.734375,0.734375
0.9261067708333334,libero_spatial_t2_ep0,,,0.8402483901049845,0.6735993621986487,manipulation,B2_change_norm,0.862178845273518,testC,libero_spatial_t02_ep000_s0064_manipulation,libero_spatial,2,0.71875,0.71875
0.9265950520833334,libero_spatial_t2_ep0,,,0.8408184828037432,0.5786516422755545,manipulation,B3_cos_dist,0.8628111409933623,testC,libero_spatial_t02_ep000_s0064_manipulation,libero_spatial,2,0.71875,0.71875
0.850341796875,libero_spatial_t2_ep0,,,0.8778321292814003,0.7107309768600719,manipulation,B4_linear_stats,0.7895098992904555,testC,libero_spatial_t02_ep000_s0064_manipulation,libero_spatial,2,0.609375,0.609375
0.96435546875,libero_spatial_t2_ep1,0.09171134847200195,0.13230015163442657,0.9364455970828304,0.885682383520351,approach,U_hat_mlp,0.9460910677500572,testC,libero_spatial_t02_ep001_s0016_approach,libero_spatial,2,0.8125,0.8125
0.58349609375,libero_spatial_t2_ep1,,,0.6425940639578769,0.0723869764744976,approach,B0_random,0.06654554818036164,testC,libero_spatial_t02_ep001_s0016_approach,libero_spatial,2,0.3125,0.3125
0.3368326822916667,libero_spatial_t2_ep1,,,0.5594649659156625,-0.3884545735408382,approach,B0x_token_index,-0.4376952677958343,testC,libero_spatial_t02_ep001_s0016_approach,libero_spatial,2,0.15625,0.15625
0.7692057291666666,libero_spatial_t2_ep1,,,0.8530882397002388,0.5854036879790813,approach,B1_pred_norm_neg,0.5247410734721905,testC,libero_spatial_t02_ep001_s0016_approach,libero_spatial,2,0.59375,0.59375
0.8986002604166666,libero_spatial_t2_ep1,,,0.8453687262229095,0.6716680976994963,approach,B2_change_norm,0.8914697299153125,testC,libero_spatial_t02_ep001_s0016_approach,libero_spatial,2,0.625,0.625
0.8988444010416666,libero_spatial_t2_ep1,,,0.8425693201065529,0.5462081642898505,approach,B3_cos_dist,0.891682879377432,testC,libero_spatial_t02_ep001_s0016_approach,libero_spatial,2,0.609375,0.609375
0.88623046875,libero_spatial_t2_ep1,,,0.8821283533526005,0.7920899632517607,approach,B4_linear_stats,0.8583013847562371,testC,libero_spatial_t02_ep001_s0016_approach,libero_spatial,2,0.65625,0.65625
0.9612630208333334,libero_spatial_t2_ep1,0.09414296289600327,0.1293278883954455,0.9553592605164567,0.9004940247544709,pre_grasp,U_hat_mlp,0.9203593499656672,testC,libero_spatial_t02_ep001_s0032_pre_grasp,libero_spatial,2,0.796875,0.796875
0.452392578125,libero_spatial_t2_ep1,,,0.6084956928088989,-0.03139615965873188,pre_grasp,B0_random,-0.014599307621881438,testC,libero_spatial_t02_ep001_s0032_pre_grasp,libero_spatial,2,0.234375,0.234375
0.4090983072916667,libero_spatial_t2_ep1,,,0.5891213899814917,-0.23338825401970775,pre_grasp,B0x_token_index,-0.2847233348592355,testC,libero_spatial_t02_ep001_s0032_pre_grasp,libero_spatial,2,0.15625,0.15625
0.76806640625,libero_spatial_t2_ep1,,,0.8730191411895434,0.585536424047397,pre_grasp,B1_pred_norm_neg,0.5128161478599221,testC,libero_spatial_t02_ep001_s0032_pre_grasp,libero_spatial,2,0.59375,0.59375
0.91064453125,libero_spatial_t2_ep1,,,0.8660599703266856,0.6926248311168679,pre_grasp,B2_change_norm,0.8824108777752346,testC,libero_spatial_t02_ep001_s0032_pre_grasp,libero_spatial,2,0.65625,0.65625
0.9109700520833334,libero_spatial_t2_ep1,,,0.8685347431695013,0.5508270832871539,pre_grasp,B3_cos_dist,0.8829716468299382,testC,libero_spatial_t02_ep001_s0032_pre_grasp,libero_spatial,2,0.65625,0.65625
0.9205729166666666,libero_spatial_t2_ep1,,,0.9099833024696226,0.839365054040404,pre_grasp,B4_linear_stats,0.8958600366216526,testC,libero_spatial_t02_ep001_s0032_pre_grasp,libero_spatial,2,0.671875,0.671875
0.9415690104166666,libero_spatial_t2_ep1,0.09888686566725907,0.1515992568633301,0.9362585960896369,0.8403559299134364,manipulation,U_hat_mlp,0.9162537193865873,testC,libero_spatial_t02_ep001_s0056_manipulation,libero_spatial,2,0.78125,0.78125
0.5472005208333334,libero_spatial_t2_ep1,,,0.5842363477416175,0.05590429433189466,manipulation,B0_random,0.03161907759212634,testC,libero_spatial_t02_ep001_s0056_manipulation,libero_spatial,2,0.296875,0.296875
0.3810221354166667,libero_spatial_t2_ep1,,,0.5417944648373102,-0.24829544580495033,manipulation,B0x_token_index,-0.3029612039368276,testC,libero_spatial_t02_ep001_s0056_manipulation,libero_spatial,2,0.171875,0.171875
0.7560221354166666,libero_spatial_t2_ep1,,,0.8886780059735828,0.6517786517832265,manipulation,B1_pred_norm_neg,0.5206111238269627,testC,libero_spatial_t02_ep001_s0056_manipulation,libero_spatial,2,0.578125,0.578125
0.8736979166666666,libero_spatial_t2_ep1,,,0.7870062051009836,0.6081425095668386,manipulation,B2_change_norm,0.8518918802929732,testC,libero_spatial_t02_ep001_s0056_manipulation,libero_spatial,2,0.609375,0.609375
0.8740234375,libero_spatial_t2_ep1,,,0.7884821397632251,0.4889492328400931,manipulation,B3_cos_dist,0.8523854142824445,testC,libero_spatial_t02_ep001_s0056_manipulation,libero_spatial,2,0.609375,0.609375
0.89697265625,libero_spatial_t2_ep1,,,0.9110491403499322,0.7758197069169055,manipulation,B4_linear_stats,0.8705589093614099,testC,libero_spatial_t02_ep001_s0056_manipulation,libero_spatial,2,0.625,0.625
0.9539388020833334,libero_spatial_t2_ep2,0.08808997313256807,0.12809864298801354,0.9458350001043533,0.9020091072103711,approach,U_hat_mlp,0.9487118047608148,testC,libero_spatial_t02_ep002_s0016_approach,libero_spatial,2,0.796875,0.796875
0.4506022135416667,libero_spatial_t2_ep2,,,0.6241439680302431,-0.050693945076713064,approach,B0_random,-0.05370794232089723,testC,libero_spatial_t02_ep002_s0016_approach,libero_spatial,2,0.265625,0.265625
0.2579752604166667,libero_spatial_t2_ep2,,,0.5528846327815665,-0.3996900084048326,approach,B0x_token_index,-0.454379577706569,testC,libero_spatial_t02_ep002_s0016_approach,libero_spatial,2,0.125,0.125
0.768798828125,libero_spatial_t2_ep2,,,0.8111947705277939,0.5231119620731072,approach,B1_pred_norm_neg,0.5033195525291829,testC,libero_spatial_t02_ep002_s0016_approach,libero_spatial,2,0.546875,0.546875
0.9138997395833334,libero_spatial_t2_ep2,,,0.8393317302443811,0.6734701864359607,approach,B2_change_norm,0.8912558651865415,testC,libero_spatial_t02_ep002_s0016_approach,libero_spatial,2,0.6875,0.6875
0.9142252604166666,libero_spatial_t2_ep2,,,0.8393660071143569,0.5397078605802994,approach,B3_cos_dist,0.8911542973220417,testC,libero_spatial_t02_ep002_s0016_approach,libero_spatial,2,0.6875,0.6875
0.929443359375,libero_spatial_t2_ep2,,,0.8893032099753837,0.8140056948424379,approach,B4_linear_stats,0.8789697299153124,testC,libero_spatial_t02_ep002_s0016_approach,libero_spatial,2,0.71875,0.71875
0.9368489583333334,libero_spatial_t2_ep2,0.08762666834867482,0.12296832342166421,0.9541168552840958,0.8982367345658043,pre_grasp,U_hat_mlp,0.9341546978713664,testC,libero_spatial_t02_ep002_s0032_pre_grasp,libero_spatial,2,0.75,0.75
0.4935709635416667,libero_spatial_t2_ep2,,,0.6321400773394613,-0.009937176171523947,pre_grasp,B0_random,-0.017293717097734036,testC,libero_spatial_t02_ep002_s0032_pre_grasp,libero_spatial,2,0.296875,0.296875
0.3846028645833333,libero_spatial_t2_ep2,,,0.5885160678317646,-0.26949880427439243,pre_grasp,B0x_token_index,-0.3410148203250172,testC,libero_spatial_t02_ep002_s0032_pre_grasp,libero_spatial,2,0.140625,0.140625
0.77685546875,libero_spatial_t2_ep2,,,0.8901619093184818,0.5949415393269532,pre_grasp,B1_pred_norm_neg,0.5328936827649348,testC,libero_spatial_t02_ep002_s0032_pre_grasp,libero_spatial,2,0.59375,0.59375
0.90625,libero_spatial_t2_ep2,,,0.8547675379653501,0.664993193031729,pre_grasp,B2_change_norm,0.9051105802243076,testC,libero_spatial_t02_ep002_s0032_pre_grasp,libero_spatial,2,0.65625,0.65625
0.906982421875,libero_spatial_t2_ep2,,,0.8614179694436707,0.5229150052015541,pre_grasp,B3_cos_dist,0.9057378690775921,testC,libero_spatial_t02_ep002_s0032_pre_grasp,libero_spatial,2,0.671875,0.671875
0.9165852864583334,libero_spatial_t2_ep2,,,0.8958269218066264,0.8466013189696548,pre_grasp,B4_linear_stats,0.9166371023117418,testC,libero_spatial_t02_ep002_s0032_pre_grasp,libero_spatial,2,0.65625,0.65625
0.9480794270833334,libero_spatial_t2_ep2,0.10251358494038715,0.14741565466005652,0.9333264723538754,0.849474652705445,manipulation,U_hat_mlp,0.9346489471274891,testC,libero_spatial_t02_ep002_s0056_manipulation,libero_spatial,2,0.796875,0.796875
0.4977213541666667,libero_spatial_t2_ep2,,,0.6113147245604941,0.020439150976196162,manipulation,B0_random,0.0185161078049897,testC,libero_spatial_t02_ep002_s0056_manipulation,libero_spatial,2,0.234375,0.234375
0.4047037760416667,libero_spatial_t2_ep2,,,0.5560024292203394,-0.23055857360054183,manipulation,B0x_token_index,-0.311733234149691,testC,libero_spatial_t02_ep002_s0056_manipulation,libero_spatial,2,0.1875,0.1875
0.7882486979166666,libero_spatial_t2_ep2,,,0.9016162981023675,0.6849464384528545,manipulation,B1_pred_norm_neg,0.5539253833829252,testC,libero_spatial_t02_ep002_s0056_manipulation,libero_spatial,2,0.625,0.625
0.8902180989583334,libero_spatial_t2_ep2,,,0.8110688580369415,0.6325239080823861,manipulation,B2_change_norm,0.869927328908217,testC,libero_spatial_t02_ep002_s0056_manipulation,libero_spatial,2,0.578125,0.578125
0.8912760416666666,libero_spatial_t2_ep2,,,0.8145206121778409,0.5084792754177512,manipulation,B3_cos_dist,0.8707663366903181,testC,libero_spatial_t02_ep002_s0056_manipulation,libero_spatial,2,0.578125,0.578125
0.885986328125,libero_spatial_t2_ep2,,,0.9059843769594766,0.7865586819389593,manipulation,B4_linear_stats,0.8658123998626688,testC,libero_spatial_t02_ep002_s0056_manipulation,libero_spatial,2,0.609375,0.609375
0.9541829427083334,libero_spatial_t2_ep3,0.09310821663321957,0.13344498568945762,0.9304543927020693,0.8876910306737522,approach,U_hat_mlp,0.950972047379263,testC,libero_spatial_t02_ep003_s0016_approach,libero_spatial,2,0.8125,0.8125
0.4820149739583333,libero_spatial_t2_ep3,,,0.607824863604907,0.01619222274868022,approach,B0_random,0.05608763447013047,testC,libero_spatial_t02_ep003_s0016_approach,libero_spatial,2,0.25,0.25
0.261962890625,libero_spatial_t2_ep3,,,0.5464984752029114,-0.40535661532910394,approach,B0x_token_index,-0.45676070038910505,testC,libero_spatial_t02_ep003_s0016_approach,libero_spatial,2,0.125,0.125
0.7447916666666666,libero_spatial_t2_ep3,,,0.8417289636171739,0.5401418356525269,approach,B1_pred_norm_neg,0.4413910505836576,testC,libero_spatial_t02_ep003_s0016_approach,libero_spatial,2,0.59375,0.59375
0.9268391927083334,libero_spatial_t2_ep3,,,0.8766086988037752,0.7458474309244317,approach,B2_change_norm,0.9172736896314946,testC,libero_spatial_t02_ep003_s0016_approach,libero_spatial,2,0.703125,0.703125
0.9266764322916666,libero_spatial_t2_ep3,,,0.875957159997545,0.6389400910625581,approach,B3_cos_dist,0.9168488212405584,testC,libero_spatial_t02_ep003_s0016_approach,libero_spatial,2,0.6875,0.6875
0.9139811197916666,libero_spatial_t2_ep3,,,0.8426984020927709,0.7901700349582716,approach,B4_linear_stats,0.8935397116044862,testC,libero_spatial_t02_ep003_s0016_approach,libero_spatial,2,0.65625,0.65625
0.9576822916666666,libero_spatial_t2_ep3,0.0811796187739785,0.11924562472492875,0.9584841344454731,0.9024867145969581,pre_grasp,U_hat_mlp,0.9511243991760128,testC,libero_spatial_t02_ep003_s0032_pre_grasp,libero_spatial,2,0.796875,0.796875
0.5611165364583334,libero_spatial_t2_ep3,,,0.6284815713184763,0.0356062903953309,pre_grasp,B0_random,-0.005941720073243305,testC,libero_spatial_t02_ep003_s0032_pre_grasp,libero_spatial,2,0.234375,0.234375
0.4086100260416667,libero_spatial_t2_ep3,,,0.607182824448292,-0.20038376440358338,pre_grasp,B0x_token_index,-0.28586132410162507,testC,libero_spatial_t02_ep003_s0032_pre_grasp,libero_spatial,2,0.1875,0.1875
0.7418619791666666,libero_spatial_t2_ep3,,,0.7932510830911607,0.42122092507829145,pre_grasp,B1_pred_norm_neg,0.37376115815976196,testC,libero_spatial_t02_ep003_s0032_pre_grasp,libero_spatial,2,0.578125,0.578125
0.9275716145833334,libero_spatial_t2_ep3,,,0.8482058418186045,0.764057343020981,pre_grasp,B2_change_norm,0.9238241016250859,testC,libero_spatial_t02_ep003_s0032_pre_grasp,libero_spatial,2,0.71875,0.71875
0.927734375,libero_spatial_t2_ep3,,,0.8480534289745667,0.6645624182185812,pre_grasp,B3_cos_dist,0.9237783245593958,testC,libero_spatial_t02_ep003_s0032_pre_grasp,libero_spatial,2,0.71875,0.71875
0.931640625,libero_spatial_t2_ep3,,,0.8522724058408504,0.8252235228684325,pre_grasp,B4_linear_stats,0.9250164511329824,testC,libero_spatial_t02_ep003_s0032_pre_grasp,libero_spatial,2,0.71875,0.71875
0.9557291666666666,libero_spatial_t2_ep3,0.09107945076585451,0.14135965475594145,0.9287159067386184,0.8758679961131108,manipulation,U_hat_mlp,0.9370779926756695,testC,libero_spatial_t02_ep003_s0056_manipulation,libero_spatial,2,0.828125,0.828125
0.4868977864583333,libero_spatial_t2_ep3,,,0.5886083945458964,-0.06241902015254701,manipulation,B0_random,-0.019566119249256123,testC,libero_spatial_t02_ep003_s0056_manipulation,libero_spatial,2,0.265625,0.265625
0.313720703125,libero_spatial_t2_ep3,,,0.5376973797733645,-0.3614008869319244,manipulation,B0x_token_index,-0.4204916742961776,testC,libero_spatial_t02_ep003_s0056_manipulation,libero_spatial,2,0.140625,0.140625
0.812744140625,libero_spatial_t2_ep3,,,0.8420498797097887,0.6236574093227116,manipulation,B1_pred_norm_neg,0.568111266880293,testC,libero_spatial_t02_ep003_s0056_manipulation,libero_spatial,2,0.609375,0.609375
0.893798828125,libero_spatial_t2_ep3,,,0.8325474219470728,0.6803796778496051,manipulation,B2_change_norm,0.8730380235751888,testC,libero_spatial_t02_ep003_s0056_manipulation,libero_spatial,2,0.65625,0.65625
0.8946940104166666,libero_spatial_t2_ep3,,,0.8370272589949651,0.5747566462245127,manipulation,B3_cos_dist,0.8740393968871595,testC,libero_spatial_t02_ep003_s0056_manipulation,libero_spatial,2,0.65625,0.65625
0.875244140625,libero_spatial_t2_ep3,,,0.8409997165584481,0.7628745086952236,manipulation,B4_linear_stats,0.853558451590753,testC,libero_spatial_t02_ep003_s0056_manipulation,libero_spatial,2,0.609375,0.609375
0.9674479166666666,libero_spatial_t2_ep4,0.08780153144780242,0.1358727101216667,0.9121634464719667,0.8723051798288721,approach,U_hat_mlp,0.950863326848249,testC,libero_spatial_t02_ep004_s0016_approach,libero_spatial,2,0.8125,0.8125
0.489013671875,libero_spatial_t2_ep4,,,0.5956508465605108,-0.03912372734542699,approach,B0_random,-0.04410834859235523,testC,libero_spatial_t02_ep004_s0016_approach,libero_spatial,2,0.25,0.25
0.2967122395833333,libero_spatial_t2_ep4,,,0.5461678318840213,-0.3756767120941421,approach,B0x_token_index,-0.44600881208514537,testC,libero_spatial_t02_ep004_s0016_approach,libero_spatial,2,0.140625,0.140625
0.7960611979166666,libero_spatial_t2_ep4,,,0.8736456121540342,0.6411858237143948,approach,B1_pred_norm_neg,0.5004327363241017,testC,libero_spatial_t02_ep004_s0016_approach,libero_spatial,2,0.625,0.625
0.941162109375,libero_spatial_t2_ep4,,,0.8661040598951406,0.6839322714808925,approach,B2_change_norm,0.9109900720988785,testC,libero_spatial_t02_ep004_s0016_approach,libero_spatial,2,0.75,0.75
0.9414876302083334,libero_spatial_t2_ep4,,,0.8661624262622685,0.5503678575540827,approach,B3_cos_dist,0.9110894941634241,testC,libero_spatial_t02_ep004_s0016_approach,libero_spatial,2,0.75,0.75
0.9127604166666666,libero_spatial_t2_ep4,,,0.8832118101157919,0.8196681550375087,approach,B4_linear_stats,0.8793974593728542,testC,libero_spatial_t02_ep004_s0016_approach,libero_spatial,2,0.78125,0.78125
0.9632975260416666,libero_spatial_t2_ep4,0.10111124555915921,0.13428440515120338,0.9500930318258236,0.892809020584078,pre_grasp,U_hat_mlp,0.920104715037766,testC,libero_spatial_t02_ep004_s0032_pre_grasp,libero_spatial,2,0.828125,0.828125
0.61865234375,libero_spatial_t2_ep4,,,0.6710255923758711,0.11465960616400049,pre_grasp,B0_random,0.11557922293430992,testC,libero_spatial_t02_ep004_s0032_pre_grasp,libero_spatial,2,0.3125,0.3125
0.3792317708333333,libero_spatial_t2_ep4,,,0.5915449541688294,-0.2728145573624216,pre_grasp,B0x_token_index,-0.3301098649576562,testC,libero_spatial_t02_ep004_s0032_pre_grasp,libero_spatial,2,0.15625,0.15625
0.81005859375,libero_spatial_t2_ep4,,,0.8596223335546875,0.5835305405778743,pre_grasp,B1_pred_norm_neg,0.5592798695353628,testC,libero_spatial_t02_ep004_s0032_pre_grasp,libero_spatial,2,0.625,0.625
0.9264322916666666,libero_spatial_t2_ep4,,,0.8661608129249639,0.6750034401603391,pre_grasp,B2_change_norm,0.9045777065690089,testC,libero_spatial_t02_ep004_s0032_pre_grasp,libero_spatial,2,0.75,0.75
0.9267578125,libero_spatial_t2_ep4,,,0.8664164814136875,0.5214163403536651,pre_grasp,B3_cos_dist,0.905060511558709,testC,libero_spatial_t02_ep004_s0032_pre_grasp,libero_spatial,2,0.75,0.75
0.9366861979166666,libero_spatial_t2_ep4,,,0.9044771351825969,0.8543987682926697,pre_grasp,B4_linear_stats,0.9172801270313573,testC,libero_spatial_t02_ep004_s0032_pre_grasp,libero_spatial,2,0.765625,0.765625
0.9656575520833334,libero_spatial_t2_ep4,0.11022745347931275,0.15894321638179762,0.9173798682319054,0.845353120744518,manipulation,U_hat_mlp,0.9104571984435798,testC,libero_spatial_t02_ep004_s0056_manipulation,libero_spatial,2,0.828125,0.828125
0.5052897135416666,libero_spatial_t2_ep4,,,0.564532053992179,-0.07928946873168165,manipulation,B0_random,-0.05526007095445182,testC,libero_spatial_t02_ep004_s0056_manipulation,libero_spatial,2,0.265625,0.265625
0.339111328125,libero_spatial_t2_ep4,,,0.5287504812644828,-0.3530724019700626,manipulation,B0x_token_index,-0.4136437113756008,testC,libero_spatial_t02_ep004_s0056_manipulation,libero_spatial,2,0.125,0.125
0.8362630208333334,libero_spatial_t2_ep4,,,0.8715418378990053,0.663180365057939,manipulation,B1_pred_norm_neg,0.562977082856489,testC,libero_spatial_t02_ep004_s0056_manipulation,libero_spatial,2,0.6875,0.6875
0.9348958333333334,libero_spatial_t2_ep4,,,0.8534854724077181,0.7124565945948533,manipulation,B2_change_norm,0.8928995479514763,testC,libero_spatial_t02_ep004_s0056_manipulation,libero_spatial,2,0.75,0.75
0.9359537760416666,libero_spatial_t2_ep4,,,0.8600181219232828,0.6059980265670124,manipulation,B3_cos_dist,0.8938558594644084,testC,libero_spatial_t02_ep004_s0056_manipulation,libero_spatial,2,0.765625,0.765625
0.9226888020833334,libero_spatial_t2_ep4,,,0.893101610510513,0.8187106906283316,manipulation,B4_linear_stats,0.892553358892195,testC,libero_spatial_t02_ep004_s0056_manipulation,libero_spatial,2,0.6875,0.6875
0.946044921875,libero_spatial_t2_ep5,0.12530208379039462,0.17500556097952133,0.9091780258816087,0.854737392138975,approach,U_hat_mlp,0.9193830109864958,testC,libero_spatial_t02_ep005_s0016_approach,libero_spatial,2,0.78125,0.78125
0.4931640625,libero_spatial_t2_ep5,,,0.5719241782214858,-0.06514106865016514,approach,B0_random,-0.08813372625314718,testC,libero_spatial_t02_ep005_s0016_approach,libero_spatial,2,0.234375,0.234375
0.3706868489583333,libero_spatial_t2_ep5,,,0.5996025819369872,-0.26216336685043035,approach,B0x_token_index,-0.3067156385900664,testC,libero_spatial_t02_ep005_s0016_approach,libero_spatial,2,0.203125,0.203125
0.8297526041666666,libero_spatial_t2_ep5,,,0.8589684901513167,0.6054168651498455,approach,B1_pred_norm_neg,0.5501194495307851,testC,libero_spatial_t02_ep005_s0016_approach,libero_spatial,2,0.65625,0.65625
0.9317220052083334,libero_spatial_t2_ep5,,,0.8750785957316646,0.7161640162990939,approach,B2_change_norm,0.8750178816662852,testC,libero_spatial_t02_ep005_s0016_approach,libero_spatial,2,0.75,0.75
0.931884765625,libero_spatial_t2_ep5,,,0.8756289193552622,0.6117873583818675,approach,B3_cos_dist,0.8752446211947814,testC,libero_spatial_t02_ep005_s0016_approach,libero_spatial,2,0.75,0.75
0.9266764322916666,libero_spatial_t2_ep5,,,0.8893522863065385,0.8177961580687783,approach,B4_linear_stats,0.8743426699473563,testC,libero_spatial_t02_ep005_s0016_approach,libero_spatial,2,0.75,0.75
0.9427897135416666,libero_spatial_t2_ep5,0.0949852368815906,0.12743430835035816,0.9563732928262118,0.9044306985429702,pre_grasp,U_hat_mlp,0.9329380292973221,testC,libero_spatial_t02_ep005_s0032_pre_grasp,libero_spatial,2,0.8125,0.8125
0.510498046875,libero_spatial_t2_ep5,,,0.6865516499621402,0.10556888105877618,pre_grasp,B0_random,0.10487883382925155,testC,libero_spatial_t02_ep005_s0032_pre_grasp,libero_spatial,2,0.265625,0.265625
0.3716634114583333,libero_spatial_t2_ep5,,,0.5729303929807688,-0.26170765840383525,pre_grasp,B0x_token_index,-0.31373097390707255,testC,libero_spatial_t02_ep005_s0032_pre_grasp,libero_spatial,2,0.125,0.125
0.84130859375,libero_spatial_t2_ep5,,,0.9174584397927036,0.6904114816241702,pre_grasp,B1_pred_norm_neg,0.6128011272602426,testC,libero_spatial_t02_ep005_s0032_pre_grasp,libero_spatial,2,0.671875,0.671875
0.9314778645833334,libero_spatial_t2_ep5,,,0.8835904898662569,0.7410744762440513,pre_grasp,B2_change_norm,0.9248140306706341,testC,libero_spatial_t02_ep005_s0032_pre_grasp,libero_spatial,2,0.75,0.75
0.9315592447916666,libero_spatial_t2_ep5,,,0.8836932824079837,0.616695202783037,pre_grasp,B3_cos_dist,0.9250221732661936,testC,libero_spatial_t02_ep005_s0032_pre_grasp,libero_spatial,2,0.75,0.75
0.9395345052083334,libero_spatial_t2_ep5,,,0.9351225911731087,0.8785658250525719,pre_grasp,B4_linear_stats,0.9313844701304647,testC,libero_spatial_t02_ep005_s0032_pre_grasp,libero_spatial,2,0.765625,0.765625
0.9612630208333334,libero_spatial_t2_ep5,0.11155027372168579,0.15931257452328484,0.9144991607822635,0.8446949779760773,manipulation,U_hat_mlp,0.9342755779354543,testC,libero_spatial_t02_ep005_s0056_manipulation,libero_spatial,2,0.828125,0.828125
0.482666015625,libero_spatial_t2_ep5,,,0.5989640890959527,0.02696181998444369,manipulation,B0_random,0.033980888075074385,testC,libero_spatial_t02_ep005_s0056_manipulation,libero_spatial,2,0.1875,0.1875
0.3767903645833333,libero_spatial_t2_ep5,,,0.5393296221972741,-0.28117516621090893,manipulation,B0x_token_index,-0.3361760414282445,testC,libero_spatial_t02_ep005_s0056_manipulation,libero_spatial,2,0.171875,0.171875
0.8159993489583334,libero_spatial_t2_ep5,,,0.8899543745410236,0.717706572323169,manipulation,B1_pred_norm_neg,0.6480888075074388,testC,libero_spatial_t02_ep005_s0056_manipulation,libero_spatial,2,0.640625,0.640625
0.9205729166666666,libero_spatial_t2_ep5,,,0.8421122055060654,0.7024288039207677,manipulation,B2_change_norm,0.8879134241245136,testC,libero_spatial_t02_ep005_s0056_manipulation,libero_spatial,2,0.71875,0.71875
0.920654296875,libero_spatial_t2_ep5,,,0.8425972251608475,0.5883276144969795,manipulation,B3_cos_dist,0.8884484435797665,testC,libero_spatial_t02_ep005_s0056_manipulation,libero_spatial,2,0.71875,0.71875
0.9271647135416666,libero_spatial_t2_ep5,,,0.9338918127631722,0.8180402941664158,manipulation,B4_linear_stats,0.8975630865186541,testC,libero_spatial_t02_ep005_s0056_manipulation,libero_spatial,2,0.75,0.75
0.9581705729166666,libero_spatial_t2_ep6,0.08467341676888743,0.11572865396790721,0.952758165961866,0.9271086855648218,approach,U_hat_mlp,0.9507839322499427,testC,libero_spatial_t02_ep006_s0016_approach,libero_spatial,2,0.765625,0.765625
0.5608723958333334,libero_spatial_t2_ep6,,,0.6721205067092443,0.1408522762114097,approach,B0_random,0.13023575188830397,testC,libero_spatial_t02_ep006_s0016_approach,libero_spatial,2,0.28125,0.28125
0.2613118489583333,libero_spatial_t2_ep6,,,0.5968042807234863,-0.4250174577232371,approach,B0x_token_index,-0.450468499656672,testC,libero_spatial_t02_ep006_s0016_approach,libero_spatial,2,0.140625,0.140625
0.7906087239583334,libero_spatial_t2_ep6,,,0.8601627652869605,0.5539633540889707,approach,B1_pred_norm_neg,0.5085803387502861,testC,libero_spatial_t02_ep006_s0016_approach,libero_spatial,2,0.5625,0.5625
0.918212890625,libero_spatial_t2_ep6,,,0.8605286347743843,0.687220862410802,approach,B2_change_norm,0.8990579938200961,testC,libero_spatial_t02_ep006_s0016_approach,libero_spatial,2,0.640625,0.640625
0.91845703125,libero_spatial_t2_ep6,,,0.8606331862271681,0.5455545529731403,approach,B3_cos_dist,0.8993026150148775,testC,libero_spatial_t02_ep006_s0016_approach,libero_spatial,2,0.640625,0.640625
0.900634765625,libero_spatial_t2_ep6,,,0.8991422071186052,0.8345166464747118,approach,B4_linear_stats,0.8795705539024948,testC,libero_spatial_t02_ep006_s0016_approach,libero_spatial,2,0.640625,0.640625
0.947021484375,libero_spatial_t2_ep6,0.09958802056075855,0.13747693279062342,0.9397133712768209,0.8884549184311067,pre_grasp,U_hat_mlp,0.9268847276264591,testC,libero_spatial_t02_ep006_s0032_pre_grasp,libero_spatial,2,0.765625,0.765625
0.552490234375,libero_spatial_t2_ep6,,,0.6882876184692538,0.14967302115710632,pre_grasp,B0_random,0.138359750514992,testC,libero_spatial_t02_ep006_s0032_pre_grasp,libero_spatial,2,0.296875,0.296875
0.3404947916666667,libero_spatial_t2_ep6,,,0.5459551412408344,-0.3163418585920192,pre_grasp,B0x_token_index,-0.3697284847791257,testC,libero_spatial_t02_ep006_s0032_pre_grasp,libero_spatial,2,0.109375,0.109375
0.8019205729166666,libero_spatial_t2_ep6,,,0.869042991765108,0.6239303474940133,pre_grasp,B1_pred_norm_neg,0.5699380579079881,testC,libero_spatial_t02_ep006_s0032_pre_grasp,libero_spatial,2,0.65625,0.65625
0.9208170572916666,libero_spatial_t2_ep6,,,0.8902176470303239,0.6981331913415356,pre_grasp,B2_change_norm,0.8957084000915542,testC,libero_spatial_t02_ep006_s0032_pre_grasp,libero_spatial,2,0.71875,0.71875
0.921142578125,libero_spatial_t2_ep6,,,0.8913430636680998,0.5656040053265355,pre_grasp,B3_cos_dist,0.8962005035477226,testC,libero_spatial_t02_ep006_s0032_pre_grasp,libero_spatial,2,0.71875,0.71875
0.9292805989583334,libero_spatial_t2_ep6,,,0.8897068835367994,0.8323435664001744,pre_grasp,B4_linear_stats,0.9014398317692836,testC,libero_spatial_t02_ep006_s0032_pre_grasp,libero_spatial,2,0.703125,0.703125
0.9573567708333334,libero_spatial_t2_ep6,0.11141699874475276,0.16209042655225525,0.9241920759005273,0.8468842638802374,manipulation,U_hat_mlp,0.9343771457999542,testC,libero_spatial_t02_ep006_s0056_manipulation,libero_spatial,2,0.828125,0.828125
0.5543619791666666,libero_spatial_t2_ep6,,,0.5950856129312722,0.03526247453999188,manipulation,B0_random,0.04080810826276036,testC,libero_spatial_t02_ep006_s0056_manipulation,libero_spatial,2,0.3125,0.3125
0.3444010416666667,libero_spatial_t2_ep6,,,0.49173309158716677,-0.2837048181551224,manipulation,B0x_token_index,-0.35170448043030444,testC,libero_spatial_t02_ep006_s0056_manipulation,libero_spatial,2,0.109375,0.109375
0.8622233072916666,libero_spatial_t2_ep6,,,0.9003840305877377,0.7516696978938416,manipulation,B1_pred_norm_neg,0.6697141794460975,testC,libero_spatial_t02_ep006_s0056_manipulation,libero_spatial,2,0.703125,0.703125
0.9066569010416666,libero_spatial_t2_ep6,,,0.8207108205400204,0.6922593234107436,manipulation,B2_change_norm,0.8842491130693523,testC,libero_spatial_t02_ep006_s0056_manipulation,libero_spatial,2,0.6875,0.6875
0.9073893229166666,libero_spatial_t2_ep6,,,0.8233326342021551,0.5896130749890073,manipulation,B3_cos_dist,0.8850995651178759,testC,libero_spatial_t02_ep006_s0056_manipulation,libero_spatial,2,0.6875,0.6875
0.9228515625,libero_spatial_t2_ep6,,,0.8588844611535518,0.797172381089616,manipulation,B4_linear_stats,0.8939459830624857,testC,libero_spatial_t02_ep006_s0056_manipulation,libero_spatial,2,0.6875,0.6875
0.9638671875,libero_spatial_t2_ep7,0.08481699247859235,0.11637015754556196,0.9609586480374157,0.9207922625901729,approach,U_hat_mlp,0.9506780727855344,testC,libero_spatial_t02_ep007_s0016_approach,libero_spatial,2,0.828125,0.828125
0.4991861979166667,libero_spatial_t2_ep7,,,0.6356147380666699,-0.01767663008050269,approach,B0_random,-0.03546292057679103,testC,libero_spatial_t02_ep007_s0016_approach,libero_spatial,2,0.265625,0.265625
0.23844401041666666,libero_spatial_t2_ep7,,,0.5949136062369288,-0.4392216294578857,approach,B0x_token_index,-0.45772344930189973,testC,libero_spatial_t02_ep007_s0016_approach,libero_spatial,2,0.140625,0.140625
0.7516276041666666,libero_spatial_t2_ep7,,,0.8689684364969421,0.5674400152083786,approach,B1_pred_norm_neg,0.4859285591668574,testC,libero_spatial_t02_ep007_s0016_approach,libero_spatial,2,0.546875,0.546875
0.9198404947916666,libero_spatial_t2_ep7,,,0.8599015888262094,0.6710403303486931,approach,B2_change_norm,0.8891472590981918,testC,libero_spatial_t02_ep007_s0016_approach,libero_spatial,2,0.671875,0.671875
0.9200032552083334,libero_spatial_t2_ep7,,,0.8609245411043711,0.5242961946108153,approach,B3_cos_dist,0.8895392252231632,testC,libero_spatial_t02_ep007_s0016_approach,libero_spatial,2,0.671875,0.671875
0.939697265625,libero_spatial_t2_ep7,,,0.9240586365305553,0.850977387403455,approach,B4_linear_stats,0.8990050640878919,testC,libero_spatial_t02_ep007_s0016_approach,libero_spatial,2,0.71875,0.71875
0.9188639322916666,libero_spatial_t2_ep7,0.09815920106007577,0.13958168262040757,0.9410494663043762,0.8545294024586746,pre_grasp,U_hat_mlp,0.9133511673151751,testC,libero_spatial_t02_ep007_s0032_pre_grasp,libero_spatial,2,0.75,0.75
0.5689290364583334,libero_spatial_t2_ep7,,,0.6420751331476057,0.05945614659827346,pre_grasp,B0_random,0.04408546005951019,testC,libero_spatial_t02_ep007_s0032_pre_grasp,libero_spatial,2,0.3125,0.3125
0.3601888020833333,libero_spatial_t2_ep7,,,0.6039857352426916,-0.23970957692807102,pre_grasp,B0x_token_index,-0.3248762588693065,testC,libero_spatial_t02_ep007_s0032_pre_grasp,libero_spatial,2,0.15625,0.15625
0.7750651041666666,libero_spatial_t2_ep7,,,0.8251167950582705,0.5378917020466067,pre_grasp,B1_pred_norm_neg,0.520469501029984,testC,libero_spatial_t02_ep007_s0032_pre_grasp,libero_spatial,2,0.578125,0.578125
0.9149576822916666,libero_spatial_t2_ep7,,,0.8461445292113351,0.65432641950444,pre_grasp,B2_change_norm,0.9060075246051728,testC,libero_spatial_t02_ep007_s0032_pre_grasp,libero_spatial,2,0.640625,0.640625
0.9149576822916666,libero_spatial_t2_ep7,,,0.8465853596686308,0.527300114096741,pre_grasp,B3_cos_dist,0.9061577306019684,testC,libero_spatial_t02_ep007_s0032_pre_grasp,libero_spatial,2,0.640625,0.640625
0.9122721354166666,libero_spatial_t2_ep7,,,0.885623487521755,0.7955871419735719,pre_grasp,B4_linear_stats,0.9050912680247196,testC,libero_spatial_t02_ep007_s0032_pre_grasp,libero_spatial,2,0.640625,0.640625
0.962158203125,libero_spatial_t2_ep7,0.10936996647827055,0.14880244068231233,0.9353256688407161,0.8612862439947014,manipulation,U_hat_mlp,0.9165469787136644,testC,libero_spatial_t02_ep007_s0056_manipulation,libero_spatial,2,0.828125,0.828125
0.5303548177083334,libero_spatial_t2_ep7,,,0.6401716911879911,0.013480197437298084,manipulation,B0_random,-0.025135185397116046,testC,libero_spatial_t02_ep007_s0056_manipulation,libero_spatial,2,0.296875,0.296875
0.3264973958333333,libero_spatial_t2_ep7,,,0.5491478160836103,-0.3219173344657893,manipulation,B0x_token_index,-0.3900914110780499,testC,libero_spatial_t02_ep007_s0056_manipulation,libero_spatial,2,0.125,0.125
0.8159993489583334,libero_spatial_t2_ep7,,,0.8942578321391517,0.6674340877565335,manipulation,B1_pred_norm_neg,0.5572356374456398,testC,libero_spatial_t02_ep007_s0056_manipulation,libero_spatial,2,0.625,0.625
0.9091796875,libero_spatial_t2_ep7,,,0.8242752030216209,0.6599632219823812,manipulation,B2_change_norm,0.8769448100251774,testC,libero_spatial_t02_ep007_s0056_manipulation,libero_spatial,2,0.640625,0.640625
0.9100748697916666,libero_spatial_t2_ep7,,,0.8221846498495737,0.526113339883413,manipulation,B3_cos_dist,0.8776657988097963,testC,libero_spatial_t02_ep007_s0056_manipulation,libero_spatial,2,0.640625,0.640625
0.9295247395833334,libero_spatial_t2_ep7,,,0.9243092076436153,0.8392752292209146,manipulation,B4_linear_stats,0.9001094357976653,testC,libero_spatial_t02_ep007_s0056_manipulation,libero_spatial,2,0.703125,0.703125
0.965576171875,libero_spatial_t2_ep8,0.08766708926804623,0.12360032709333488,0.94925306455662,0.9216121991000193,approach,U_hat_mlp,0.9535484378576333,testC,libero_spatial_t02_ep008_s0016_approach,libero_spatial,2,0.828125,0.828125
0.4451497395833333,libero_spatial_t2_ep8,,,0.5703179239450247,-0.06465950028507338,approach,B0_random,-0.07273689631494622,testC,libero_spatial_t02_ep008_s0016_approach,libero_spatial,2,0.203125,0.203125
0.263916015625,libero_spatial_t2_ep8,,,0.5730597592088897,-0.4410043576305573,approach,B0x_token_index,-0.45476796749828335,testC,libero_spatial_t02_ep008_s0016_approach,libero_spatial,2,0.109375,0.109375
0.8304036458333334,libero_spatial_t2_ep8,,,0.8762945072826314,0.6185505701063251,approach,B1_pred_norm_neg,0.5596160448615244,testC,libero_spatial_t02_ep008_s0016_approach,libero_spatial,2,0.671875,0.671875
0.9393717447916666,libero_spatial_t2_ep8,,,0.8971991368155833,0.7522437293578221,approach,B2_change_norm,0.913635128175784,testC,libero_spatial_t02_ep008_s0016_approach,libero_spatial,2,0.75,0.75
0.939697265625,libero_spatial_t2_ep8,,,0.8971805756656193,0.6204077421557536,approach,B3_cos_dist,0.9139126516365301,testC,libero_spatial_t02_ep008_s0016_approach,libero_spatial,2,0.75,0.75
0.90673828125,libero_spatial_t2_ep8,,,0.890275705023541,0.8337639130327563,approach,B4_linear_stats,0.8730694953078507,testC,libero_spatial_t02_ep008_s0016_approach,libero_spatial,2,0.703125,0.703125
0.9507649739583334,libero_spatial_t2_ep8,0.09867574363675077,0.14155349168945758,0.940003209396622,0.8742510218738849,pre_grasp,U_hat_mlp,0.936419232089723,testC,libero_spatial_t02_ep008_s0032_pre_grasp,libero_spatial,2,0.796875,0.796875
0.5021158854166666,libero_spatial_t2_ep8,,,0.6085474582547924,0.0391919329297312,pre_grasp,B0_random,0.03662522888532845,testC,libero_spatial_t02_ep008_s0032_pre_grasp,libero_spatial,2,0.265625,0.265625
0.381103515625,libero_spatial_t2_ep8,,,0.530456099024921,-0.2554431446045823,pre_grasp,B0x_token_index,-0.3197334916456855,testC,libero_spatial_t02_ep008_s0032_pre_grasp,libero_spatial,2,0.140625,0.140625
0.8544921875,libero_spatial_t2_ep8,,,0.864680208545786,0.6669569611697703,pre_grasp,B1_pred_norm_neg,0.6219572556649119,testC,libero_spatial_t02_ep008_s0032_pre_grasp,libero_spatial,2,0.671875,0.671875
0.9457194010416666,libero_spatial_t2_ep8,,,0.8655553658521853,0.754398766310046,pre_grasp,B2_change_norm,0.924143825818265,testC,libero_spatial_t02_ep008_s0032_pre_grasp,libero_spatial,2,0.75,0.75
0.9461263020833334,libero_spatial_t2_ep8,,,0.8641885930335396,0.639130697669483,pre_grasp,B3_cos_dist,0.9247796978713665,testC,libero_spatial_t02_ep008_s0032_pre_grasp,libero_spatial,2,0.75,0.75
0.9500325520833334,libero_spatial_t2_ep8,,,0.9217059580236685,0.8638659788475398,pre_grasp,B4_linear_stats,0.932799267566949,testC,libero_spatial_t02_ep008_s0032_pre_grasp,libero_spatial,2,0.765625,0.765625
0.946533203125,libero_spatial_t2_ep8,0.1067469362681914,0.1692484574730771,0.8713190100001822,0.7942400622581229,manipulation,U_hat_mlp,0.9327935454337377,testC,libero_spatial_t02_ep008_s0056_manipulation,libero_spatial,2,0.796875,0.796875
0.4830729166666667,libero_spatial_t2_ep8,,,0.5389903698821716,0.02783318058609056,manipulation,B0_random,0.05113584344243534,testC,libero_spatial_t02_ep008_s0056_manipulation,libero_spatial,2,0.21875,0.21875
0.3824869791666667,libero_spatial_t2_ep8,,,0.5100832903389625,-0.2948599667599718,manipulation,B0x_token_index,-0.3522130350194553,testC,libero_spatial_t02_ep008_s0056_manipulation,libero_spatial,2,0.15625,0.15625
0.8243815104166666,libero_spatial_t2_ep8,,,0.839060703167396,0.6205850024974423,manipulation,B1_pred_norm_neg,0.5969965953307393,testC,libero_spatial_t02_ep008_s0056_manipulation,libero_spatial,2,0.640625,0.640625
0.9054361979166666,libero_spatial_t2_ep8,,,0.8033281921461594,0.694239470687558,manipulation,B2_change_norm,0.8959415770199131,testC,libero_spatial_t02_ep008_s0056_manipulation,libero_spatial,2,0.625,0.625
0.9055989583333334,libero_spatial_t2_ep8,,,0.8044273549507449,0.5928284362705837,manipulation,B3_cos_dist,0.8962984950789654,testC,libero_spatial_t02_ep008_s0056_manipulation,libero_spatial,2,0.625,0.625
0.875,libero_spatial_t2_ep8,,,0.8369620910159742,0.7484967764707372,manipulation,B4_linear_stats,0.8781958113984893,testC,libero_spatial_t02_ep008_s0056_manipulation,libero_spatial,2,0.59375,0.59375
0.97021484375,libero_spatial_t2_ep9,0.09195155811962352,0.1293096327971018,0.9535207797265498,0.9118493421936397,approach,U_hat_mlp,0.9525356202792401,testC,libero_spatial_t02_ep009_s0016_approach,libero_spatial,2,0.859375,0.859375
0.4500325520833333,libero_spatial_t2_ep9,,,0.634521008348974,-0.048162456616736515,approach,B0_random,-0.03848420691233692,testC,libero_spatial_t02_ep009_s0016_approach,libero_spatial,2,0.25,0.25
0.3050944010416667,libero_spatial_t2_ep9,,,0.5997255586115848,-0.3743259643099087,approach,B0x_token_index,-0.40937142366674295,testC,libero_spatial_t02_ep009_s0016_approach,libero_spatial,2,0.1875,0.1875
0.773193359375,libero_spatial_t2_ep9,,,0.8240959496422244,0.5323979583916305,approach,B1_pred_norm_neg,0.5042730029755093,testC,libero_spatial_t02_ep009_s0016_approach,libero_spatial,2,0.5625,0.5625
0.9195963541666666,libero_spatial_t2_ep9,,,0.8550172832853401,0.6773173450499791,approach,B2_change_norm,0.8991144998855574,testC,libero_spatial_t02_ep009_s0016_approach,libero_spatial,2,0.671875,0.671875
0.919677734375,libero_spatial_t2_ep9,,,0.8552085563085058,0.5239481554980155,approach,B3_cos_dist,0.899221074616617,testC,libero_spatial_t02_ep009_s0016_approach,libero_spatial,2,0.671875,0.671875
0.915283203125,libero_spatial_t2_ep9,,,0.8869153573355866,0.8315436141417777,approach,B4_linear_stats,0.8902058537422751,testC,libero_spatial_t02_ep009_s0016_approach,libero_spatial,2,0.71875,0.71875
0.924072265625,libero_spatial_t2_ep9,0.10251702616966524,0.14251988343819166,0.9359870990629172,0.8729293219650062,pre_grasp,U_hat_mlp,0.9254162851911193,testC,libero_spatial_t02_ep009_s0032_pre_grasp,libero_spatial,2,0.734375,0.734375
0.464599609375,libero_spatial_t2_ep9,,,0.6282908496758657,-0.026726056501816618,pre_grasp,B0_random,-0.03851281757839323,testC,libero_spatial_t02_ep009_s0032_pre_grasp,libero_spatial,2,0.234375,0.234375
0.39208984375,libero_spatial_t2_ep9,,,0.5811250067014937,-0.2724592681430974,pre_grasp,B0x_token_index,-0.3460631723506523,testC,libero_spatial_t02_ep009_s0032_pre_grasp,libero_spatial,2,0.171875,0.171875
0.7366536458333334,libero_spatial_t2_ep9,,,0.8512402176911581,0.5321633505275014,pre_grasp,B1_pred_norm_neg,0.47199158846417943,testC,libero_spatial_t02_ep009_s0032_pre_grasp,libero_spatial,2,0.5625,0.5625
0.905517578125,libero_spatial_t2_ep9,,,0.8468563482094444,0.6583792742208064,pre_grasp,B2_change_norm,0.8984793430991074,testC,libero_spatial_t02_ep009_s0032_pre_grasp,libero_spatial,2,0.640625,0.640625
0.9056803385416666,libero_spatial_t2_ep9,,,0.8473277898902807,0.5223520741386831,pre_grasp,B3_cos_dist,0.8988219558251316,testC,libero_spatial_t02_ep009_s0032_pre_grasp,libero_spatial,2,0.640625,0.640625
0.9158528645833334,libero_spatial_t2_ep9,,,0.8862839953649956,0.822811384204081,pre_grasp,B4_linear_stats,0.9133475909819181,testC,libero_spatial_t02_ep009_s0032_pre_grasp,libero_spatial,2,0.65625,0.65625
0.9628092447916666,libero_spatial_t2_ep9,0.11644048952353392,0.16228107575758965,0.9144843516252722,0.8212162323782409,manipulation,U_hat_mlp,0.9261952105745022,testC,libero_spatial_t02_ep009_s0056_manipulation,libero_spatial,2,0.8125,0.8125
0.5367838541666666,libero_spatial_t2_ep9,,,0.5714882567789001,-0.005663019917531326,manipulation,B0_random,0.011310511558709086,testC,libero_spatial_t02_ep009_s0056_manipulation,libero_spatial,2,0.25,0.25
0.3330891927083333,libero_spatial_t2_ep9,,,0.5013962155679696,-0.3010943097991466,manipulation,B0x_token_index,-0.39798437857633323,testC,libero_spatial_t02_ep009_s0056_manipulation,libero_spatial,2,0.125,0.125
0.826171875,libero_spatial_t2_ep9,,,0.854701569569784,0.6417492730248379,manipulation,B1_pred_norm_neg,0.5932514591439688,testC,libero_spatial_t02_ep009_s0056_manipulation,libero_spatial,2,0.65625,0.65625
0.9258626302083334,libero_spatial_t2_ep9,,,0.8376540892480455,0.6862619020099141,manipulation,B2_change_norm,0.8820146200503548,testC,libero_spatial_t02_ep009_s0056_manipulation,libero_spatial,2,0.6875,0.6875
0.9263509114583334,libero_spatial_t2_ep9,,,0.8379508978324911,0.5877909875178585,manipulation,B3_cos_dist,0.8823608091096361,testC,libero_spatial_t02_ep009_s0056_manipulation,libero_spatial,2,0.6875,0.6875
0.9036458333333334,libero_spatial_t2_ep9,,,0.836083575186423,0.7423236314795102,manipulation,B4_linear_stats,0.8634076733806363,testC,libero_spatial_t02_ep009_s0056_manipulation,libero_spatial,2,0.640625,0.640625
