state_id,split,phase,suite,task_id,episode,predictor,spearman,pearson,top64_recall,top64_precision,ndcg64,auroc_top_quartile
libero_object_t03_ep000_s0024_approach,train,approach,libero_object,3,libero_object_t3_ep0,B0_random,-0.06482604715037767,-0.08902486375174104,0.171875,0.171875,0.5732090336084942,0.4595540364583333
libero_object_t03_ep000_s0024_approach,train,approach,libero_object,3,libero_object_t3_ep0,B0x_token_index,-0.27483262760357063,-0.315665723639814,0.109375,0.109375,0.6016571580204049,0.266845703125
libero_object_t03_ep000_s0024_approach,train,approach,libero_object,3,libero_object_t3_ep0,B1_pred_norm_neg,0.5946040283817807,0.6909495272213867,0.671875,0.671875,0.893249448089882,0.8893229166666666
libero_object_t03_ep000_s0024_approach,train,approach,libero_object,3,libero_object_t3_ep0,B2_change_norm,0.9206762130922408,0.7215272548749834,0.828125,0.828125,0.8965004181135662,0.96533203125
libero_object_t03_ep000_s0024_approach,train,approach,libero_object,3,libero_object_t3_ep0,B3_cos_dist,0.920395828564889,0.5852401950110734,0.828125,0.828125,0.8966214064803271,0.9649251302083334
libero_object_t03_ep000_s0024_approach,train,approach,libero_object,3,libero_object_t3_ep0,B4_linear_stats,0.9137309739070726,0.8647810285489317,0.796875,0.796875,0.9386519609601996,0.9646809895833334
libero_object_t03_ep000_s0040_pre_grasp,train,pre_grasp,libero_object,3,libero_object_t3_ep0,B0_random,-0.07660505836575876,-0.0391123338259478,0.21875,0.21875,0.5726113296756,0.4688313802083333
libero_object_t03_ep000_s0040_pre_grasp,train,pre_grasp,libero_object,3,libero_object_t3_ep0,B0x_token_index,-0.22965567063401235,-0.22087078330481347,0.09375,0.09375,0.5465568757013195,0.3397623697916667
libero_object_t03_ep000_s0040_pre_grasp,train,pre_grasp,libero_object,3,libero_object_t3_ep0,B1_pred_norm_neg,0.6236495765621424,0.6887436244804007,0.671875,0.671875,0.8597325080991535,0.8978678385416666
libero_object_t03_ep000_s0040_pre_grasp,train,pre_grasp,libero_object,3,libero_object_t3_ep0,B2_change_norm,0.9412880521858549,0.7515153296823007,0.8125,0.8125,0.8797987416914103,0.951416015625
libero_object_t03_ep000_s0040_pre_grasp,train,pre_grasp,libero_object,3,libero_object_t3_ep0,B3_cos_dist,0.9414833199816892,0.6034287273697263,0.8125,0.8125,0.8798652145426982,0.95166015625
libero_object_t03_ep000_s0040_pre_grasp,train,pre_grasp,libero_object,3,libero_object_t3_ep0,B4_linear_stats,0.9439338235294118,0.8371358148701956,0.78125,0.78125,0.8835768644941461,0.952392578125
libero_object_t03_ep000_s0064_manipulation,train,manipulation,libero_object,3,libero_object_t3_ep0,B0_random,-0.04456039711604486,-0.022169173852740563,0.1875,0.1875,0.5163723584797291,0.50390625
libero_object_t03_ep000_s0064_manipulation,train,manipulation,libero_object,3,libero_object_t3_ep0,B0x_token_index,-0.31200932707713436,-0.3251821307740655,0.03125,0.03125,0.43401199111854394,0.24430338541666666
libero_object_t03_ep000_s0064_manipulation,train,manipulation,libero_object,3,libero_object_t3_ep0,B1_pred_norm_neg,0.669737783245594,0.8216456856397495,0.765625,0.765625,0.9019810367671874,0.934326171875
libero_object_t03_ep000_s0064_manipulation,train,manipulation,libero_object,3,libero_object_t3_ep0,B2_change_norm,0.9213313973449302,0.6584652633661986,0.78125,0.78125,0.7997767805603095,0.9485677083333334
libero_object_t03_ep000_s0064_manipulation,train,manipulation,libero_object,3,libero_object_t3_ep0,B3_cos_dist,0.9219214923323416,0.525734122872127,0.78125,0.78125,0.8020094061923259,0.948974609375
libero_object_t03_ep000_s0064_manipulation,train,manipulation,libero_object,3,libero_object_t3_ep0,B4_linear_stats,0.9310611696040284,0.851071088500757,0.8125,0.8125,0.909431170477106,0.9654947916666666
libero_object_t03_ep001_s0024_approach,train,approach,libero_object,3,libero_object_t3_ep1,B0_random,0.027035648889906158,0.03408947798405229,0.28125,0.28125,0.6078920909447235,0.52783203125
libero_object_t03_ep001_s0024_approach,train,approach,libero_object,3,libero_object_t3_ep1,B0x_token_index,-0.3148417830167086,-0.33425849628775617,0.125,0.125,0.592046590416301,0.295654296875
libero_object_t03_ep001_s0024_approach,train,approach,libero_object,3,libero_object_t3_ep1,B1_pred_norm_neg,0.6540083543144884,0.7176491624305688,0.640625,0.640625,0.9009093972068074,0.874755859375
libero_object_t03_ep001_s0024_approach,train,approach,libero_object,3,libero_object_t3_ep1,B2_change_norm,0.9326340409704738,0.7045720062855095,0.765625,0.765625,0.8921774062753483,0.9484049479166666
libero_object_t03_ep001_s0024_approach,train,approach,libero_object,3,libero_object_t3_ep1,B3_cos_dist,0.9326233119707027,0.5665752767763841,0.765625,0.765625,0.8924178020101539,0.9488118489583334
libero_object_t03_ep001_s0024_approach,train,approach,libero_object,3,libero_object_t3_ep1,B4_linear_stats,0.9265750171663997,0.8612924174427449,0.765625,0.765625,0.9326290726449818,0.9405924479166666
libero_object_t03_ep001_s0040_pre_grasp,train,pre_grasp,libero_object,3,libero_object_t3_ep1,B0_random,-0.013859006637674524,-0.03703012030143515,0.234375,0.234375,0.5125981409906146,0.5244140625
libero_object_t03_ep001_s0040_pre_grasp,train,pre_grasp,libero_object,3,libero_object_t3_ep1,B0x_token_index,-0.28220774204623483,-0.3008635674804033,0.015625,0.015625,0.4907831645613208,0.2676595052083333
libero_object_t03_ep001_s0040_pre_grasp,train,pre_grasp,libero_object,3,libero_object_t3_ep1,B1_pred_norm_neg,0.6952470531013962,0.8107687779070005,0.796875,0.796875,0.9143281775690609,0.9541015625
libero_object_t03_ep001_s0040_pre_grasp,train,pre_grasp,libero_object,3,libero_object_t3_ep1,B2_change_norm,0.9576433394369421,0.8074042291308584,0.921875,0.921875,0.9084497786745654,0.98486328125
libero_object_t03_ep001_s0040_pre_grasp,train,pre_grasp,libero_object,3,libero_object_t3_ep1,B3_cos_dist,0.9577348935683223,0.6697811768617927,0.921875,0.921875,0.9084128956306671,0.985107421875
libero_object_t03_ep001_s0040_pre_grasp,train,pre_grasp,libero_object,3,libero_object_t3_ep1,B4_linear_stats,0.9625,0.8915160818472739,0.90625,0.90625,0.9072771119439702,0.988037109375
libero_object_t03_ep001_s0064_manipulation,train,manipulation,libero_object,3,libero_object_t3_ep1,B0_random,0.08153610666056306,0.07299543975332377,0.3125,0.3125,0.5739498149840149,0.5655924479166666
libero_object_t03_ep001_s0064_manipulation,train,manipulation,libero_object,3,libero_object_t3_ep1,B0x_token_index,-0.35614271000228886,-0.3262120494910721,0.0,0.0,0.4683036981700172,0.24226888020833334
libero_object_t03_ep001_s0064_manipulation,train,manipulation,libero_object,3,libero_object_t3_ep1,B1_pred_norm_neg,0.7321283474479285,0.802616279379614,0.78125,0.78125,0.9296917314448429,0.953857421875
libero_object_t03_ep001_s0064_manipulation,train,manipulation,libero_object,3,libero_object_t3_ep1,B2_change_norm,0.9256244277866789,0.7857548879911391,0.859375,0.859375,0.8859359558841994,0.974609375
libero_object_t03_ep001_s0064_manipulation,train,manipulation,libero_object,3,libero_object_t3_ep1,B3_cos_dist,0.926061455710689,0.6943502097307862,0.875,0.875,0.8869028683909802,0.97509765625
libero_object_t03_ep001_s0064_manipulation,train,manipulation,libero_object,3,libero_object_t3_ep1,B4_linear_stats,0.9157430189974822,0.8260831847675718,0.859375,0.859375,0.8861040002608278,0.952880859375
libero_object_t03_ep002_s0016_approach,train,approach,libero_object,3,libero_object_t3_ep2,B0_random,-0.02914210917830167,-0.07246890000208996,0.296875,0.296875,0.5387590676570473,0.5279947916666666
libero_object_t03_ep002_s0016_approach,train,approach,libero_object,3,libero_object_t3_ep2,B0x_token_index,-0.40125529297322043,-0.44538259641838424,0.09375,0.09375,0.4699325295030354,0.23136393229166666
libero_object_t03_ep002_s0016_approach,train,approach,libero_object,3,libero_object_t3_ep2,B1_pred_norm_neg,0.6135893511100938,0.74609396960379,0.625,0.625,0.85782714784602,0.8621419270833334
libero_object_t03_ep002_s0016_approach,train,approach,libero_object,3,libero_object_t3_ep2,B2_change_norm,0.9413123712520027,0.7260952783745124,0.859375,0.859375,0.8730504702343757,0.9737955729166666
libero_object_t03_ep002_s0016_approach,train,approach,libero_object,3,libero_object_t3_ep2,B3_cos_dist,0.9415126459143969,0.5786467107907451,0.859375,0.859375,0.8732917153446614,0.9739583333333334
libero_object_t03_ep002_s0016_approach,train,approach,libero_object,3,libero_object_t3_ep2,B4_linear_stats,0.9301949816891737,0.8556922692100978,0.84375,0.84375,0.9045283161814981,0.95849609375
libero_object_t03_ep002_s0040_pre_grasp,train,pre_grasp,libero_object,3,libero_object_t3_ep2,B0_random,-0.08211475738155184,-0.11825506972503978,0.171875,0.171875,0.5417420786434325,0.4336751302083333
libero_object_t03_ep002_s0040_pre_grasp,train,pre_grasp,libero_object,3,libero_object_t3_ep2,B0x_token_index,-0.2453421835660334,-0.24421872261230296,0.046875,0.046875,0.5501199804458683,0.2798665364583333
libero_object_t03_ep002_s0040_pre_grasp,train,pre_grasp,libero_object,3,libero_object_t3_ep2,B1_pred_norm_neg,0.6464901865415427,0.7284852171856814,0.71875,0.71875,0.8827357225073728,0.9169921875
libero_object_t03_ep002_s0040_pre_grasp,train,pre_grasp,libero_object,3,libero_object_t3_ep2,B2_change_norm,0.9267974650949874,0.8192427819738494,0.84375,0.84375,0.9053543425353353,0.964111328125
libero_object_t03_ep002_s0040_pre_grasp,train,pre_grasp,libero_object,3,libero_object_t3_ep2,B3_cos_dist,0.9271472304875258,0.6954860412664225,0.84375,0.84375,0.9066157727122504,0.9646809895833334
libero_object_t03_ep002_s0040_pre_grasp,train,pre_grasp,libero_object,3,libero_object_t3_ep2,B4_linear_stats,0.9313723105973907,0.8817296027135928,0.84375,0.84375,0.9364373979931679,0.967529296875
libero_object_t03_ep002_s0064_manipulation,train,manipulation,libero_object,3,libero_object_t3_ep2,B0_random,-0.050934138246738384,-0.06153852735628825,0.21875,0.21875,0.5614497871515761,0.4583333333333333
libero_object_t03_ep002_s0064_manipulation,train,manipulation,libero_object,3,libero_object_t3_ep2,B0x_token_index,-0.27245365072098876,-0.28790173951971715,0.0625,0.0625,0.5267901317026841,0.2684733072916667
libero_object_t03_ep002_s0064_manipulation,train,manipulation,libero_object,3,libero_object_t3_ep2,B1_pred_norm_neg,0.7225630865186542,0.7810951142973773,0.71875,0.71875,0.9220579745334624,0.9202473958333334
libero_object_t03_ep002_s0064_manipulation,train,manipulation,libero_object,3,libero_object_t3_ep2,B2_change_norm,0.9159468699931335,0.6939799159117707,0.765625,0.765625,0.849443659673291,0.9288736979166666
libero_object_t03_ep002_s0064_manipulation,train,manipulation,libero_object,3,libero_object_t3_ep2,B3_cos_dist,0.9164117933165484,0.5600375734276415,0.765625,0.765625,0.8498113839939219,0.9296061197916666
libero_object_t03_ep002_s0064_manipulation,train,manipulation,libero_object,3,libero_object_t3_ep2,B4_linear_stats,0.9260171091783017,0.8618469096737825,0.796875,0.796875,0.9371722100489022,0.955322265625
libero_object_t03_ep003_s0024_approach,train,approach,libero_object,3,libero_object_t3_ep3,B0_random,0.03053258754863813,0.03339289340403925,0.21875,0.21875,0.5402219771842389,0.498779296875
libero_object_t03_ep003_s0024_approach,train,approach,libero_object,3,libero_object_t3_ep3,B0x_token_index,-0.3822921435111009,-0.3891096438968176,0.09375,0.09375,0.4948678877733219,0.24796549479166666
libero_object_t03_ep003_s0024_approach,train,approach,libero_object,3,libero_object_t3_ep3,B1_pred_norm_neg,0.6810211146715496,0.7436896138187263,0.703125,0.703125,0.8639349141320525,0.9086100260416666
libero_object_t03_ep003_s0024_approach,train,approach,libero_object,3,libero_object_t3_ep3,B2_change_norm,0.9547450789654384,0.815538456482739,0.890625,0.890625,0.8940431416544568,0.9845377604166666
libero_object_t03_ep003_s0024_approach,train,approach,libero_object,3,libero_object_t3_ep3,B3_cos_dist,0.9547872796978714,0.6894406690556781,0.890625,0.890625,0.8941022380639131,0.9844563802083334
libero_object_t03_ep003_s0024_approach,train,approach,libero_object,3,libero_object_t3_ep3,B4_linear_stats,0.9534075303273061,0.8788550013344211,0.859375,0.859375,0.9036470219211896,0.978271484375
libero_object_t03_ep003_s0048_pre_grasp,train,pre_grasp,libero_object,3,libero_object_t3_ep3,B0_random,0.009028095674067291,-0.000261209472129422,0.1875,0.1875,0.4826997999665906,0.491943359375
libero_object_t03_ep003_s0048_pre_grasp,train,pre_grasp,libero_object,3,libero_object_t3_ep3,B0x_token_index,-0.30709687571526667,-0.3127415842199609,0.046875,0.046875,0.44522752921750414,0.2808430989583333
libero_object_t03_ep003_s0048_pre_grasp,train,pre_grasp,libero_object,3,libero_object_t3_ep3,B1_pred_norm_neg,0.6842798695353628,0.8155290398449759,0.75,0.75,0.8991970366921828,0.9346516927083334
libero_object_t03_ep003_s0048_pre_grasp,train,pre_grasp,libero_object,3,libero_object_t3_ep3,B2_change_norm,0.971085345616846,0.8107253003608978,0.90625,0.90625,0.9076537455504822,0.9793294270833334
libero_object_t03_ep003_s0048_pre_grasp,train,pre_grasp,libero_object,3,libero_object_t3_ep3,B3_cos_dist,0.9712512874799726,0.6543259271202673,0.90625,0.90625,0.9078799686349472,0.9794921875
libero_object_t03_ep003_s0048_pre_grasp,train,pre_grasp,libero_object,3,libero_object_t3_ep3,B4_linear_stats,0.9744842927443351,0.907169274889184,0.90625,0.90625,0.9279479382605971,0.9830729166666666
libero_object_t03_ep003_s0080_manipulation,train,manipulation,libero_object,3,libero_object_t3_ep3,B0_random,0.08372696841382467,0.032073152319566894,0.21875,0.21875,0.5318570997873735,0.480712890625
libero_object_t03_ep003_s0080_manipulation,train,manipulation,libero_object,3,libero_object_t3_ep3,B0x_token_index,-0.30200846875715265,-0.36281033961527304,0.0625,0.0625,0.45996870926947403,0.2566731770833333
libero_object_t03_ep003_s0080_manipulation,train,manipulation,libero_object,3,libero_object_t3_ep3,B1_pred_norm_neg,0.6867475394827192,0.8064817228942859,0.734375,0.734375,0.91017121580936,0.9220377604166666
libero_object_t03_ep003_s0080_manipulation,train,manipulation,libero_object,3,libero_object_t3_ep3,B2_change_norm,0.9114328221560998,0.7315569683664542,0.765625,0.765625,0.8246209643753588,0.9315592447916666
libero_object_t03_ep003_s0080_manipulation,train,manipulation,libero_object,3,libero_object_t3_ep3,B3_cos_dist,0.9118619821469444,0.6040784527595802,0.765625,0.765625,0.8283519789044722,0.9320475260416666
libero_object_t03_ep003_s0080_manipulation,train,manipulation,libero_object,3,libero_object_t3_ep3,B4_linear_stats,0.9325145914396887,0.8845609786484694,0.796875,0.796875,0.9168285159452819,0.960205078125
libero_object_t03_ep004_s0024_approach,train,approach,libero_object,3,libero_object_t3_ep4,B0_random,0.019883697642481116,0.07114424207356715,0.28125,0.28125,0.5678795419512467,0.5096028645833334
libero_object_t03_ep004_s0024_approach,train,approach,libero_object,3,libero_object_t3_ep4,B0x_token_index,-0.40487740329594873,-0.398974258372199,0.109375,0.109375,0.4395687265655032,0.23567708333333334
libero_object_t03_ep004_s0024_approach,train,approach,libero_object,3,libero_object_t3_ep4,B1_pred_norm_neg,0.6689474135957885,0.7909402702379723,0.671875,0.671875,0.8764988956411045,0.9010416666666666
libero_object_t03_ep004_s0024_approach,train,approach,libero_object,3,libero_object_t3_ep4,B2_change_norm,0.9499856946669718,0.8554858662225213,0.859375,0.859375,0.9288130505345444,0.978515625
libero_object_t03_ep004_s0024_approach,train,approach,libero_object,3,libero_object_t3_ep4,B3_cos_dist,0.9502267395284962,0.7927157039046493,0.859375,0.859375,0.9302191690930458,0.9785970052083334
libero_object_t03_ep004_s0024_approach,train,approach,libero_object,3,libero_object_t3_ep4,B4_linear_stats,0.9487790398260472,0.8190377395233482,0.84375,0.84375,0.8686573287817992,0.9769694010416666
libero_object_t03_ep004_s0048_pre_grasp,train,pre_grasp,libero_object,3,libero_object_t3_ep4,B0_random,0.013803931105516136,0.05753468336415835,0.296875,0.296875,0.6737306033825163,0.50146484375
libero_object_t03_ep004_s0048_pre_grasp,train,pre_grasp,libero_object,3,libero_object_t3_ep4,B0x_token_index,-0.19003848134584572,-0.21482398874050732,0.109375,0.109375,0.589764217800459,0.343505859375
libero_object_t03_ep004_s0048_pre_grasp,train,pre_grasp,libero_object,3,libero_object_t3_ep4,B1_pred_norm_neg,0.661094501029984,0.749313290050094,0.640625,0.640625,0.8963026962156189,0.9014485677083334
libero_object_t03_ep004_s0048_pre_grasp,train,pre_grasp,libero_object,3,libero_object_t3_ep4,B2_change_norm,0.9347691119249256,0.7772447896370278,0.8125,0.8125,0.8989093660709849,0.95654296875
libero_object_t03_ep004_s0048_pre_grasp,train,pre_grasp,libero_object,3,libero_object_t3_ep4,B3_cos_dist,0.9349872682536049,0.5917695580205807,0.8125,0.8125,0.8990294505642604,0.956787109375
libero_object_t03_ep004_s0048_pre_grasp,train,pre_grasp,libero_object,3,libero_object_t3_ep4,B4_linear_stats,0.9390671492332342,0.8931588872277949,0.8125,0.8125,0.9297217209391293,0.9606119791666666
libero_object_t03_ep004_s0072_manipulation,train,manipulation,libero_object,3,libero_object_t3_ep4,B0_random,0.111171749828336,0.061241247723870365,0.25,0.25,0.5137064914185483,0.5332845052083334
libero_object_t03_ep004_s0072_manipulation,train,manipulation,libero_object,3,libero_object_t3_ep4,B0x_token_index,-0.3300040054932479,-0.3641524408030992,0.0,0.0,0.4234519614161261,0.21036783854166666
libero_object_t03_ep004_s0072_manipulation,train,manipulation,libero_object,3,libero_object_t3_ep4,B1_pred_norm_neg,0.6637316891737239,0.775505608620914,0.765625,0.765625,0.8765545196928729,0.934814453125
libero_object_t03_ep004_s0072_manipulation,train,manipulation,libero_object,3,libero_object_t3_ep4,B2_change_norm,0.9359349965667201,0.7081251205082623,0.828125,0.828125,0.8145362506146514,0.9479166666666666
libero_object_t03_ep004_s0072_manipulation,train,manipulation,libero_object,3,libero_object_t3_ep4,B3_cos_dist,0.9364693007553215,0.591117177194407,0.828125,0.828125,0.8147280055310135,0.9485677083333334
libero_object_t03_ep004_s0072_manipulation,train,manipulation,libero_object,3,libero_object_t3_ep4,B4_linear_stats,0.947533045319295,0.8406144962572802,0.84375,0.84375,0.8754832576772342,0.9718424479166666
libero_object_t03_ep005_s0024_approach,train,approach,libero_object,3,libero_object_t3_ep5,B0_random,0.004183594644083314,0.021246246054621578,0.3125,0.3125,0.6133932901259327,0.5379231770833334
libero_object_t03_ep005_s0024_approach,train,approach,libero_object,3,libero_object_t3_ep5,B0x_token_index,-0.4042737182421607,-0.4171644436002282,0.0625,0.0625,0.5459678801493194,0.22696940104166666
libero_object_t03_ep005_s0024_approach,train,approach,libero_object,3,libero_object_t3_ep5,B1_pred_norm_neg,0.7136322671091783,0.7558100529953247,0.75,0.75,0.911444948838874,0.922607421875
libero_object_t03_ep005_s0024_approach,train,approach,libero_object,3,libero_object_t3_ep5,B2_change_norm,0.9587777523460747,0.7985971025741665,0.890625,0.890625,0.9288956719372328,0.9879557291666666
libero_object_t03_ep005_s0024_approach,train,approach,libero_object,3,libero_object_t3_ep5,B3_cos_dist,0.9586969272144655,0.6782396544957542,0.890625,0.890625,0.9288824498676415,0.9879557291666666
libero_object_t03_ep005_s0024_approach,train,approach,libero_object,3,libero_object_t3_ep5,B4_linear_stats,0.9504205767910276,0.89689692633126,0.859375,0.859375,0.9337691010851337,0.976806640625
libero_object_t03_ep005_s0048_pre_grasp,train,pre_grasp,libero_object,3,libero_object_t3_ep5,B0_random,-0.007609006637674525,0.014845852754610197,0.1875,0.1875,0.549260385265434,0.5384114583333334
libero_object_t03_ep005_s0048_pre_grasp,train,pre_grasp,libero_object,3,libero_object_t3_ep5,B0x_token_index,-0.2761658846417945,-0.2651009224255102,0.0625,0.0625,0.5443021879940497,0.30908203125
libero_object_t03_ep005_s0048_pre_grasp,train,pre_grasp,libero_object,3,libero_object_t3_ep5,B1_pred_norm_neg,0.6942213607232777,0.7557266775052636,0.6875,0.6875,0.9118536574977523,0.9178873697916666
libero_object_t03_ep005_s0048_pre_grasp,train,pre_grasp,libero_object,3,libero_object_t3_ep5,B2_change_norm,0.9671370737010757,0.8915150026078121,0.875,0.875,0.9312620416231335,0.9759928385416666
libero_object_t03_ep005_s0048_pre_grasp,train,pre_grasp,libero_object,3,libero_object_t3_ep5,B3_cos_dist,0.9670812829022659,0.7841767187102839,0.875,0.875,0.9312891057913697,0.9757486979166666
libero_object_t03_ep005_s0048_pre_grasp,train,pre_grasp,libero_object,3,libero_object_t3_ep5,B4_linear_stats,0.9640993362325475,0.9306350863914744,0.875,0.875,0.9545449065006366,0.9762369791666666
libero_object_t03_ep005_s0072_manipulation,train,manipulation,libero_object,3,libero_object_t3_ep5,B0_random,-0.05541385328450446,-0.049051335542160734,0.234375,0.234375,0.5037657963118468,0.471923828125
libero_object_t03_ep005_s0072_manipulation,train,manipulation,libero_object,3,libero_object_t3_ep5,B0x_token_index,-0.2458006694895857,-0.27784847749717434,0.078125,0.078125,0.4868892358800425,0.265869140625
libero_object_t03_ep005_s0072_manipulation,train,manipulation,libero_object,3,libero_object_t3_ep5,B1_pred_norm_neg,0.6851496337834745,0.7604276463448947,0.703125,0.703125,0.8992952117103663,0.9232584635416666
libero_object_t03_ep005_s0072_manipulation,train,manipulation,libero_object,3,libero_object_t3_ep5,B2_change_norm,0.9097877088578622,0.7360299522839442,0.796875,0.796875,0.8803135841802349,0.9384765625
libero_object_t03_ep005_s0072_manipulation,train,manipulation,libero_object,3,libero_object_t3_ep5,B3_cos_dist,0.9107933737697413,0.6520040759439981,0.796875,0.796875,0.8823956755806172,0.9397786458333334
libero_object_t03_ep005_s0072_manipulation,train,manipulation,libero_object,3,libero_object_t3_ep5,B4_linear_stats,0.9123862726024262,0.7973900613796766,0.78125,0.78125,0.8977122932274519,0.9424641927083334
libero_object_t06_ep000_s0024_approach,train,approach,libero_object,6,libero_object_t6_ep0,B0_random,0.022735465781643396,0.04672918820538836,0.328125,0.328125,0.5688711141165274,0.5205891927083334
libero_object_t06_ep000_s0024_approach,train,approach,libero_object,6,libero_object_t6_ep0,B0x_token_index,-0.2833271343556878,-0.3078344594125078,0.109375,0.109375,0.529999274419903,0.24943033854166666
libero_object_t06_ep000_s0024_approach,train,approach,libero_object,6,libero_object_t6_ep0,B1_pred_norm_neg,0.6225230315861753,0.6936793351313955,0.71875,0.71875,0.848810908977377,0.881591796875
libero_object_t06_ep000_s0024_approach,train,approach,libero_object,6,libero_object_t6_ep0,B2_change_norm,0.9636179617761501,0.6774698205976089,0.875,0.875,0.8501574014801457,0.9755859375
libero_object_t06_ep000_s0024_approach,train,approach,libero_object,6,libero_object_t6_ep0,B3_cos_dist,0.9637402723735409,0.5161870076211825,0.875,0.875,0.8502160585038065,0.9756673177083334
libero_object_t06_ep000_s0024_approach,train,approach,libero_object,6,libero_object_t6_ep0,B4_linear_stats,0.9640993362325475,0.8433865210372754,0.890625,0.890625,0.8700010835458277,0.9798990885416666
libero_object_t06_ep000_s0048_pre_grasp,train,pre_grasp,libero_object,6,libero_object_t6_ep0,B0_random,-0.039405470359349964,0.003216810865866219,0.25,0.25,0.582878940533601,0.4733072916666667
libero_object_t06_ep000_s0048_pre_grasp,train,pre_grasp,libero_object,6,libero_object_t6_ep0,B0x_token_index,-0.3342176413366903,-0.34143340099231495,0.078125,0.078125,0.4993643296495421,0.2640787760416667
libero_object_t06_ep000_s0048_pre_grasp,train,pre_grasp,libero_object,6,libero_object_t6_ep0,B1_pred_norm_neg,0.7031571869993134,0.7782466533236885,0.75,0.75,0.9160366704068404,0.9022623697916666
libero_object_t06_ep000_s0048_pre_grasp,train,pre_grasp,libero_object,6,libero_object_t6_ep0,B2_change_norm,0.9478534847791257,0.7478899538725936,0.8125,0.8125,0.8754750038455474,0.95947265625
libero_object_t06_ep000_s0048_pre_grasp,train,pre_grasp,libero_object,6,libero_object_t6_ep0,B3_cos_dist,0.9484729056992447,0.587581554454558,0.8125,0.8125,0.8758099424796322,0.9601236979166666
libero_object_t06_ep000_s0048_pre_grasp,train,pre_grasp,libero_object,6,libero_object_t6_ep0,B4_linear_stats,0.954263704509041,0.8795295137094907,0.8125,0.8125,0.9156484695158815,0.9668782552083334
libero_object_t06_ep000_s0072_manipulation,train,manipulation,libero_object,6,libero_object_t6_ep0,B0_random,0.06642538338292515,0.044480729765605395,0.234375,0.234375,0.5689434514132999,0.5047200520833334
libero_object_t06_ep000_s0072_manipulation,train,manipulation,libero_object,6,libero_object_t6_ep0,B0x_token_index,-0.30286964980544745,-0.35348141926063226,0.078125,0.078125,0.5181035792947601,0.21158854166666666
libero_object_t06_ep000_s0072_manipulation,train,manipulation,libero_object,6,libero_object_t6_ep0,B1_pred_norm_neg,0.6881494621194781,0.7687615509737317,0.71875,0.71875,0.8995279370587718,0.9073893229166666
libero_object_t06_ep000_s0072_manipulation,train,manipulation,libero_object,6,libero_object_t6_ep0,B2_change_norm,0.9369528210116731,0.7373695179294943,0.8125,0.8125,0.867221193771285,0.96435546875
libero_object_t06_ep000_s0072_manipulation,train,manipulation,libero_object,6,libero_object_t6_ep0,B3_cos_dist,0.9373619535362783,0.6078456445298993,0.8125,0.8125,0.8682087708492241,0.9646809895833334
libero_object_t06_ep000_s0072_manipulation,train,manipulation,libero_object,6,libero_object_t6_ep0,B4_linear_stats,0.9132882238498512,0.8298035672276648,0.796875,0.796875,0.8758569017212243,0.9369303385416666
libero_object_t06_ep001_s0024_approach,train,approach,libero_object,6,libero_object_t6_ep1,B0_random,0.0884255550469215,0.06399830412679261,0.25,0.25,0.6300033165056423,0.5044759114583334
libero_object_t06_ep001_s0024_approach,train,approach,libero_object,6,libero_object_t6_ep1,B0x_token_index,-0.29125514991989016,-0.2924949956968993,0.109375,0.109375,0.6247881916314946,0.2762858072916667
libero_object_t06_ep001_s0024_approach,train,approach,libero_object,6,libero_object_t6_ep1,B1_pred_norm_neg,0.6030041199359121,0.6411168745293894,0.640625,0.640625,0.8707450931171363,0.8545735677083334
libero_object_t06_ep001_s0024_approach,train,approach,libero_object,6,libero_object_t6_ep1,B2_change_norm,0.9399848363469901,0.680251602335752,0.8125,0.8125,0.9183623094058632,0.9540201822916666
libero_object_t06_ep001_s0024_approach,train,approach,libero_object,6,libero_object_t6_ep1,B3_cos_dist,0.9398296234836347,0.5094345204547032,0.828125,0.828125,0.9189822301958801,0.9541829427083334
libero_object_t06_ep001_s0024_approach,train,approach,libero_object,6,libero_object_t6_ep1,B4_linear_stats,0.9327649347676814,0.8610115667093963,0.8125,0.8125,0.9167258437610222,0.9515787760416666
libero_object_t06_ep001_s0056_pre_grasp,train,pre_grasp,libero_object,6,libero_object_t6_ep1,B0_random,0.09499599450675211,0.11911414381439352,0.390625,0.390625,0.5944397205656686,0.5914713541666666
libero_object_t06_ep001_s0056_pre_grasp,train,pre_grasp,libero_object,6,libero_object_t6_ep1,B0x_token_index,-0.3553408960860609,-0.3627710089949137,0.03125,0.03125,0.45691696996167097,0.23193359375
libero_object_t06_ep001_s0056_pre_grasp,train,pre_grasp,libero_object,6,libero_object_t6_ep1,B1_pred_norm_neg,0.7374127374685283,0.7994014068293114,0.78125,0.78125,0.9116667211771393,0.937744140625
libero_object_t06_ep001_s0056_pre_grasp,train,pre_grasp,libero_object,6,libero_object_t6_ep1,B2_change_norm,0.9542386701762418,0.8885842382260443,0.796875,0.796875,0.925576119823698,0.9510904947916666
libero_object_t06_ep001_s0056_pre_grasp,train,pre_grasp,libero_object,6,libero_object_t6_ep1,B3_cos_dist,0.954581282902266,0.8404677993622405,0.796875,0.796875,0.9253825682757515,0.9517415364583334
libero_object_t06_ep001_s0056_pre_grasp,train,pre_grasp,libero_object,6,libero_object_t6_ep1,B4_linear_stats,0.9671091783016709,0.9096663592172387,0.8125,0.8125,0.9367955181134557,0.9677734375
libero_object_t06_ep001_s0072_manipulation,train,manipulation,libero_object,6,libero_object_t6_ep1,B0_random,-0.026508497367818722,0.007116843036727912,0.234375,0.234375,0.5918750334492859,0.4737955729166667
libero_object_t06_ep001_s0072_manipulation,train,manipulation,libero_object,6,libero_object_t6_ep1,B0x_token_index,-0.3493669890135042,-0.39796974183419903,0.046875,0.046875,0.4826957968012494,0.19441731770833334
libero_object_t06_ep001_s0072_manipulation,train,manipulation,libero_object,6,libero_object_t6_ep1,B1_pred_norm_neg,0.707590409704738,0.8049239227329532,0.796875,0.796875,0.9190165384836804,0.9305013020833334
libero_object_t06_ep001_s0072_manipulation,train,manipulation,libero_object,6,libero_object_t6_ep1,B2_change_norm,0.944802872510872,0.7537396531692009,0.84375,0.84375,0.883548722841058,0.9635416666666666
libero_object_t06_ep001_s0072_manipulation,train,manipulation,libero_object,6,libero_object_t6_ep1,B3_cos_dist,0.9451440547035935,0.6336776914711876,0.84375,0.84375,0.8850675515495113,0.9638671875
libero_object_t06_ep001_s0072_manipulation,train,manipulation,libero_object,6,libero_object_t6_ep1,B4_linear_stats,0.9309910734721905,0.8294467269960609,0.84375,0.84375,0.883736586803962,0.9523111979166666
libero_object_t06_ep002_s0024_approach,train,approach,libero_object,6,libero_object_t6_ep2,B0_random,0.09039039253833829,0.0707298411081444,0.296875,0.296875,0.5970234586314752,0.5327962239583334
libero_object_t06_ep002_s0024_approach,train,approach,libero_object,6,libero_object_t6_ep2,B0x_token_index,-0.33003118562600137,-0.39089462648339046,0.09375,0.09375,0.5085929063692846,0.22835286458333334
libero_object_t06_ep002_s0024_approach,train,approach,libero_object,6,libero_object_t6_ep2,B1_pred_norm_neg,0.6449666685740444,0.7921129513512678,0.6875,0.6875,0.893342736397228,0.8948567708333334
libero_object_t06_ep002_s0024_approach,train,approach,libero_object,6,libero_object_t6_ep2,B2_change_norm,0.9711296921492333,0.791038839929219,0.890625,0.890625,0.900647910415511,0.9832356770833334
libero_object_t06_ep002_s0024_approach,train,approach,libero_object,6,libero_object_t6_ep2,B3_cos_dist,0.9712098020141909,0.6437978320955644,0.890625,0.890625,0.9009400977730653,0.9833984375
libero_object_t06_ep002_s0024_approach,train,approach,libero_object,6,libero_object_t6_ep2,B4_linear_stats,0.9622239070725567,0.9033537345229551,0.875,0.875,0.9191261540100126,0.9730631510416666
libero_object_t06_ep002_s0048_pre_grasp,train,pre_grasp,libero_object,6,libero_object_t6_ep2,B0_random,0.06720144769970245,0.07787040672694048,0.265625,0.265625,0.5543561115984825,0.498291015625
libero_object_t06_ep002_s0048_pre_grasp,train,pre_grasp,libero_object,6,libero_object_t6_ep2,B0x_token_index,-0.2970817120622568,-0.3013364577395287,0.03125,0.03125,0.45194823861676753,0.24365234375
libero_object_t06_ep002_s0048_pre_grasp,train,pre_grasp,libero_object,6,libero_object_t6_ep2,B1_pred_norm_neg,0.6964966239414053,0.7573214962181345,0.796875,0.796875,0.8790890206808968,0.9253743489583334
libero_object_t06_ep002_s0048_pre_grasp,train,pre_grasp,libero_object,6,libero_object_t6_ep2,B2_change_norm,0.9637166685740444,0.8057603528607153,0.90625,0.90625,0.9247179190317506,0.9903971354166666
libero_object_t06_ep002_s0048_pre_grasp,train,pre_grasp,libero_object,6,libero_object_t6_ep2,B3_cos_dist,0.9635821984435797,0.6941902602811065,0.90625,0.90625,0.9245520019390988,0.9900716145833334
libero_object_t06_ep002_s0048_pre_grasp,train,pre_grasp,libero_object,6,libero_object_t6_ep2,B4_linear_stats,0.964970531013962,0.8494811870781165,0.921875,0.921875,0.8940813846245211,0.9889322916666666
libero_object_t06_ep002_s0072_manipulation,train,manipulation,libero_object,6,libero_object_t6_ep2,B0_random,0.005968900205996795,0.021030236297327976,0.25,0.25,0.4826018482945444,0.5292154947916666
libero_object_t06_ep002_s0072_manipulation,train,manipulation,libero_object,6,libero_object_t6_ep2,B0x_token_index,-0.33688344014648663,-0.3697700601186302,0.078125,0.078125,0.43675638224673957,0.23958333333333334
libero_object_t06_ep002_s0072_manipulation,train,manipulation,libero_object,6,libero_object_t6_ep2,B1_pred_norm_neg,0.7263525692378119,0.7671707779343666,0.75,0.75,0.8668046763137925,0.9166666666666666
libero_object_t06_ep002_s0072_manipulation,train,manipulation,libero_object,6,libero_object_t6_ep2,B2_change_norm,0.9553723678187228,0.7115043002102216,0.8125,0.8125,0.8256301633793413,0.962646484375
libero_object_t06_ep002_s0072_manipulation,train,manipulation,libero_object,6,libero_object_t6_ep2,B3_cos_dist,0.9554424639505608,0.5831014889339513,0.8125,0.8125,0.8262757810000841,0.9628092447916666
libero_object_t06_ep002_s0072_manipulation,train,manipulation,libero_object,6,libero_object_t6_ep2,B4_linear_stats,0.9470824273289082,0.8459286033730412,0.828125,0.828125,0.9042748431759542,0.9619140625
libero_object_t06_ep003_s0024_approach,train,approach,libero_object,6,libero_object_t6_ep3,B0_random,-0.03154182879377432,-0.015376207522632331,0.234375,0.234375,0.5823284384366433,0.50439453125
libero_object_t06_ep003_s0024_approach,train,approach,libero_object,6,libero_object_t6_ep3,B0x_token_index,-0.2707084000915541,-0.28734642641915326,0.125,0.125,0.572744642996015,0.302490234375
libero_object_t06_ep003_s0024_approach,train,approach,libero_object,6,libero_object_t6_ep3,B1_pred_norm_neg,0.6390599965667201,0.7125652653194335,0.671875,0.671875,0.8809672235772151,0.886474609375
libero_object_t06_ep003_s0024_approach,train,approach,libero_object,6,libero_object_t6_ep3,B2_change_norm,0.946348563744564,0.6842744012015746,0.796875,0.796875,0.8887259535045345,0.9576009114583334
libero_object_t06_ep003_s0024_approach,train,approach,libero_object,6,libero_object_t6_ep3,B3_cos_dist,0.9466074902723736,0.5311964664275944,0.796875,0.796875,0.8912392841646783,0.957763671875
libero_object_t06_ep003_s0024_approach,train,approach,libero_object,6,libero_object_t6_ep3,B4_linear_stats,0.9165212291142137,0.8096928836756714,0.78125,0.78125,0.8624627106574757,0.9329427083333334
libero_object_t06_ep003_s0056_pre_grasp,train,pre_grasp,libero_object,6,libero_object_t6_ep3,B0_random,-0.05493390936140993,-0.04909527457623222,0.28125,0.28125,0.5647486410869289,0.5386555989583334
libero_object_t06_ep003_s0056_pre_grasp,train,pre_grasp,libero_object,6,libero_object_t6_ep3,B0x_token_index,-0.3108992332341497,-0.3237010445972071,0.0625,0.0625,0.5133947381417848,0.2711588541666667
libero_object_t06_ep003_s0056_pre_grasp,train,pre_grasp,libero_object,6,libero_object_t6_ep3,B1_pred_norm_neg,0.6886501487754635,0.7797602203175832,0.8125,0.8125,0.9172519236278506,0.9348958333333334
libero_object_t06_ep003_s0056_pre_grasp,train,pre_grasp,libero_object,6,libero_object_t6_ep3,B2_change_norm,0.9757059681849394,0.911320458446459,0.90625,0.90625,0.968402021697174,0.9806315104166666
libero_object_t06_ep003_s0056_pre_grasp,train,pre_grasp,libero_object,6,libero_object_t6_ep3,B3_cos_dist,0.9760128175783932,0.80876463004106,0.90625,0.90625,0.9685557225157276,0.98095703125
libero_object_t06_ep003_s0056_pre_grasp,train,pre_grasp,libero_object,6,libero_object_t6_ep3,B4_linear_stats,0.9782966639963379,0.9444281947733456,0.90625,0.90625,0.9434916024038046,0.984619140625
libero_object_t06_ep003_s0072_manipulation,train,manipulation,libero_object,6,libero_object_t6_ep3,B0_random,-0.03317621309224079,-0.04005466637316176,0.265625,0.265625,0.5646516777092956,0.5132649739583334
libero_object_t06_ep003_s0072_manipulation,train,manipulation,libero_object,6,libero_object_t6_ep3,B0x_token_index,-0.3067993247882811,-0.35725890558452006,0.078125,0.078125,0.5275374058688641,0.224609375
libero_object_t06_ep003_s0072_manipulation,train,manipulation,libero_object,6,libero_object_t6_ep3,B1_pred_norm_neg,0.6764906157015336,0.7638927101102991,0.75,0.75,0.9080548933184157,0.9214680989583334
libero_object_t06_ep003_s0072_manipulation,train,manipulation,libero_object,6,libero_object_t6_ep3,B2_change_norm,0.9443300812542916,0.6897224118526263,0.8125,0.8125,0.8730504668699622,0.9544270833333334
libero_object_t06_ep003_s0072_manipulation,train,manipulation,libero_object,6,libero_object_t6_ep3,B3_cos_dist,0.9446862840466926,0.5415436695427724,0.8125,0.8125,0.8733127099210826,0.9546712239583334
libero_object_t06_ep003_s0072_manipulation,train,manipulation,libero_object,6,libero_object_t6_ep3,B4_linear_stats,0.9387767509727627,0.8617246595487645,0.828125,0.828125,0.9005324479947999,0.9532877604166666
libero_object_t06_ep004_s0024_approach,train,approach,libero_object,6,libero_object_t6_ep4,B0_random,0.0657465953307393,0.08057648776325475,0.3125,0.3125,0.5784836663114502,0.5323893229166666
libero_object_t06_ep004_s0024_approach,train,approach,libero_object,6,libero_object_t6_ep4,B0x_token_index,-0.29551527809567407,-0.3487903532713919,0.109375,0.109375,0.5190612978649836,0.2600911458333333
libero_object_t06_ep004_s0024_approach,train,approach,libero_object,6,libero_object_t6_ep4,B1_pred_norm_neg,0.6193486781872282,0.740068043438632,0.75,0.75,0.8807538376652713,0.9034830729166666
libero_object_t06_ep004_s0024_approach,train,approach,libero_object,6,libero_object_t6_ep4,B2_change_norm,0.9485780498970016,0.7797852440597024,0.875,0.875,0.8809498404682459,0.9745279947916666
libero_object_t06_ep004_s0024_approach,train,approach,libero_object,6,libero_object_t6_ep4,B3_cos_dist,0.948857719157702,0.6403588661662685,0.875,0.875,0.8809333755768646,0.9746907552083334
libero_object_t06_ep004_s0024_approach,train,approach,libero_object,6,libero_object_t6_ep4,B4_linear_stats,0.9465710116731517,0.8667862345943085,0.859375,0.859375,0.8996323512453079,0.973388671875
libero_object_t06_ep004_s0040_pre_grasp,train,pre_grasp,libero_object,6,libero_object_t6_ep4,B0_random,0.0773861295490959,0.06260221489233796,0.1875,0.1875,0.5754822256446077,0.4927571614583333
libero_object_t06_ep004_s0040_pre_grasp,train,pre_grasp,libero_object,6,libero_object_t6_ep4,B0x_token_index,-0.24334444380865186,-0.27185070605600553,0.046875,0.046875,0.5368506762584857,0.2518717447916667
libero_object_t06_ep004_s0040_pre_grasp,train,pre_grasp,libero_object,6,libero_object_t6_ep4,B1_pred_norm_neg,0.6817320897230488,0.7701930112346463,0.828125,0.828125,0.9026738756521847,0.9312337239583334
libero_object_t06_ep004_s0040_pre_grasp,train,pre_grasp,libero_object,6,libero_object_t6_ep4,B2_change_norm,0.9338385500114442,0.7239539518266545,0.78125,0.78125,0.8450854920808006,0.9554850260416666
libero_object_t06_ep004_s0040_pre_grasp,train,pre_grasp,libero_object,6,libero_object_t6_ep4,B3_cos_dist,0.9346789883268483,0.5917446394164262,0.78125,0.78125,0.8458919717934733,0.9563802083333334
libero_object_t06_ep004_s0040_pre_grasp,train,pre_grasp,libero_object,6,libero_object_t6_ep4,B4_linear_stats,0.9287086575875486,0.8251162800733638,0.8125,0.8125,0.8702667629106683,0.9551595052083334
libero_object_t06_ep004_s0064_manipulation,train,manipulation,libero_object,6,libero_object_t6_ep4,B0_random,0.12627460517280842,0.04052954675874682,0.28125,0.28125,0.5251669065374998,0.5450846354166666
libero_object_t06_ep004_s0064_manipulation,train,manipulation,libero_object,6,libero_object_t6_ep4,B0x_token_index,-0.34726410505836575,-0.388590678197308,0.03125,0.03125,0.40041198045548143,0.1884765625
libero_object_t06_ep004_s0064_manipulation,train,manipulation,libero_object,6,libero_object_t6_ep4,B1_pred_norm_neg,0.7057199874113069,0.7234052352063775,0.75,0.75,0.8544161441228737,0.9114583333333334
libero_object_t06_ep004_s0064_manipulation,train,manipulation,libero_object,6,libero_object_t6_ep4,B2_change_norm,0.9602948329137102,0.7158880397060902,0.890625,0.890625,0.8558265939639439,0.975830078125
libero_object_t06_ep004_s0064_manipulation,train,manipulation,libero_object,6,libero_object_t6_ep4,B3_cos_dist,0.9603964007782101,0.6071363641545073,0.890625,0.890625,0.8565080239862267,0.97607421875
libero_object_t06_ep004_s0064_manipulation,train,manipulation,libero_object,6,libero_object_t6_ep4,B4_linear_stats,0.9396114671549554,0.7952614834900342,0.859375,0.859375,0.8798705758012308,0.95068359375
libero_object_t06_ep005_s0024_approach,train,approach,libero_object,6,libero_object_t6_ep5,B0_random,-0.04533717669947356,-0.06369906887052464,0.265625,0.265625,0.5525431500293154,0.5094401041666666
libero_object_t06_ep005_s0024_approach,train,approach,libero_object,6,libero_object_t6_ep5,B0x_token_index,-0.35803315976195926,-0.3851868159879117,0.078125,0.078125,0.5546493019824928,0.23543294270833334
libero_object_t06_ep005_s0024_approach,train,approach,libero_object,6,libero_object_t6_ep5,B1_pred_norm_neg,0.6595531013962005,0.7079537462206491,0.6875,0.6875,0.9034093391366702,0.885009765625
libero_object_t06_ep005_s0024_approach,train,approach,libero_object,6,libero_object_t6_ep5,B2_change_norm,0.9703550583657587,0.751956640250502,0.890625,0.890625,0.898956705956112,0.9754231770833334
libero_object_t06_ep005_s0024_approach,train,approach,libero_object,6,libero_object_t6_ep5,B3_cos_dist,0.9703400377660792,0.5917628977699738,0.875,0.875,0.8977288595074815,0.975341796875
libero_object_t06_ep005_s0024_approach,train,approach,libero_object,6,libero_object_t6_ep5,B4_linear_stats,0.972339923323415,0.919376898757393,0.828125,0.828125,0.9333149804051292,0.9795735677083334
libero_object_t06_ep005_s0048_pre_grasp,train,pre_grasp,libero_object,6,libero_object_t6_ep5,B0_random,0.06962477111467155,0.06026993663959996,0.296875,0.296875,0.5950904466250261,0.530517578125
libero_object_t06_ep005_s0048_pre_grasp,train,pre_grasp,libero_object,6,libero_object_t6_ep5,B0x_token_index,-0.3196591039139391,-0.33721128373302184,0.03125,0.03125,0.5038455614090409,0.22395833333333334
libero_object_t06_ep005_s0048_pre_grasp,train,pre_grasp,libero_object,6,libero_object_t6_ep5,B1_pred_norm_neg,0.7177936884870679,0.7441313444473889,0.796875,0.796875,0.8997268895026922,0.9185384114583334
libero_object_t06_ep005_s0048_pre_grasp,train,pre_grasp,libero_object,6,libero_object_t6_ep5,B2_change_norm,0.958697642481117,0.8198515045968471,0.875,0.875,0.9056362708021424,0.97900390625
libero_object_t06_ep005_s0048_pre_grasp,train,pre_grasp,libero_object,6,libero_object_t6_ep5,B3_cos_dist,0.9591339551384757,0.6332580558346524,0.875,0.875,0.9050776771045392,0.9795735677083334
libero_object_t06_ep005_s0048_pre_grasp,train,pre_grasp,libero_object,6,libero_object_t6_ep5,B4_linear_stats,0.964421206225681,0.9104150272670662,0.859375,0.859375,0.9122663731782147,0.9822591145833334
libero_object_t06_ep005_s0064_manipulation,train,manipulation,libero_object,6,libero_object_t6_ep5,B0_random,0.00591597047379263,0.034087161236544296,0.3125,0.3125,0.6055477135439798,0.530029296875
libero_object_t06_ep005_s0064_manipulation,train,manipulation,libero_object,6,libero_object_t6_ep5,B0x_token_index,-0.3729135671778439,-0.3852744516947652,0.046875,0.046875,0.517213100132828,0.22379557291666666
libero_object_t06_ep005_s0064_manipulation,train,manipulation,libero_object,6,libero_object_t6_ep5,B1_pred_norm_neg,0.7284246967269398,0.7416750692644113,0.75,0.75,0.8959342208955239,0.898681640625
libero_object_t06_ep005_s0064_manipulation,train,manipulation,libero_object,6,libero_object_t6_ep5,B2_change_norm,0.9451404783703364,0.6846696708067924,0.796875,0.796875,0.8700868751359065,0.948974609375
libero_object_t06_ep005_s0064_manipulation,train,manipulation,libero_object,6,libero_object_t6_ep5,B3_cos_dist,0.94526421950103,0.5320070404977174,0.796875,0.796875,0.8703122105475047,0.94921875
libero_object_t06_ep005_s0064_manipulation,train,manipulation,libero_object,6,libero_object_t6_ep5,B4_linear_stats,0.9461053730830854,0.8766206661470102,0.78125,0.78125,0.9055947560943219,0.94970703125
libero_spatial_t00_ep000_s0016_approach,train,approach,libero_spatial,0,libero_spatial_t0_ep0,B0_random,-0.09212276836804761,-0.07436994403128622,0.171875,0.171875,0.523248422173828,0.467041015625
libero_spatial_t00_ep000_s0016_approach,train,approach,libero_spatial,0,libero_spatial_t0_ep0,B0x_token_index,-0.35390249485008013,-0.32048034447625995,0.1875,0.1875,0.5515799322732254,0.3365071614583333
libero_spatial_t00_ep000_s0016_approach,train,approach,libero_spatial,0,libero_spatial_t0_ep0,B1_pred_norm_neg,0.5762088006408789,0.6609104077542682,0.65625,0.65625,0.871144331514582,0.8375651041666666
libero_spatial_t00_ep000_s0016_approach,train,approach,libero_spatial,0,libero_spatial_t0_ep0,B2_change_norm,0.8849357690547036,0.7500089589535095,0.703125,0.703125,0.8789912685780381,0.9266764322916666
libero_spatial_t00_ep000_s0016_approach,train,approach,libero_spatial,0,libero_spatial_t0_ep0,B3_cos_dist,0.8850108720531014,0.6663639982800202,0.703125,0.703125,0.8789490029089476,0.927001953125
libero_spatial_t00_ep000_s0016_approach,train,approach,libero_spatial,0,libero_spatial_t0_ep0,B4_linear_stats,0.8227125772487983,0.7365668652630366,0.640625,0.640625,0.8618716373254095,0.8739420572916666
libero_spatial_t00_ep000_s0032_pre_grasp,train,pre_grasp,libero_spatial,0,libero_spatial_t0_ep0,B0_random,-0.08285791943236438,-0.09738292794205208,0.25,0.25,0.5658356003125639,0.4820149739583333
libero_spatial_t00_ep000_s0032_pre_grasp,train,pre_grasp,libero_spatial,0,libero_spatial_t0_ep0,B0x_token_index,-0.19959015220874343,-0.13817051335949332,0.203125,0.203125,0.5918051132314928,0.4373372395833333
libero_spatial_t00_ep000_s0032_pre_grasp,train,pre_grasp,libero_spatial,0,libero_spatial_t0_ep0,B1_pred_norm_neg,0.49176370450904094,0.5924974836663758,0.59375,0.59375,0.8596555942966858,0.7701822916666666
libero_spatial_t00_ep000_s0032_pre_grasp,train,pre_grasp,libero_spatial,0,libero_spatial_t0_ep0,B2_change_norm,0.8931785019455253,0.6751811094497774,0.6875,0.6875,0.8349288193803748,0.9042154947916666
libero_spatial_t00_ep000_s0032_pre_grasp,train,pre_grasp,libero_spatial,0,libero_spatial_t0_ep0,B3_cos_dist,0.8934696154726482,0.5507268906522631,0.6875,0.6875,0.8355024419022202,0.9041341145833334
libero_spatial_t00_ep000_s0032_pre_grasp,train,pre_grasp,libero_spatial,0,libero_spatial_t0_ep0,B4_linear_stats,0.9138418402380407,0.8465158093155221,0.703125,0.703125,0.9057511498887647,0.9273274739583334
libero_spatial_t00_ep000_s0056_manipulation,train,manipulation,libero_spatial,0,libero_spatial_t0_ep0,B0_random,0.0007016765850308995,0.011845994648883845,0.15625,0.15625,0.6034737111826957,0.4268391927083333
libero_spatial_t00_ep000_s0056_manipulation,train,manipulation,libero_spatial,0,libero_spatial_t0_ep0,B0x_token_index,-0.22087648775463492,-0.16062578610782402,0.15625,0.15625,0.5613969638980757,0.399658203125
libero_spatial_t00_ep000_s0056_manipulation,train,manipulation,libero_spatial,0,libero_spatial_t0_ep0,B1_pred_norm_neg,0.6080703536278325,0.6545650611307373,0.640625,0.640625,0.8690988720609087,0.831298828125
libero_spatial_t00_ep000_s0056_manipulation,train,manipulation,libero_spatial,0,libero_spatial_t0_ep0,B2_change_norm,0.9414754520485237,0.8109773094180748,0.8125,0.8125,0.9046198440171118,0.9571126302083334
libero_spatial_t00_ep000_s0056_manipulation,train,manipulation,libero_spatial,0,libero_spatial_t0_ep0,B3_cos_dist,0.9415097848477912,0.6928873114880278,0.8125,0.8125,0.9046521643776296,0.957275390625
libero_spatial_t00_ep000_s0056_manipulation,train,manipulation,libero_spatial,0,libero_spatial_t0_ep0,B4_linear_stats,0.9370450904097047,0.8603681217515883,0.796875,0.796875,0.8986167334147475,0.9539388020833334
libero_spatial_t00_ep001_s0016_approach,train,approach,libero_spatial,0,libero_spatial_t0_ep1,B0_random,-0.07304803730830854,-0.07259788394950424,0.203125,0.203125,0.579735233607039,0.4397786458333333
libero_spatial_t00_ep001_s0016_approach,train,approach,libero_spatial,0,libero_spatial_t0_ep1,B0x_token_index,-0.3845058937972076,-0.3393681754770864,0.234375,0.234375,0.5957165591238345,0.3671875
libero_spatial_t00_ep001_s0016_approach,train,approach,libero_spatial,0,libero_spatial_t0_ep1,B1_pred_norm_neg,0.4883876459143969,0.5742242358599615,0.5625,0.5625,0.8419465262256152,0.7476399739583334
libero_spatial_t00_ep001_s0016_approach,train,approach,libero_spatial,0,libero_spatial_t0_ep1,B2_change_norm,0.8572857061112382,0.6879391933733752,0.59375,0.59375,0.8555921259382118,0.89013671875
libero_spatial_t00_ep001_s0016_approach,train,approach,libero_spatial,0,libero_spatial_t0_ep1,B3_cos_dist,0.8579129949645228,0.6008041499230559,0.59375,0.59375,0.8560995280290167,0.8905436197916666
libero_spatial_t00_ep001_s0016_approach,train,approach,libero_spatial,0,libero_spatial_t0_ep1,B4_linear_stats,0.7701791027695125,0.6701183731445765,0.546875,0.546875,0.8262440596314975,0.8092447916666666
libero_spatial_t00_ep001_s0032_pre_grasp,train,pre_grasp,libero_spatial,0,libero_spatial_t0_ep1,B0_random,0.038270342183566036,0.025095533045022097,0.265625,0.265625,0.6081818186618239,0.5250651041666666
libero_spatial_t00_ep001_s0032_pre_grasp,train,pre_grasp,libero_spatial,0,libero_spatial_t0_ep1,B0x_token_index,-0.23752503433279926,-0.18054666513735926,0.203125,0.203125,0.5931740979028061,0.432861328125
libero_spatial_t00_ep001_s0032_pre_grasp,train,pre_grasp,libero_spatial,0,libero_spatial_t0_ep1,B1_pred_norm_neg,0.4948987182421607,0.6115991095666742,0.640625,0.640625,0.8638719042056452,0.767578125
libero_spatial_t00_ep001_s0032_pre_grasp,train,pre_grasp,libero_spatial,0,libero_spatial_t0_ep1,B2_change_norm,0.8486359864957657,0.662587534940967,0.671875,0.671875,0.8346839721509591,0.9037272135416666
libero_spatial_t00_ep001_s0032_pre_grasp,train,pre_grasp,libero_spatial,0,libero_spatial_t0_ep1,B3_cos_dist,0.84936484321355,0.5416422600757774,0.671875,0.671875,0.8362794949615497,0.9046223958333334
libero_spatial_t00_ep001_s0032_pre_grasp,train,pre_grasp,libero_spatial,0,libero_spatial_t0_ep1,B4_linear_stats,0.8669582570382238,0.8158476416257338,0.71875,0.71875,0.8864305255832845,0.92529296875
libero_spatial_t00_ep001_s0056_manipulation,train,manipulation,libero_spatial,0,libero_spatial_t0_ep1,B0_random,0.03343084802014191,-0.006199104517165172,0.265625,0.265625,0.5850937304846878,0.546142578125
libero_spatial_t00_ep001_s0056_manipulation,train,manipulation,libero_spatial,0,libero_spatial_t0_ep1,B0x_token_index,-0.20332312886243992,-0.1237877016414918,0.21875,0.21875,0.5817401668622361,0.451171875
libero_spatial_t00_ep001_s0056_manipulation,train,manipulation,libero_spatial,0,libero_spatial_t0_ep1,B1_pred_norm_neg,0.5546313515678645,0.6525902113509111,0.625,0.625,0.8736579751328375,0.8020833333333334
libero_spatial_t00_ep001_s0056_manipulation,train,manipulation,libero_spatial,0,libero_spatial_t0_ep1,B2_change_norm,0.917662079423209,0.7890965729621713,0.8125,0.8125,0.8984594784725034,0.9564615885416666
libero_spatial_t00_ep001_s0056_manipulation,train,manipulation,libero_spatial,0,libero_spatial_t0_ep1,B3_cos_dist,0.9179961089494163,0.6804229684340088,0.8125,0.8125,0.8988408928323214,0.956787109375
libero_spatial_t00_ep001_s0056_manipulation,train,manipulation,libero_spatial,0,libero_spatial_t0_ep1,B4_linear_stats,0.917963921950103,0.8363669330196729,0.828125,0.828125,0.9031158474652058,0.95703125
libero_spatial_t00_ep002_s0024_approach,train,approach,libero_spatial,0,libero_spatial_t0_ep2,B0_random,-0.012340495536736095,-0.02805146739231504,0.203125,0.203125,0.5962202709208144,0.4905598958333333
libero_spatial_t00_ep002_s0024_approach,train,approach,libero_spatial,0,libero_spatial_t0_ep2,B0x_token_index,-0.37211103799496453,-0.32096349625050563,0.109375,0.109375,0.5678147175567929,0.3358561197916667
libero_spatial_t00_ep002_s0024_approach,train,approach,libero_spatial,0,libero_spatial_t0_ep2,B1_pred_norm_neg,0.4927908274204624,0.5441244641855991,0.59375,0.59375,0.8635642693499024,0.77783203125
libero_spatial_t00_ep002_s0024_approach,train,approach,libero_spatial,0,libero_spatial_t0_ep2,B2_change_norm,0.8734707598992905,0.6918474258591527,0.640625,0.640625,0.858901988208058,0.8986002604166666
libero_spatial_t00_ep002_s0024_approach,train,approach,libero_spatial,0,libero_spatial_t0_ep2,B3_cos_dist,0.8736152437628748,0.589732636155103,0.640625,0.640625,0.8597240402897038,0.8993326822916666
libero_spatial_t00_ep002_s0024_approach,train,approach,libero_spatial,0,libero_spatial_t0_ep2,B4_linear_stats,0.852268825818265,0.7931828056100182,0.640625,0.640625,0.8690885341161848,0.8834635416666666
libero_spatial_t00_ep002_s0040_pre_grasp,train,pre_grasp,libero_spatial,0,libero_spatial_t0_ep2,B0_random,0.021746252002746623,0.06887147102751223,0.3125,0.3125,0.6500536873754426,0.5035807291666666
libero_spatial_t00_ep002_s0040_pre_grasp,train,pre_grasp,libero_spatial,0,libero_spatial_t0_ep2,B0x_token_index,-0.2803873884184024,-0.22193220661186638,0.125,0.125,0.5275508062638339,0.3772786458333333
libero_spatial_t00_ep002_s0040_pre_grasp,train,pre_grasp,libero_spatial,0,libero_spatial_t0_ep2,B1_pred_norm_neg,0.47581182764934765,0.5936999611951957,0.59375,0.59375,0.8415913509502794,0.7535807291666666
libero_spatial_t00_ep002_s0040_pre_grasp,train,pre_grasp,libero_spatial,0,libero_spatial_t0_ep2,B2_change_norm,0.9130464637216754,0.8052737438561087,0.765625,0.765625,0.8991981371994398,0.9400227864583334
libero_spatial_t00_ep002_s0040_pre_grasp,train,pre_grasp,libero_spatial,0,libero_spatial_t0_ep2,B3_cos_dist,0.9132732032501717,0.7300407571957037,0.765625,0.765625,0.8998164483743138,0.9405110677083334
libero_spatial_t00_ep002_s0040_pre_grasp,train,pre_grasp,libero_spatial,0,libero_spatial_t0_ep2,B4_linear_stats,0.9184960803387503,0.8525690848424945,0.765625,0.765625,0.9124358366996769,0.9414876302083334
libero_spatial_t00_ep002_s0056_manipulation,train,manipulation,libero_spatial,0,libero_spatial_t0_ep2,B0_random,-0.11346489471274891,-0.07421181503521904,0.21875,0.21875,0.5792924759764705,0.47998046875
libero_spatial_t00_ep002_s0056_manipulation,train,manipulation,libero_spatial,0,libero_spatial_t0_ep2,B0x_token_index,-0.36227182993820095,-0.3147599654902366,0.125,0.125,0.5161195511683843,0.3756510416666667
libero_spatial_t00_ep002_s0056_manipulation,train,manipulation,libero_spatial,0,libero_spatial_t0_ep2,B1_pred_norm_neg,0.6161714637216754,0.6887337917199176,0.6875,0.6875,0.8725841003874243,0.862060546875
libero_spatial_t00_ep002_s0056_manipulation,train,manipulation,libero_spatial,0,libero_spatial_t0_ep2,B2_change_norm,0.8908624685282673,0.7569269343490251,0.75,0.75,0.8845966417051121,0.9239095052083334
libero_spatial_t00_ep002_s0056_manipulation,train,manipulation,libero_spatial,0,libero_spatial_t0_ep2,B3_cos_dist,0.8910448615243763,0.6536078362835199,0.75,0.75,0.8870402897583876,0.9239095052083334
libero_spatial_t00_ep002_s0056_manipulation,train,manipulation,libero_spatial,0,libero_spatial_t0_ep2,B4_linear_stats,0.9021765564202334,0.8311043460770995,0.734375,0.734375,0.9013191184884936,0.9297688802083334
libero_spatial_t00_ep003_s0024_approach,train,approach,libero_spatial,0,libero_spatial_t0_ep3,B0_random,0.08698286221103227,0.07189739348447034,0.265625,0.265625,0.6453821309193278,0.5067545572916666
libero_spatial_t00_ep003_s0024_approach,train,approach,libero_spatial,0,libero_spatial_t0_ep3,B0x_token_index,-0.3234264133669032,-0.26020561690889066,0.203125,0.203125,0.5642052254761838,0.4016927083333333
libero_spatial_t00_ep003_s0024_approach,train,approach,libero_spatial,0,libero_spatial_t0_ep3,B1_pred_norm_neg,0.505676356145571,0.6084971260870813,0.59375,0.59375,0.87102987987706,0.75927734375
libero_spatial_t00_ep003_s0024_approach,train,approach,libero_spatial,0,libero_spatial_t0_ep3,B2_change_norm,0.8772909990844587,0.6517510540347742,0.59375,0.59375,0.8116143168350795,0.8760579427083334
libero_spatial_t00_ep003_s0024_approach,train,approach,libero_spatial,0,libero_spatial_t0_ep3,B3_cos_dist,0.8781607633325704,0.5465405692214175,0.59375,0.59375,0.8173618723328374,0.8771158854166666
libero_spatial_t00_ep003_s0024_approach,train,approach,libero_spatial,0,libero_spatial_t0_ep3,B4_linear_stats,0.8452141508354315,0.7549478283961026,0.578125,0.578125,0.8372195565372751,0.8792317708333334
libero_spatial_t00_ep003_s0040_pre_grasp,train,pre_grasp,libero_spatial,0,libero_spatial_t0_ep3,B0_random,0.06428029869535362,0.1307756489050692,0.328125,0.328125,0.6520276443489018,0.5498046875
libero_spatial_t00_ep003_s0040_pre_grasp,train,pre_grasp,libero_spatial,0,libero_spatial_t0_ep3,B0x_token_index,-0.31351424811169604,-0.27632966961829897,0.15625,0.15625,0.5351038953645333,0.3538411458333333
libero_spatial_t00_ep003_s0040_pre_grasp,train,pre_grasp,libero_spatial,0,libero_spatial_t0_ep3,B1_pred_norm_neg,0.4201354715037766,0.4990606602350216,0.546875,0.546875,0.7917067925739415,0.7465006510416666
libero_spatial_t00_ep003_s0040_pre_grasp,train,pre_grasp,libero_spatial,0,libero_spatial_t0_ep3,B2_change_norm,0.9017237926298924,0.658720470082832,0.703125,0.703125,0.8111567271412382,0.9191080729166666
libero_spatial_t00_ep003_s0040_pre_grasp,train,pre_grasp,libero_spatial,0,libero_spatial_t0_ep3,B3_cos_dist,0.9021772716868849,0.5196570736668374,0.703125,0.703125,0.8125599726479372,0.9197591145833334
libero_spatial_t00_ep003_s0040_pre_grasp,train,pre_grasp,libero_spatial,0,libero_spatial_t0_ep3,B4_linear_stats,0.9142252231631952,0.8003724855670258,0.71875,0.71875,0.8575520184434691,0.9296875
libero_spatial_t00_ep003_s0064_manipulation,train,manipulation,libero_spatial,0,libero_spatial_t0_ep3,B0_random,0.08047965781643397,0.07648228431636586,0.28125,0.28125,0.6176286625895322,0.5546061197916666
libero_spatial_t00_ep003_s0064_manipulation,train,manipulation,libero_spatial,0,libero_spatial_t0_ep3,B0x_token_index,-0.31244921606775006,-0.2696810366232661,0.15625,0.15625,0.5650376734581048,0.36572265625
libero_spatial_t00_ep003_s0064_manipulation,train,manipulation,libero_spatial,0,libero_spatial_t0_ep3,B1_pred_norm_neg,0.5680805104142824,0.662223275169506,0.75,0.75,0.9090441483376043,0.8516438802083334
libero_spatial_t00_ep003_s0064_manipulation,train,manipulation,libero_spatial,0,libero_spatial_t0_ep3,B2_change_norm,0.8797801270313573,0.7318334196321337,0.671875,0.671875,0.8571236603268657,0.9108072916666666
libero_spatial_t00_ep003_s0064_manipulation,train,manipulation,libero_spatial,0,libero_spatial_t0_ep3,B3_cos_dist,0.8802185854886702,0.6253816357593326,0.671875,0.671875,0.8619335881392913,0.9117838541666666
libero_spatial_t00_ep003_s0064_manipulation,train,manipulation,libero_spatial,0,libero_spatial_t0_ep3,B4_linear_stats,0.8710624570840009,0.8155313416330772,0.625,0.625,0.8588179334219079,0.9131673177083334
libero_spatial_t00_ep004_s0016_approach,train,approach,libero_spatial,0,libero_spatial_t0_ep4,B0_random,-0.04331154154268711,-0.050594343311750944,0.234375,0.234375,0.5622426211084333,0.475830078125
libero_spatial_t00_ep004_s0016_approach,train,approach,libero_spatial,0,libero_spatial_t0_ep4,B0x_token_index,-0.384111781872282,-0.3005962061826788,0.203125,0.203125,0.5285515915922764,0.379638671875
libero_spatial_t00_ep004_s0016_approach,train,approach,libero_spatial,0,libero_spatial_t0_ep4,B1_pred_norm_neg,0.5007302872510873,0.6525174046764195,0.640625,0.640625,0.8936732054254138,0.7733561197916666
libero_spatial_t00_ep004_s0016_approach,train,approach,libero_spatial,0,libero_spatial_t0_ep4,B2_change_norm,0.8999148832684825,0.7423985744324835,0.671875,0.671875,0.8686115699857082,0.9278157552083334
libero_spatial_t00_ep004_s0016_approach,train,approach,libero_spatial,0,libero_spatial_t0_ep4,B3_cos_dist,0.9010185397116045,0.6832475573218447,0.671875,0.671875,0.8718351822433669,0.9286295572916666
libero_spatial_t00_ep004_s0016_approach,train,approach,libero_spatial,0,libero_spatial_t0_ep4,B4_linear_stats,0.8172214751659419,0.6443002211776533,0.640625,0.640625,0.8387644514851962,0.8497721354166666
libero_spatial_t00_ep004_s0032_pre_grasp,train,pre_grasp,libero_spatial,0,libero_spatial_t0_ep4,B0_random,-0.05995865758754864,-0.01866950697704155,0.1875,0.1875,0.631968728070569,0.41845703125
libero_spatial_t00_ep004_s0032_pre_grasp,train,pre_grasp,libero_spatial,0,libero_spatial_t0_ep4,B0x_token_index,-0.270190547035935,-0.22465355912198415,0.171875,0.171875,0.5470567354051055,0.3782552083333333
libero_spatial_t00_ep004_s0032_pre_grasp,train,pre_grasp,libero_spatial,0,libero_spatial_t0_ep4,B1_pred_norm_neg,0.5211339837491417,0.5670393056133176,0.59375,0.59375,0.8478459724880468,0.7495930989583334
libero_spatial_t00_ep004_s0032_pre_grasp,train,pre_grasp,libero_spatial,0,libero_spatial_t0_ep4,B2_change_norm,0.8982955195696956,0.7020511566810602,0.703125,0.703125,0.8661471976553663,0.9093424479166666
libero_spatial_t00_ep004_s0032_pre_grasp,train,pre_grasp,libero_spatial,0,libero_spatial_t0_ep4,B3_cos_dist,0.8984407186999314,0.5742872349446436,0.703125,0.703125,0.8658178098717131,0.909423828125
libero_spatial_t00_ep004_s0032_pre_grasp,train,pre_grasp,libero_spatial,0,libero_spatial_t0_ep4,B4_linear_stats,0.9125607976653697,0.8277333319251345,0.703125,0.703125,0.891296712746572,0.91796875
libero_spatial_t00_ep004_s0056_manipulation,train,manipulation,libero_spatial,0,libero_spatial_t0_ep4,B0_random,-0.04785420004577707,-0.04584509014819748,0.265625,0.265625,0.6148486857431782,0.4767252604166667
libero_spatial_t00_ep004_s0056_manipulation,train,manipulation,libero_spatial,0,libero_spatial_t0_ep4,B0x_token_index,-0.29807664797436484,-0.2379798730289359,0.15625,0.15625,0.5477254369372635,0.3736979166666667
libero_spatial_t00_ep004_s0056_manipulation,train,manipulation,libero_spatial,0,libero_spatial_t0_ep4,B1_pred_norm_neg,0.5154046978713664,0.6682577667829214,0.640625,0.640625,0.881707204712558,0.816650390625
libero_spatial_t00_ep004_s0056_manipulation,train,manipulation,libero_spatial,0,libero_spatial_t0_ep4,B2_change_norm,0.9081654840924697,0.756939929436419,0.71875,0.71875,0.8836087226625734,0.9344075520833334
libero_spatial_t00_ep004_s0056_manipulation,train,manipulation,libero_spatial,0,libero_spatial_t0_ep4,B3_cos_dist,0.9081569008926528,0.6401800878464662,0.71875,0.71875,0.8882194771861316,0.934814453125
libero_spatial_t00_ep004_s0056_manipulation,train,manipulation,libero_spatial,0,libero_spatial_t0_ep4,B4_linear_stats,0.9100316147859923,0.8422153229169903,0.734375,0.734375,0.9064323711552507,0.9413248697916666
libero_spatial_t00_ep005_s0016_approach,train,approach,libero_spatial,0,libero_spatial_t0_ep5,B0_random,-0.02210603112840467,-0.027342524401079288,0.125,0.125,0.5579830136482649,0.4457194010416667
libero_spatial_t00_ep005_s0016_approach,train,approach,libero_spatial,0,libero_spatial_t0_ep5,B0x_token_index,-0.39926256008239874,-0.3288735332490507,0.171875,0.171875,0.5776602334792346,0.3187662760416667
libero_spatial_t00_ep005_s0016_approach,train,approach,libero_spatial,0,libero_spatial_t0_ep5,B1_pred_norm_neg,0.5348613813229572,0.6036075506827452,0.65625,0.65625,0.8548766461816076,0.8118489583333334
libero_spatial_t00_ep005_s0016_approach,train,approach,libero_spatial,0,libero_spatial_t0_ep5,B2_change_norm,0.8694867246509499,0.6566551025258092,0.6875,0.6875,0.8294730961293947,0.9165852864583334
libero_spatial_t00_ep005_s0016_approach,train,approach,libero_spatial,0,libero_spatial_t0_ep5,B3_cos_dist,0.8698736839093614,0.5524088659573771,0.703125,0.703125,0.832077825145976,0.9171549479166666
libero_spatial_t00_ep005_s0016_approach,train,approach,libero_spatial,0,libero_spatial_t0_ep5,B4_linear_stats,0.842270828564889,0.7542068735669939,0.671875,0.671875,0.8475167892525508,0.8934733072916666
libero_spatial_t00_ep005_s0032_pre_grasp,train,pre_grasp,libero_spatial,0,libero_spatial_t0_ep5,B0_random,-0.1004763675898375,-0.1144054936922831,0.203125,0.203125,0.6094847161700356,0.4395345052083333
libero_spatial_t00_ep005_s0032_pre_grasp,train,pre_grasp,libero_spatial,0,libero_spatial_t0_ep5,B0x_token_index,-0.31406714923323414,-0.2587967427994511,0.125,0.125,0.5988294176487423,0.3334147135416667
libero_spatial_t00_ep005_s0032_pre_grasp,train,pre_grasp,libero_spatial,0,libero_spatial_t0_ep5,B1_pred_norm_neg,0.4374642366674296,0.50176181213,0.5625,0.5625,0.8429904301271991,0.7557779947916666
libero_spatial_t00_ep005_s0032_pre_grasp,train,pre_grasp,libero_spatial,0,libero_spatial_t0_ep5,B2_change_norm,0.8928151464866102,0.6295694136492909,0.640625,0.640625,0.8372678362423605,0.901611328125
libero_spatial_t00_ep005_s0032_pre_grasp,train,pre_grasp,libero_spatial,0,libero_spatial_t0_ep5,B3_cos_dist,0.8925390535591669,0.4724045416701552,0.625,0.625,0.8356664035882556,0.9012044270833334
libero_spatial_t00_ep005_s0032_pre_grasp,train,pre_grasp,libero_spatial,0,libero_spatial_t0_ep5,B4_linear_stats,0.9006222819867247,0.8393333127717443,0.671875,0.671875,0.891018326930681,0.9112955729166666
libero_spatial_t00_ep005_s0056_manipulation,train,manipulation,libero_spatial,0,libero_spatial_t0_ep5,B0_random,-0.06894526779583429,-0.07584053124544882,0.171875,0.171875,0.5236433090645666,0.4678548177083333
libero_spatial_t00_ep005_s0056_manipulation,train,manipulation,libero_spatial,0,libero_spatial_t0_ep5,B0x_token_index,-0.3266823071641108,-0.26294328092486496,0.125,0.125,0.5113940488059805,0.347412109375
libero_spatial_t00_ep005_s0056_manipulation,train,manipulation,libero_spatial,0,libero_spatial_t0_ep5,B1_pred_norm_neg,0.6011007953765164,0.6901016297247985,0.734375,0.734375,0.8746918633926548,0.8570149739583334
libero_spatial_t00_ep005_s0056_manipulation,train,manipulation,libero_spatial,0,libero_spatial_t0_ep5,B2_change_norm,0.9313379777981231,0.7599576091069692,0.765625,0.765625,0.8757176885857169,0.94921875
libero_spatial_t00_ep005_s0056_manipulation,train,manipulation,libero_spatial,0,libero_spatial_t0_ep5,B3_cos_dist,0.9316090638590067,0.6550849304313258,0.765625,0.765625,0.876698894899126,0.949462890625
libero_spatial_t00_ep005_s0056_manipulation,train,manipulation,libero_spatial,0,libero_spatial_t0_ep5,B4_linear_stats,0.9287365529869536,0.8395866834017711,0.765625,0.765625,0.880915922810841,0.9503580729166666
libero_spatial_t07_ep000_s0016_approach,train,approach,libero_spatial,7,libero_spatial_t7_ep0,B0_random,0.0709301327534905,0.058343741429732685,0.3125,0.3125,0.6826420103151202,0.5467936197916666
libero_spatial_t07_ep000_s0016_approach,train,approach,libero_spatial,7,libero_spatial_t7_ep0,B0x_token_index,-0.3371237697413596,-0.2872239028836477,0.234375,0.234375,0.638497456104296,0.3675944010416667
libero_spatial_t07_ep000_s0016_approach,train,approach,libero_spatial,7,libero_spatial_t7_ep0,B1_pred_norm_neg,0.5600494964522774,0.5715999805679813,0.5625,0.5625,0.8581275876874725,0.8006998697916666
libero_spatial_t07_ep000_s0016_approach,train,approach,libero_spatial,7,libero_spatial_t7_ep0,B2_change_norm,0.9195403696498055,0.724494777098087,0.734375,0.734375,0.8748807069518083,0.928466796875
libero_spatial_t07_ep000_s0016_approach,train,approach,libero_spatial,7,libero_spatial_t7_ep0,B3_cos_dist,0.9195847161821927,0.5910487591284008,0.734375,0.734375,0.8764712423135566,0.928466796875
libero_spatial_t07_ep000_s0016_approach,train,approach,libero_spatial,7,libero_spatial_t7_ep0,B4_linear_stats,0.9209465838864729,0.862998265417154,0.75,0.75,0.9120138679669175,0.9319661458333334
libero_spatial_t07_ep000_s0024_pre_grasp,train,pre_grasp,libero_spatial,7,libero_spatial_t7_ep0,B0_random,-0.013198100251773861,0.021450903855690248,0.28125,0.28125,0.6615687704243672,0.5033365885416666
libero_spatial_t07_ep000_s0024_pre_grasp,train,pre_grasp,libero_spatial,7,libero_spatial_t7_ep0,B0x_token_index,-0.22872010185397115,-0.15684461270600408,0.265625,0.265625,0.6653532428058351,0.4404296875
libero_spatial_t07_ep000_s0024_pre_grasp,train,pre_grasp,libero_spatial,7,libero_spatial_t7_ep0,B1_pred_norm_neg,0.4879499027237354,0.5120540787887754,0.515625,0.515625,0.8417577898753226,0.7469075520833334
libero_spatial_t07_ep000_s0024_pre_grasp,train,pre_grasp,libero_spatial,7,libero_spatial_t7_ep0,B2_change_norm,0.9317843041886015,0.7847350818245236,0.75,0.75,0.8824633509066456,0.9249674479166666
libero_spatial_t07_ep000_s0024_pre_grasp,train,pre_grasp,libero_spatial,7,libero_spatial_t7_ep0,B3_cos_dist,0.9316040569924467,0.6228560372909351,0.75,0.75,0.8826894897685532,0.9251302083333334
libero_spatial_t07_ep000_s0024_pre_grasp,train,pre_grasp,libero_spatial,7,libero_spatial_t7_ep0,B4_linear_stats,0.9299231803616388,0.8678874037376136,0.734375,0.734375,0.9209852171213946,0.9225260416666666
libero_spatial_t07_ep000_s0048_manipulation,train,manipulation,libero_spatial,7,libero_spatial_t7_ep0,B0_random,0.038200961318379495,0.04791180502153054,0.234375,0.234375,0.6040481309165893,0.5068359375
libero_spatial_t07_ep000_s0048_manipulation,train,manipulation,libero_spatial,7,libero_spatial_t7_ep0,B0x_token_index,-0.37800698100251773,-0.345792472727651,0.15625,0.15625,0.5551782884816738,0.3311360677083333
libero_spatial_t07_ep000_s0048_manipulation,train,manipulation,libero_spatial,7,libero_spatial_t7_ep0,B1_pred_norm_neg,0.6780820840009155,0.6887476440105809,0.6875,0.6875,0.8652388025308863,0.87841796875
libero_spatial_t07_ep000_s0048_manipulation,train,manipulation,libero_spatial,7,libero_spatial_t7_ep0,B2_change_norm,0.9366974708171206,0.7592441917820626,0.828125,0.828125,0.8845892184060206,0.960205078125
libero_spatial_t07_ep000_s0048_manipulation,train,manipulation,libero_spatial,7,libero_spatial_t7_ep0,B3_cos_dist,0.9369270714122224,0.6157793657782921,0.828125,0.828125,0.8849059271380814,0.9605305989583334
libero_spatial_t07_ep000_s0048_manipulation,train,manipulation,libero_spatial,7,libero_spatial_t7_ep0,B4_linear_stats,0.9397495136186771,0.8728746330215553,0.84375,0.84375,0.8904524123834953,0.9619140625
libero_spatial_t07_ep001_s0016_approach,train,approach,libero_spatial,7,libero_spatial_t7_ep1,B0_random,-0.04433437285420005,-0.052071489953499514,0.1875,0.1875,0.5891007499582238,0.4708658854166667
libero_spatial_t07_ep001_s0016_approach,train,approach,libero_spatial,7,libero_spatial_t7_ep1,B0x_token_index,-0.3764777409018082,-0.3658351159367986,0.1875,0.1875,0.6295841500028647,0.3104654947916667
libero_spatial_t07_ep001_s0016_approach,train,approach,libero_spatial,7,libero_spatial_t7_ep1,B1_pred_norm_neg,0.46137703135729,0.5590156172328007,0.53125,0.53125,0.8517439265973337,0.7511393229166666
libero_spatial_t07_ep001_s0016_approach,train,approach,libero_spatial,7,libero_spatial_t7_ep1,B2_change_norm,0.9338342584115358,0.7670538063599868,0.75,0.75,0.8965898157440563,0.9385579427083334
libero_spatial_t07_ep001_s0016_approach,train,approach,libero_spatial,7,libero_spatial_t7_ep1,B3_cos_dist,0.9339000629434653,0.6310383596829038,0.75,0.75,0.896819253273644,0.9386393229166666
libero_spatial_t07_ep001_s0016_approach,train,approach,libero_spatial,7,libero_spatial_t7_ep1,B4_linear_stats,0.9325689517051957,0.8867379103439622,0.734375,0.734375,0.9288379310186176,0.9374186197916666
libero_spatial_t07_ep001_s0032_pre_grasp,train,pre_grasp,libero_spatial,7,libero_spatial_t7_ep1,B0_random,-0.07308523117418174,-0.12065957161748782,0.234375,0.234375,0.5674582957999401,0.470458984375
libero_spatial_t07_ep001_s0032_pre_grasp,train,pre_grasp,libero_spatial,7,libero_spatial_t7_ep1,B0x_token_index,-0.2742754348821241,-0.20114690423399634,0.1875,0.1875,0.6030765486181004,0.3653971354166667
libero_spatial_t07_ep001_s0032_pre_grasp,train,pre_grasp,libero_spatial,7,libero_spatial_t7_ep1,B1_pred_norm_neg,0.5337562943465324,0.5687113119024748,0.578125,0.578125,0.8653082233023763,0.7766927083333334
libero_spatial_t07_ep001_s0032_pre_grasp,train,pre_grasp,libero_spatial,7,libero_spatial_t7_ep1,B2_change_norm,0.9612954909590296,0.812847340535944,0.859375,0.859375,0.9094955389247671,0.96435546875
libero_spatial_t07_ep001_s0032_pre_grasp,train,pre_grasp,libero_spatial,7,libero_spatial_t7_ep1,B3_cos_dist,0.9614750228885328,0.6784286903310822,0.859375,0.859375,0.9095405977666996,0.964599609375
libero_spatial_t07_ep001_s0032_pre_grasp,train,pre_grasp,libero_spatial,7,libero_spatial_t7_ep1,B4_linear_stats,0.9606395914396887,0.8729946937484658,0.859375,0.859375,0.8994906350164444,0.967041015625
libero_spatial_t07_ep001_s0056_manipulation,train,manipulation,libero_spatial,7,libero_spatial_t7_ep1,B0_random,-0.004368848706797894,-0.022027853231534635,0.203125,0.203125,0.6053024652664848,0.48583984375
libero_spatial_t07_ep001_s0056_manipulation,train,manipulation,libero_spatial,7,libero_spatial_t7_ep1,B0x_token_index,-0.4429009784847791,-0.39472869233918534,0.109375,0.109375,0.5397207214952296,0.2657877604166667
libero_spatial_t07_ep001_s0056_manipulation,train,manipulation,libero_spatial,7,libero_spatial_t7_ep1,B1_pred_norm_neg,0.6191147859922179,0.7088897395962752,0.6875,0.6875,0.894211277548849,0.8907063802083334
libero_spatial_t07_ep001_s0056_manipulation,train,manipulation,libero_spatial,7,libero_spatial_t7_ep1,B2_change_norm,0.953651436255436,0.8089287799595112,0.859375,0.859375,0.9057804478928403,0.97705078125
libero_spatial_t07_ep001_s0056_manipulation,train,manipulation,libero_spatial,7,libero_spatial_t7_ep1,B3_cos_dist,0.9540047779812314,0.6857365379962037,0.859375,0.859375,0.9068136209766756,0.9773763020833334
libero_spatial_t07_ep001_s0056_manipulation,train,manipulation,libero_spatial,7,libero_spatial_t7_ep1,B4_linear_stats,0.9572435053788052,0.9036114184574776,0.84375,0.84375,0.939989078792046,0.9752604166666666
libero_spatial_t07_ep002_s0016_approach,train,approach,libero_spatial,7,libero_spatial_t7_ep2,B0_random,0.026183051041428245,-0.0038841501305340045,0.234375,0.234375,0.5653058045833601,0.477294921875
libero_spatial_t07_ep002_s0016_approach,train,approach,libero_spatial,7,libero_spatial_t7_ep2,B0x_token_index,-0.31358005264362554,-0.2946997659834705,0.28125,0.28125,0.5893570941960099,0.4039713541666667
libero_spatial_t07_ep002_s0016_approach,train,approach,libero_spatial,7,libero_spatial_t7_ep2,B1_pred_norm_neg,0.5640220874341955,0.6147283188873434,0.59375,0.59375,0.8240861516670102,0.816162109375
libero_spatial_t07_ep002_s0016_approach,train,approach,libero_spatial,7,libero_spatial_t7_ep2,B2_change_norm,0.9242425326161593,0.7486728071691258,0.8125,0.8125,0.8588599460164854,0.9496256510416666
libero_spatial_t07_ep002_s0016_approach,train,approach,libero_spatial,7,libero_spatial_t7_ep2,B3_cos_dist,0.9243934538796064,0.5961365264282787,0.8125,0.8125,0.8589315468668247,0.94970703125
libero_spatial_t07_ep002_s0016_approach,train,approach,libero_spatial,7,libero_spatial_t7_ep2,B4_linear_stats,0.929340953307393,0.8566448950420938,0.828125,0.828125,0.8986054871365317,0.9612630208333334
libero_spatial_t07_ep002_s0032_pre_grasp,train,pre_grasp,libero_spatial,7,libero_spatial_t7_ep2,B0_random,0.09930547608148317,0.13116714424339723,0.25,0.25,0.6317587723932938,0.589111328125
libero_spatial_t07_ep002_s0032_pre_grasp,train,pre_grasp,libero_spatial,7,libero_spatial_t7_ep2,B0x_token_index,-0.2260757610437171,-0.20790794264080706,0.25,0.25,0.6102944261965138,0.4364420572916667
libero_spatial_t07_ep002_s0032_pre_grasp,train,pre_grasp,libero_spatial,7,libero_spatial_t7_ep2,B1_pred_norm_neg,0.5610351338979171,0.5970753413791297,0.515625,0.515625,0.8400931713316511,0.7909342447916666
libero_spatial_t07_ep002_s0032_pre_grasp,train,pre_grasp,libero_spatial,7,libero_spatial_t7_ep2,B2_change_norm,0.9555354486152438,0.9180330985980101,0.78125,0.78125,0.9411456831982967,0.9466959635416666
libero_spatial_t07_ep002_s0032_pre_grasp,train,pre_grasp,libero_spatial,7,libero_spatial_t7_ep2,B3_cos_dist,0.9560754749370566,0.8798470367242881,0.78125,0.78125,0.9418407799076698,0.947265625
libero_spatial_t07_ep002_s0032_pre_grasp,train,pre_grasp,libero_spatial,7,libero_spatial_t7_ep2,B4_linear_stats,0.9668438143739986,0.9228151759937268,0.828125,0.828125,0.9502023892464225,0.9564615885416666
libero_spatial_t07_ep002_s0064_manipulation,train,manipulation,libero_spatial,7,libero_spatial_t7_ep2,B0_random,-0.046224107347219046,-0.03889053797903212,0.28125,0.28125,0.6037989335413149,0.5100911458333334
libero_spatial_t07_ep002_s0064_manipulation,train,manipulation,libero_spatial,7,libero_spatial_t7_ep2,B0x_token_index,-0.37139291027695126,-0.33829687879882586,0.171875,0.171875,0.5719682533759196,0.3235677083333333
libero_spatial_t07_ep002_s0064_manipulation,train,manipulation,libero_spatial,7,libero_spatial_t7_ep2,B1_pred_norm_neg,0.6803716525520714,0.727958311991726,0.6875,0.6875,0.9057938408776284,0.864501953125
libero_spatial_t07_ep002_s0064_manipulation,train,manipulation,libero_spatial,7,libero_spatial_t7_ep2,B2_change_norm,0.9185232604715038,0.7225473078903377,0.796875,0.796875,0.8699722611458185,0.95166015625
libero_spatial_t07_ep002_s0064_manipulation,train,manipulation,libero_spatial,7,libero_spatial_t7_ep2,B3_cos_dist,0.9192134927901121,0.5872548266601882,0.796875,0.796875,0.8706134556757724,0.9525553385416666
libero_spatial_t07_ep002_s0064_manipulation,train,manipulation,libero_spatial,7,libero_spatial_t7_ep2,B4_linear_stats,0.9251201647974365,0.8647137292862761,0.8125,0.8125,0.9387117050945478,0.965576171875
libero_spatial_t07_ep003_s0016_approach,train,approach,libero_spatial,7,libero_spatial_t7_ep3,B0_random,-0.03706583314259556,-0.029638850265475292,0.296875,0.296875,0.5888113295950019,0.4908854166666667
libero_spatial_t07_ep003_s0016_approach,train,approach,libero_spatial,7,libero_spatial_t7_ep3,B0x_token_index,-0.3142202162966354,-0.27926698172660364,0.21875,0.21875,0.6268760942866627,0.36572265625
libero_spatial_t07_ep003_s0016_approach,train,approach,libero_spatial,7,libero_spatial_t7_ep3,B1_pred_norm_neg,0.5067170691233692,0.5855995581837953,0.609375,0.609375,0.857585891589474,0.7969563802083334
libero_spatial_t07_ep003_s0016_approach,train,approach,libero_spatial,7,libero_spatial_t7_ep3,B2_change_norm,0.9359128233005264,0.7671494154272648,0.78125,0.78125,0.8868531431427231,0.9429524739583334
libero_spatial_t07_ep003_s0016_approach,train,approach,libero_spatial,7,libero_spatial_t7_ep3,B3_cos_dist,0.9359721904325933,0.6434844818221855,0.78125,0.78125,0.8858610882118789,0.9432779947916666
libero_spatial_t07_ep003_s0016_approach,train,approach,libero_spatial,7,libero_spatial_t7_ep3,B4_linear_stats,0.9399304760814832,0.8810907524150401,0.8125,0.8125,0.9204033903296522,0.9496256510416666
libero_spatial_t07_ep003_s0032_pre_grasp,train,pre_grasp,libero_spatial,7,libero_spatial_t7_ep3,B0_random,-0.08096746967269398,-0.10065102585041522,0.21875,0.21875,0.6143412358055684,0.4551595052083333
libero_spatial_t07_ep003_s0032_pre_grasp,train,pre_grasp,libero_spatial,7,libero_spatial_t7_ep3,B0x_token_index,-0.19933837834744794,-0.15116883710901052,0.265625,0.265625,0.6758845449832669,0.4291178385416667
libero_spatial_t07_ep003_s0032_pre_grasp,train,pre_grasp,libero_spatial,7,libero_spatial_t7_ep3,B1_pred_norm_neg,0.4789818894483864,0.44200311300985773,0.5,0.5,0.8006684270480422,0.747802734375
libero_spatial_t07_ep003_s0032_pre_grasp,train,pre_grasp,libero_spatial,7,libero_spatial_t7_ep3,B2_change_norm,0.9473105973907072,0.8723277564309535,0.828125,0.828125,0.9291617889753386,0.9674479166666666
libero_spatial_t07_ep003_s0032_pre_grasp,train,pre_grasp,libero_spatial,7,libero_spatial_t7_ep3,B3_cos_dist,0.9474536507209887,0.7208410745171909,0.828125,0.828125,0.9290799558467694,0.9678548177083334
libero_spatial_t07_ep003_s0032_pre_grasp,train,pre_grasp,libero_spatial,7,libero_spatial_t7_ep3,B4_linear_stats,0.9456147001602198,0.9096864144277278,0.828125,0.828125,0.937621602993298,0.9656575520833334
libero_spatial_t07_ep003_s0064_manipulation,train,manipulation,libero_spatial,7,libero_spatial_t7_ep3,B0_random,0.03258325703822385,0.04485607312298962,0.28125,0.28125,0.5980474231874875,0.5323893229166666
libero_spatial_t07_ep003_s0064_manipulation,train,manipulation,libero_spatial,7,libero_spatial_t7_ep3,B0x_token_index,-0.4717655642023346,-0.40339397893330325,0.140625,0.140625,0.5342754791901403,0.26025390625
libero_spatial_t07_ep003_s0064_manipulation,train,manipulation,libero_spatial,7,libero_spatial_t7_ep3,B1_pred_norm_neg,0.5971847104600595,0.6199222856139815,0.671875,0.671875,0.8453543250362984,0.8361002604166666
libero_spatial_t07_ep003_s0064_manipulation,train,manipulation,libero_spatial,7,libero_spatial_t7_ep3,B2_change_norm,0.9438014991989013,0.7545785632815248,0.84375,0.84375,0.868525988698415,0.9668782552083334
libero_spatial_t07_ep003_s0064_manipulation,train,manipulation,libero_spatial,7,libero_spatial_t7_ep3,B3_cos_dist,0.9440339608606089,0.6468600335781421,0.84375,0.84375,0.8756014382695086,0.96728515625
libero_spatial_t07_ep003_s0064_manipulation,train,manipulation,libero_spatial,7,libero_spatial_t7_ep3,B4_linear_stats,0.9457956626230258,0.8526717634840741,0.828125,0.828125,0.8743331872367317,0.9671223958333334
libero_spatial_t07_ep004_s0016_approach,train,approach,libero_spatial,7,libero_spatial_t7_ep4,B0_random,-0.03471546692607004,-0.056691669417387694,0.265625,0.265625,0.6274218306889751,0.483154296875
libero_spatial_t07_ep004_s0016_approach,train,approach,libero_spatial,7,libero_spatial_t7_ep4,B0x_token_index,-0.3998018711375601,-0.3681620919156405,0.21875,0.21875,0.6073919314489888,0.3306477864583333
libero_spatial_t07_ep004_s0016_approach,train,approach,libero_spatial,7,libero_spatial_t7_ep4,B1_pred_norm_neg,0.5216618505378805,0.5342526178350703,0.5,0.5,0.8313889579955503,0.771728515625
libero_spatial_t07_ep004_s0016_approach,train,approach,libero_spatial,7,libero_spatial_t7_ep4,B2_change_norm,0.923289082169833,0.7401499857075514,0.765625,0.765625,0.8990156493836821,0.9286295572916666
libero_spatial_t07_ep004_s0016_approach,train,approach,libero_spatial,7,libero_spatial_t7_ep4,B3_cos_dist,0.9229672121766995,0.6060057232985462,0.765625,0.765625,0.8987674333402434,0.92822265625
libero_spatial_t07_ep004_s0016_approach,train,approach,libero_spatial,7,libero_spatial_t7_ep4,B4_linear_stats,0.9168302243076218,0.8633668829820037,0.703125,0.703125,0.8983156281597523,0.919189453125
libero_spatial_t07_ep004_s0024_pre_grasp,train,pre_grasp,libero_spatial,7,libero_spatial_t7_ep4,B0_random,-0.09120007438773174,-0.06932571770723275,0.21875,0.21875,0.6365085225023023,0.4451497395833333
libero_spatial_t07_ep004_s0024_pre_grasp,train,pre_grasp,libero_spatial,7,libero_spatial_t7_ep4,B0x_token_index,-0.15713263904783703,-0.11493134501483473,0.296875,0.296875,0.691181444798386,0.4691569010416667
libero_spatial_t07_ep004_s0024_pre_grasp,train,pre_grasp,libero_spatial,7,libero_spatial_t7_ep4,B1_pred_norm_neg,0.4574044403753719,0.4479823948463096,0.515625,0.515625,0.8195188985393863,0.7220052083333334
libero_spatial_t07_ep004_s0024_pre_grasp,train,pre_grasp,libero_spatial,7,libero_spatial_t7_ep4,B2_change_norm,0.9157852197299153,0.7540262950487613,0.671875,0.671875,0.8817802290393347,0.924560546875
libero_spatial_t07_ep004_s0024_pre_grasp,train,pre_grasp,libero_spatial,7,libero_spatial_t7_ep4,B3_cos_dist,0.9153403238727398,0.6192924812418796,0.671875,0.671875,0.880148031586917,0.9239908854166666
libero_spatial_t07_ep004_s0024_pre_grasp,train,pre_grasp,libero_spatial,7,libero_spatial_t7_ep4,B4_linear_stats,0.9111760414282445,0.8455041520762804,0.671875,0.671875,0.8736458536785591,0.9224446614583334
libero_spatial_t07_ep004_s0056_manipulation,train,manipulation,libero_spatial,7,libero_spatial_t7_ep4,B0_random,0.09885271229114213,0.08849654015975944,0.28125,0.28125,0.6104503127835289,0.557861328125
libero_spatial_t07_ep004_s0056_manipulation,train,manipulation,libero_spatial,7,libero_spatial_t7_ep4,B0x_token_index,-0.3647015907530327,-0.3172639535589803,0.125,0.125,0.5273926994570272,0.3279622395833333
libero_spatial_t07_ep004_s0056_manipulation,train,manipulation,libero_spatial,7,libero_spatial_t7_ep4,B1_pred_norm_neg,0.6633268482490272,0.7126539091753832,0.703125,0.703125,0.8895069439353935,0.868896484375
libero_spatial_t07_ep004_s0056_manipulation,train,manipulation,libero_spatial,7,libero_spatial_t7_ep4,B2_change_norm,0.9241760128175784,0.7579772878806723,0.8125,0.8125,0.8783912402708567,0.95654296875
libero_spatial_t07_ep004_s0056_manipulation,train,manipulation,libero_spatial,7,libero_spatial_t7_ep4,B3_cos_dist,0.9248555161364157,0.6285405732475541,0.8125,0.8125,0.878690764254305,0.9571940104166666
libero_spatial_t07_ep004_s0056_manipulation,train,manipulation,libero_spatial,7,libero_spatial_t7_ep4,B4_linear_stats,0.9337727454795147,0.8677081807293058,0.84375,0.84375,0.9141290880807064,0.9632161458333334
libero_spatial_t07_ep005_s0016_approach,train,approach,libero_spatial,7,libero_spatial_t7_ep5,B0_random,-0.08172636758983749,-0.07579885520906748,0.296875,0.296875,0.6223389515185505,0.480224609375
libero_spatial_t07_ep005_s0016_approach,train,approach,libero_spatial,7,libero_spatial_t7_ep5,B0x_token_index,-0.2609807736324102,-0.19895039601785375,0.28125,0.28125,0.652570314396907,0.4246419270833333
libero_spatial_t07_ep005_s0016_approach,train,approach,libero_spatial,7,libero_spatial_t7_ep5,B1_pred_norm_neg,0.4811663138017853,0.48918998903941147,0.453125,0.453125,0.8295403749000849,0.6908365885416666
libero_spatial_t07_ep005_s0016_approach,train,approach,libero_spatial,7,libero_spatial_t7_ep5,B2_change_norm,0.8959000915541314,0.6836013461075603,0.6875,0.6875,0.8658975284465323,0.8966471354166666
libero_spatial_t07_ep005_s0016_approach,train,approach,libero_spatial,7,libero_spatial_t7_ep5,B3_cos_dist,0.8960216868848707,0.5427689168376083,0.6875,0.6875,0.866421184713059,0.8966471354166666
libero_spatial_t07_ep005_s0016_approach,train,approach,libero_spatial,7,libero_spatial_t7_ep5,B4_linear_stats,0.898010128175784,0.8178202599485461,0.6875,0.6875,0.8963523369034404,0.9027506510416666
libero_spatial_t07_ep005_s0032_pre_grasp,train,pre_grasp,libero_spatial,7,libero_spatial_t7_ep5,B0_random,0.010528725108720532,-0.006194870643328791,0.234375,0.234375,0.6119060468937617,0.4705403645833333
libero_spatial_t07_ep005_s0032_pre_grasp,train,pre_grasp,libero_spatial,7,libero_spatial_t7_ep5,B0x_token_index,-0.09482719157701991,-0.03137740114046492,0.328125,0.328125,0.6776040686483641,0.53076171875
libero_spatial_t07_ep005_s0032_pre_grasp,train,pre_grasp,libero_spatial,7,libero_spatial_t7_ep5,B1_pred_norm_neg,0.3803795204852369,0.37787960231513507,0.421875,0.421875,0.7624895455332419,0.6903483072916666
libero_spatial_t07_ep005_s0032_pre_grasp,train,pre_grasp,libero_spatial,7,libero_spatial_t7_ep5,B2_change_norm,0.9470688372625314,0.9126269170857465,0.8125,0.8125,0.9479482000614033,0.9462076822916666
libero_spatial_t07_ep005_s0032_pre_grasp,train,pre_grasp,libero_spatial,7,libero_spatial_t7_ep5,B3_cos_dist,0.9468192092011902,0.8422147801122003,0.8125,0.8125,0.947508415549909,0.946044921875
libero_spatial_t07_ep005_s0032_pre_grasp,train,pre_grasp,libero_spatial,7,libero_spatial_t7_ep5,B4_linear_stats,0.9445961604486153,0.9043883465932456,0.765625,0.765625,0.9239382395574932,0.9471842447916666
libero_spatial_t07_ep005_s0064_manipulation,train,manipulation,libero_spatial,7,libero_spatial_t7_ep5,B0_random,0.0078035591668574045,-0.009190738409844473,0.203125,0.203125,0.5820421826001153,0.477294921875
libero_spatial_t07_ep005_s0064_manipulation,train,manipulation,libero_spatial,7,libero_spatial_t7_ep5,B0x_token_index,-0.346297779812314,-0.2724033802875103,0.15625,0.15625,0.555732520454577,0.3223470052083333
libero_spatial_t07_ep005_s0064_manipulation,train,manipulation,libero_spatial,7,libero_spatial_t7_ep5,B1_pred_norm_neg,0.634169718471046,0.684375816879037,0.671875,0.671875,0.8782131062802129,0.829345703125
libero_spatial_t07_ep005_s0064_manipulation,train,manipulation,libero_spatial,7,libero_spatial_t7_ep5,B2_change_norm,0.9232847905699245,0.727392280136767,0.765625,0.765625,0.8473375184794616,0.944091796875
libero_spatial_t07_ep005_s0064_manipulation,train,manipulation,libero_spatial,7,libero_spatial_t7_ep5,B3_cos_dist,0.9235258354314488,0.62122925764959,0.765625,0.765625,0.8462090117203123,0.9444173177083334
libero_spatial_t07_ep005_s0064_manipulation,train,manipulation,libero_spatial,7,libero_spatial_t7_ep5,B4_linear_stats,0.9341747253376058,0.8273017844787193,0.765625,0.765625,0.9052191241467659,0.9544270833333334
libero_object_t03_ep006_s0024_approach,val,approach,libero_object,3,libero_object_t3_ep6,B0_random,-0.10206569008926528,-0.11721780688636928,0.15625,0.15625,0.4750891986177858,0.4322916666666667
libero_object_t03_ep006_s0024_approach,val,approach,libero_object,3,libero_object_t3_ep6,B0x_token_index,-0.41864127946898605,-0.4530642536655053,0.09375,0.09375,0.46770529804557137,0.21207682291666666
libero_object_t03_ep006_s0024_approach,val,approach,libero_object,3,libero_object_t3_ep6,B1_pred_norm_neg,0.6281865129320211,0.7534972366699133,0.65625,0.65625,0.8670102363823603,0.8605143229166666
libero_object_t03_ep006_s0024_approach,val,approach,libero_object,3,libero_object_t3_ep6,B2_change_norm,0.9693164911879149,0.7962739187262513,0.90625,0.90625,0.8869064683095542,0.9853515625
libero_object_t03_ep006_s0024_approach,val,approach,libero_object,3,libero_object_t3_ep6,B3_cos_dist,0.9693844415197986,0.6558160139386688,0.90625,0.90625,0.8867864814523387,0.9852701822916666
libero_object_t03_ep006_s0024_approach,val,approach,libero_object,3,libero_object_t3_ep6,B4_linear_stats,0.971697613870451,0.8950578385661283,0.890625,0.890625,0.9356464711596778,0.983642578125
libero_object_t03_ep006_s0056_pre_grasp,val,pre_grasp,libero_object,3,libero_object_t3_ep6,B0_random,0.040602826733806364,0.04051517307409217,0.28125,0.28125,0.6369271293511743,0.5182291666666666
libero_object_t03_ep006_s0056_pre_grasp,val,pre_grasp,libero_object,3,libero_object_t3_ep6,B0x_token_index,-0.2333271343556878,-0.2528756660772307,0.109375,0.109375,0.5742225491310204,0.3241373697916667
libero_object_t03_ep006_s0056_pre_grasp,val,pre_grasp,libero_object,3,libero_object_t3_ep6,B1_pred_norm_neg,0.6684023804074158,0.7593362668235142,0.703125,0.703125,0.9174578254774722,0.9076334635416666
libero_object_t03_ep006_s0056_pre_grasp,val,pre_grasp,libero_object,3,libero_object_t3_ep6,B2_change_norm,0.9522895685511559,0.8363398305328856,0.84375,0.84375,0.9015039379583483,0.9661458333333334
libero_object_t03_ep006_s0056_pre_grasp,val,pre_grasp,libero_object,3,libero_object_t3_ep6,B3_cos_dist,0.9525878347447928,0.7113886568225286,0.84375,0.84375,0.9028918156637505,0.9664713541666666
libero_object_t03_ep006_s0056_pre_grasp,val,pre_grasp,libero_object,3,libero_object_t3_ep6,B4_linear_stats,0.9558566033417258,0.903904705739667,0.859375,0.859375,0.9135020676739057,0.9707845052083334
libero_object_t03_ep006_s0176_manipulation,val,manipulation,libero_object,3,libero_object_t3_ep6,B0_random,0.022978656443121998,0.029231766717120883,0.34375,0.34375,0.5746231083708376,0.5548502604166666
libero_object_t03_ep006_s0176_manipulation,val,manipulation,libero_object,3,libero_object_t3_ep6,B0x_token_index,-0.29589794575417716,-0.33527990085972714,0.03125,0.03125,0.45053956895239416,0.24202473958333334
libero_object_t03_ep006_s0176_manipulation,val,manipulation,libero_object,3,libero_object_t3_ep6,B1_pred_norm_neg,0.7027208743419546,0.7798542279604651,0.71875,0.71875,0.8825690716929432,0.9228515625
libero_object_t03_ep006_s0176_manipulation,val,manipulation,libero_object,3,libero_object_t3_ep6,B2_change_norm,0.9271357862211033,0.733612554399156,0.8125,0.8125,0.8386157724779643,0.9535319010416666
libero_object_t03_ep006_s0176_manipulation,val,manipulation,libero_object,3,libero_object_t3_ep6,B3_cos_dist,0.9279175726710918,0.6289984149308783,0.8125,0.8125,0.8384272970696194,0.9541015625
libero_object_t03_ep006_s0176_manipulation,val,manipulation,libero_object,3,libero_object_t3_ep6,B4_linear_stats,0.9381902323186084,0.8398569790164928,0.8125,0.8125,0.8810965661478002,0.9578450520833334
libero_object_t03_ep007_s0016_approach,val,approach,libero_object,3,libero_object_t3_ep7,B0_random,0.006234264133669032,-0.01784187583468737,0.234375,0.234375,0.5810187222518509,0.4921061197916667
libero_object_t03_ep007_s0016_approach,val,approach,libero_object,3,libero_object_t3_ep7,B0x_token_index,-0.402823157473106,-0.41740323972117066,0.078125,0.078125,0.560162022343349,0.22574869791666666
libero_object_t03_ep007_s0016_approach,val,approach,libero_object,3,libero_object_t3_ep7,B1_pred_norm_neg,0.6787716010528725,0.7320911079847432,0.703125,0.703125,0.9236947771656874,0.9178059895833334
libero_object_t03_ep007_s0016_approach,val,approach,libero_object,3,libero_object_t3_ep7,B2_change_norm,0.9471639677271687,0.7481205573159113,0.859375,0.859375,0.89914576199977,0.972900390625
libero_object_t03_ep007_s0016_approach,val,approach,libero_object,3,libero_object_t3_ep7,B3_cos_dist,0.9472769798580911,0.583195924044408,0.859375,0.859375,0.899308737329854,0.9730631510416666
libero_object_t03_ep007_s0016_approach,val,approach,libero_object,3,libero_object_t3_ep7,B4_linear_stats,0.9590445468070496,0.9074205976167234,0.875,0.875,0.9657227245853476,0.9801432291666666
libero_object_t03_ep007_s0040_pre_grasp,val,pre_grasp,libero_object,3,libero_object_t3_ep7,B0_random,0.01405785076676585,0.011604267175486965,0.28125,0.28125,0.5978030079327378,0.505126953125
libero_object_t03_ep007_s0040_pre_grasp,val,pre_grasp,libero_object,3,libero_object_t3_ep7,B0x_token_index,-0.3475709544518196,-0.324734520263638,0.03125,0.03125,0.5060116336801831,0.2644856770833333
libero_object_t03_ep007_s0040_pre_grasp,val,pre_grasp,libero_object,3,libero_object_t3_ep7,B1_pred_norm_neg,0.6580503261615931,0.7395446868572859,0.734375,0.734375,0.8965403442554788,0.92041015625
libero_object_t03_ep007_s0040_pre_grasp,val,pre_grasp,libero_object,3,libero_object_t3_ep7,B2_change_norm,0.9486231116960403,0.7372897865729233,0.859375,0.859375,0.8718747741463627,0.9666341145833334
libero_object_t03_ep007_s0040_pre_grasp,val,pre_grasp,libero_object,3,libero_object_t3_ep7,B3_cos_dist,0.9487089436942092,0.5244229919153082,0.859375,0.859375,0.8724840113527824,0.9666341145833334
libero_object_t03_ep007_s0040_pre_grasp,val,pre_grasp,libero_object,3,libero_object_t3_ep7,B4_linear_stats,0.9535834859235524,0.8870778456106022,0.875,0.875,0.9245105471142827,0.9735514322916666
libero_object_t03_ep007_s0064_manipulation,val,manipulation,libero_object,3,libero_object_t3_ep7,B0_random,-0.01443765735866331,2.0128377552606398e-05,0.234375,0.234375,0.5488929714618588,0.5174153645833334
libero_object_t03_ep007_s0064_manipulation,val,manipulation,libero_object,3,libero_object_t3_ep7,B0x_token_index,-0.23545505264362554,-0.28066786324099674,0.046875,0.046875,0.5131458276540682,0.2671712239583333
libero_object_t03_ep007_s0064_manipulation,val,manipulation,libero_object,3,libero_object_t3_ep7,B1_pred_norm_neg,0.7060332742046235,0.7646352598987137,0.71875,0.71875,0.9107918722875787,0.924560546875
libero_object_t03_ep007_s0064_manipulation,val,manipulation,libero_object,3,libero_object_t3_ep7,B2_change_norm,0.8792851625085832,0.664208458503201,0.71875,0.71875,0.8173689068714574,0.9261881510416666
libero_object_t03_ep007_s0064_manipulation,val,manipulation,libero_object,3,libero_object_t3_ep7,B3_cos_dist,0.8805898088807508,0.5256105963982148,0.71875,0.71875,0.8190598365993176,0.92724609375
libero_object_t03_ep007_s0064_manipulation,val,manipulation,libero_object,3,libero_object_t3_ep7,B4_linear_stats,0.9031722075989929,0.8446647697198632,0.75,0.75,0.9022517524451589,0.9444986979166666
libero_object_t06_ep006_s0024_approach,val,approach,libero_object,6,libero_object_t6_ep6,B0_random,0.012605859464408332,-0.007336366125896981,0.25,0.25,0.6024183983296513,0.48876953125
libero_object_t06_ep006_s0024_approach,val,approach,libero_object,6,libero_object_t6_ep6,B0x_token_index,-0.2829237239642939,-0.30867895183058935,0.125,0.125,0.5890265631082201,0.3165690104166667
libero_object_t06_ep006_s0024_approach,val,approach,libero_object,6,libero_object_t6_ep6,B1_pred_norm_neg,0.6543845845731289,0.7556109279355835,0.65625,0.65625,0.9107242910319513,0.8873697916666666
libero_object_t06_ep006_s0024_approach,val,approach,libero_object,6,libero_object_t6_ep6,B2_change_norm,0.9519662680247196,0.730630711311575,0.828125,0.828125,0.8989512543653787,0.9645182291666666
libero_object_t06_ep006_s0024_approach,val,approach,libero_object,6,libero_object_t6_ep6,B3_cos_dist,0.9521765564202335,0.5571585139359999,0.828125,0.828125,0.8990945465624667,0.9646809895833334
libero_object_t06_ep006_s0024_approach,val,approach,libero_object,6,libero_object_t6_ep6,B4_linear_stats,0.9580574788281071,0.9073945983546041,0.84375,0.84375,0.9622877511369484,0.9725748697916666
libero_object_t06_ep006_s0056_pre_grasp,val,pre_grasp,libero_object,6,libero_object_t6_ep6,B0_random,0.05342898832684825,0.06753720542150907,0.25,0.25,0.5771976588961676,0.5291341145833334
libero_object_t06_ep006_s0056_pre_grasp,val,pre_grasp,libero_object,6,libero_object_t6_ep6,B0x_token_index,-0.3145521000228885,-0.31257387503738593,0.03125,0.03125,0.5019567046879638,0.2566731770833333
libero_object_t06_ep006_s0056_pre_grasp,val,pre_grasp,libero_object,6,libero_object_t6_ep6,B1_pred_norm_neg,0.7319659819180591,0.7542881045620076,0.8125,0.8125,0.9088565683520445,0.9420572916666666
libero_object_t06_ep006_s0056_pre_grasp,val,pre_grasp,libero_object,6,libero_object_t6_ep6,B2_change_norm,0.961582312886244,0.8871813436365916,0.859375,0.859375,0.9247319572107889,0.9668782552083334
libero_object_t06_ep006_s0056_pre_grasp,val,pre_grasp,libero_object,6,libero_object_t6_ep6,B3_cos_dist,0.9618598363469901,0.7759371306280476,0.859375,0.859375,0.9250113351795282,0.9676920572916666
libero_object_t06_ep006_s0056_pre_grasp,val,pre_grasp,libero_object,6,libero_object_t6_ep6,B4_linear_stats,0.9695947299153125,0.9224225639981622,0.890625,0.890625,0.9493968397367172,0.9752604166666666
libero_object_t06_ep006_s0072_manipulation,val,manipulation,libero_object,6,libero_object_t6_ep6,B0_random,0.030570496681162736,0.050304176262780054,0.265625,0.265625,0.6082601255182377,0.5192057291666666
libero_object_t06_ep006_s0072_manipulation,val,manipulation,libero_object,6,libero_object_t6_ep6,B0x_token_index,-0.2722619592584115,-0.33046491252184496,0.109375,0.109375,0.5512679995897259,0.2645670572916667
libero_object_t06_ep006_s0072_manipulation,val,manipulation,libero_object,6,libero_object_t6_ep6,B1_pred_norm_neg,0.6847204737926299,0.7808500227251821,0.734375,0.734375,0.924924469762199,0.9010416666666666
libero_object_t06_ep006_s0072_manipulation,val,manipulation,libero_object,6,libero_object_t6_ep6,B2_change_norm,0.9243197814145113,0.6880941114124476,0.78125,0.78125,0.8709364215400565,0.9451497395833334
libero_object_t06_ep006_s0072_manipulation,val,manipulation,libero_object,6,libero_object_t6_ep6,B3_cos_dist,0.9245114728770886,0.5506923857111475,0.78125,0.78125,0.8714110266545771,0.9453125
libero_object_t06_ep006_s0072_manipulation,val,manipulation,libero_object,6,libero_object_t6_ep6,B4_linear_stats,0.9035148203250172,0.8377164697648699,0.8125,0.8125,0.9069493985457836,0.9348958333333334
libero_object_t06_ep007_s0024_approach,val,approach,libero_object,6,libero_object_t6_ep7,B0_random,0.06684023804074159,0.07333040857509518,0.28125,0.28125,0.5920420351040766,0.5409342447916666
libero_object_t06_ep007_s0024_approach,val,approach,libero_object,6,libero_object_t6_ep7,B0x_token_index,-0.3570546749828336,-0.4217919834157301,0.078125,0.078125,0.5465748316395903,0.21370442708333334
libero_object_t06_ep007_s0024_approach,val,approach,libero_object,6,libero_object_t6_ep7,B1_pred_norm_neg,0.6490336747539482,0.7667619880161134,0.734375,0.734375,0.9279330237327239,0.91015625
libero_object_t06_ep007_s0024_approach,val,approach,libero_object,6,libero_object_t6_ep7,B2_change_norm,0.9560118162050812,0.7542103229380296,0.875,0.875,0.9036334780114081,0.9756673177083334
libero_object_t06_ep007_s0024_approach,val,approach,libero_object,6,libero_object_t6_ep7,B3_cos_dist,0.9561105230029755,0.6141826688995773,0.875,0.875,0.9037435566812684,0.9759928385416666
libero_object_t06_ep007_s0024_approach,val,approach,libero_object,6,libero_object_t6_ep7,B4_linear_stats,0.958604657816434,0.8978144478649243,0.890625,0.890625,0.9497468922495633,0.9756673177083334
libero_object_t06_ep007_s0048_pre_grasp,val,pre_grasp,libero_object,6,libero_object_t6_ep7,B0_random,0.07494563973449302,0.10066128716775125,0.25,0.25,0.5418356103603948,0.5122884114583334
libero_object_t06_ep007_s0048_pre_grasp,val,pre_grasp,libero_object,6,libero_object_t6_ep7,B0x_token_index,-0.2432357232776379,-0.2661184903344669,0.078125,0.078125,0.4600716573728852,0.2821451822916667
libero_object_t06_ep007_s0048_pre_grasp,val,pre_grasp,libero_object,6,libero_object_t6_ep7,B1_pred_norm_neg,0.7230423151750973,0.7901816938397265,0.796875,0.796875,0.9064800013841127,0.9205729166666666
libero_object_t06_ep007_s0048_pre_grasp,val,pre_grasp,libero_object,6,libero_object_t6_ep7,B2_change_norm,0.9560039482719158,0.8257553542576632,0.90625,0.90625,0.8929794664996039,0.9783528645833334
libero_object_t06_ep007_s0048_pre_grasp,val,pre_grasp,libero_object,6,libero_object_t6_ep7,B3_cos_dist,0.9563379777981231,0.7176291235853077,0.90625,0.90625,0.8930538455136496,0.978759765625
libero_object_t06_ep007_s0048_pre_grasp,val,pre_grasp,libero_object,6,libero_object_t6_ep7,B4_linear_stats,0.9625164511329823,0.8739496259238375,0.875,0.875,0.8821123487234273,0.9829915364583334
libero_object_t06_ep007_s0064_manipulation,val,manipulation,libero_object,6,libero_object_t6_ep7,B0_random,0.039550669489585716,0.040504205216013105,0.3125,0.3125,0.6353861190082001,0.527099609375
libero_object_t06_ep007_s0064_manipulation,val,manipulation,libero_object,6,libero_object_t6_ep7,B0x_token_index,-0.3028188658731975,-0.3473713723089736,0.09375,0.09375,0.5738951456503861,0.24397786458333334
libero_object_t06_ep007_s0064_manipulation,val,manipulation,libero_object,6,libero_object_t6_ep7,B1_pred_norm_neg,0.7118898775463492,0.7516946738511109,0.78125,0.78125,0.9176356677022485,0.919677734375
libero_object_t06_ep007_s0064_manipulation,val,manipulation,libero_object,6,libero_object_t6_ep7,B2_change_norm,0.9317206454566263,0.6855403965537918,0.8125,0.8125,0.8794157471810645,0.953125
libero_object_t06_ep007_s0064_manipulation,val,manipulation,libero_object,6,libero_object_t6_ep7,B3_cos_dist,0.9318544003204394,0.5489198454062935,0.8125,0.8125,0.880617807448561,0.9534505208333334
libero_object_t06_ep007_s0064_manipulation,val,manipulation,libero_object,6,libero_object_t6_ep7,B4_linear_stats,0.929205767910277,0.8576085649214006,0.796875,0.796875,0.913649769229773,0.950439453125
libero_spatial_t00_ep006_s0016_approach,val,approach,libero_spatial,0,libero_spatial_t0_ep6,B0_random,-0.004237954909590295,0.0009332418153484461,0.28125,0.28125,0.5910398363013113,0.5017903645833334
libero_spatial_t00_ep006_s0016_approach,val,approach,libero_spatial,0,libero_spatial_t0_ep6,B0x_token_index,-0.3488484206912337,-0.3073412733583959,0.171875,0.171875,0.5567171042072522,0.3404947916666667
libero_spatial_t00_ep006_s0016_approach,val,approach,libero_spatial,0,libero_spatial_t0_ep6,B1_pred_norm_neg,0.5568400949874113,0.6010731907700549,0.578125,0.578125,0.8536258289838955,0.7880045572916666
libero_spatial_t00_ep006_s0016_approach,val,approach,libero_spatial,0,libero_spatial_t0_ep6,B2_change_norm,0.879504034103914,0.6635735902698849,0.6875,0.6875,0.829607155313183,0.9168294270833334
libero_spatial_t00_ep006_s0016_approach,val,approach,libero_spatial,0,libero_spatial_t0_ep6,B3_cos_dist,0.8802250228885329,0.5484309112535906,0.6875,0.6875,0.8304550074188801,0.9170735677083334
libero_spatial_t00_ep006_s0016_approach,val,approach,libero_spatial,0,libero_spatial_t0_ep6,B4_linear_stats,0.826781013962005,0.7475719710590165,0.6875,0.6875,0.8557423592453652,0.8850911458333334
libero_spatial_t00_ep006_s0032_pre_grasp,val,pre_grasp,libero_spatial,0,libero_spatial_t0_ep6,B0_random,-0.024194609750514993,-0.03781187109004932,0.265625,0.265625,0.6078615740573134,0.4986165364583333
libero_spatial_t00_ep006_s0032_pre_grasp,val,pre_grasp,libero_spatial,0,libero_spatial_t0_ep6,B0x_token_index,-0.22437771801327536,-0.17341585549694116,0.171875,0.171875,0.5661900923148531,0.4083658854166667
libero_spatial_t00_ep006_s0032_pre_grasp,val,pre_grasp,libero_spatial,0,libero_spatial_t0_ep6,B1_pred_norm_neg,0.5275992790112154,0.5850005119222744,0.546875,0.546875,0.8515928693020084,0.7399088541666666
libero_spatial_t00_ep006_s0032_pre_grasp,val,pre_grasp,libero_spatial,0,libero_spatial_t0_ep6,B2_change_norm,0.8824673838406958,0.647611871105815,0.671875,0.671875,0.8465944958844923,0.9032389322916666
libero_spatial_t00_ep006_s0032_pre_grasp,val,pre_grasp,libero_spatial,0,libero_spatial_t0_ep6,B3_cos_dist,0.8823093099107348,0.48114567884718706,0.671875,0.671875,0.8463622452856745,0.9027506510416666
libero_spatial_t00_ep006_s0032_pre_grasp,val,pre_grasp,libero_spatial,0,libero_spatial_t0_ep6,B4_linear_stats,0.8964458400091554,0.82976855943257,0.65625,0.65625,0.8938112569878883,0.9131673177083334
libero_spatial_t00_ep006_s0056_manipulation,val,manipulation,libero_spatial,0,libero_spatial_t0_ep6,B0_random,0.027911135271229116,0.03927194209268072,0.296875,0.296875,0.5590719473964714,0.5304361979166666
libero_spatial_t00_ep006_s0056_manipulation,val,manipulation,libero_spatial,0,libero_spatial_t0_ep6,B0x_token_index,-0.23802715152208742,-0.18465825097666377,0.09375,0.09375,0.497655728758404,0.3811848958333333
libero_spatial_t00_ep006_s0056_manipulation,val,manipulation,libero_spatial,0,libero_spatial_t0_ep6,B1_pred_norm_neg,0.6431277180132754,0.6973968350426252,0.6875,0.6875,0.8684470913329031,0.8660481770833334
libero_spatial_t00_ep006_s0056_manipulation,val,manipulation,libero_spatial,0,libero_spatial_t0_ep6,B2_change_norm,0.9215917544060426,0.7765214139662378,0.796875,0.796875,0.8725001253418352,0.9375813802083334
libero_spatial_t00_ep006_s0056_manipulation,val,manipulation,libero_spatial,0,libero_spatial_t0_ep6,B3_cos_dist,0.9225087262531472,0.6645474250724387,0.796875,0.796875,0.8726318648957099,0.938720703125
libero_spatial_t00_ep006_s0056_manipulation,val,manipulation,libero_spatial,0,libero_spatial_t0_ep6,B4_linear_stats,0.9321204795147631,0.8580831005312708,0.796875,0.796875,0.9127892539315053,0.947265625
libero_spatial_t00_ep007_s0024_approach,val,approach,libero_spatial,0,libero_spatial_t0_ep7,B0_random,-0.012592984664682994,-0.01798108085903285,0.1875,0.1875,0.5607922340034271,0.4774576822916667
libero_spatial_t00_ep007_s0024_approach,val,approach,libero_spatial,0,libero_spatial_t0_ep7,B0x_token_index,-0.39957084000915544,-0.337483715808124,0.125,0.125,0.5173548315509754,0.3142903645833333
libero_spatial_t00_ep007_s0024_approach,val,approach,libero_spatial,0,libero_spatial_t0_ep7,B1_pred_norm_neg,0.4815668631265736,0.6305925784524089,0.59375,0.59375,0.8837290159486457,0.7652180989583334
libero_spatial_t00_ep007_s0024_approach,val,approach,libero_spatial,0,libero_spatial_t0_ep7,B2_change_norm,0.8815468356603342,0.7029750276196618,0.625,0.625,0.8303264302811479,0.908203125
libero_spatial_t00_ep007_s0024_approach,val,approach,libero_spatial,0,libero_spatial_t0_ep7,B3_cos_dist,0.882067549782559,0.6154783138521575,0.625,0.625,0.8322074210224346,0.90869140625
libero_spatial_t00_ep007_s0024_approach,val,approach,libero_spatial,0,libero_spatial_t0_ep7,B4_linear_stats,0.8560268368047608,0.771914376888014,0.609375,0.609375,0.8603064408308434,0.881591796875
libero_spatial_t00_ep007_s0040_pre_grasp,val,pre_grasp,libero_spatial,0,libero_spatial_t0_ep7,B0_random,-0.033619678416113526,-0.011581396408206488,0.28125,0.28125,0.5568093635674396,0.5254720052083334
libero_spatial_t00_ep007_s0040_pre_grasp,val,pre_grasp,libero_spatial,0,libero_spatial_t0_ep7,B0x_token_index,-0.29482862211032274,-0.23235964182998395,0.15625,0.15625,0.5295974467897658,0.3681640625
libero_spatial_t00_ep007_s0040_pre_grasp,val,pre_grasp,libero_spatial,0,libero_spatial_t0_ep7,B1_pred_norm_neg,0.5552193007553216,0.5990965287093829,0.625,0.625,0.8406400104932326,0.7784830729166666
libero_spatial_t00_ep007_s0040_pre_grasp,val,pre_grasp,libero_spatial,0,libero_spatial_t0_ep7,B2_change_norm,0.9144862954909591,0.7173976059092486,0.71875,0.71875,0.8363157449652009,0.9361979166666666
libero_spatial_t00_ep007_s0040_pre_grasp,val,pre_grasp,libero_spatial,0,libero_spatial_t0_ep7,B3_cos_dist,0.9149691004806592,0.5883999160878496,0.71875,0.71875,0.836967039542889,0.9365234375
libero_spatial_t00_ep007_s0040_pre_grasp,val,pre_grasp,libero_spatial,0,libero_spatial_t0_ep7,B4_linear_stats,0.9201805333028152,0.8206068552766353,0.734375,0.734375,0.8713306386839416,0.9369303385416666
libero_spatial_t00_ep007_s0056_manipulation,val,manipulation,libero_spatial,0,libero_spatial_t0_ep7,B0_random,0.05546535248340581,0.061781874647028966,0.296875,0.296875,0.6172622056655491,0.5459798177083334
libero_spatial_t00_ep007_s0056_manipulation,val,manipulation,libero_spatial,0,libero_spatial_t0_ep7,B0x_token_index,-0.33827177271686887,-0.2902420136657329,0.140625,0.140625,0.5403921908822079,0.3241373697916667
libero_spatial_t00_ep007_s0056_manipulation,val,manipulation,libero_spatial,0,libero_spatial_t0_ep7,B1_pred_norm_neg,0.5694609750514992,0.6193745254122063,0.609375,0.609375,0.859104272834497,0.8070475260416666
libero_spatial_t00_ep007_s0056_manipulation,val,manipulation,libero_spatial,0,libero_spatial_t0_ep7,B2_change_norm,0.9186155298695353,0.7077931563089784,0.71875,0.71875,0.841047824463095,0.9361165364583334
libero_spatial_t00_ep007_s0056_manipulation,val,manipulation,libero_spatial,0,libero_spatial_t0_ep7,B3_cos_dist,0.9191526951247425,0.589708317241663,0.71875,0.71875,0.8410935158511675,0.9365234375
libero_spatial_t00_ep007_s0056_manipulation,val,manipulation,libero_spatial,0,libero_spatial_t0_ep7,B4_linear_stats,0.9204387445639735,0.8361766720471104,0.71875,0.71875,0.8809043828836395,0.9320475260416666
libero_spatial_t07_ep006_s0016_approach,val,approach,libero_spatial,7,libero_spatial_t7_ep6,B0_random,-0.08972018768596933,-0.06020174939648796,0.21875,0.21875,0.5811973751735993,0.465576171875
libero_spatial_t07_ep006_s0016_approach,val,approach,libero_spatial,7,libero_spatial_t7_ep6,B0x_token_index,-0.21696898603799497,-0.18482183113925577,0.3125,0.3125,0.6662682151456755,0.483154296875
libero_spatial_t07_ep006_s0016_approach,val,approach,libero_spatial,7,libero_spatial_t7_ep6,B1_pred_norm_neg,0.5050783932249943,0.5241100548541956,0.546875,0.546875,0.8235319996051889,0.798095703125
libero_spatial_t07_ep006_s0016_approach,val,approach,libero_spatial,7,libero_spatial_t7_ep6,B2_change_norm,0.9139097905699245,0.690682028666849,0.703125,0.703125,0.862721518739925,0.9169108072916666
libero_spatial_t07_ep006_s0016_approach,val,approach,libero_spatial,7,libero_spatial_t7_ep6,B3_cos_dist,0.9140535591668574,0.5354585624288684,0.703125,0.703125,0.8672216367786594,0.9171549479166666
libero_spatial_t07_ep006_s0016_approach,val,approach,libero_spatial,7,libero_spatial_t7_ep6,B4_linear_stats,0.9141372453650721,0.8446640734487767,0.6875,0.6875,0.890808997273708,0.9181315104166666
libero_spatial_t07_ep006_s0032_pre_grasp,val,pre_grasp,libero_spatial,7,libero_spatial_t7_ep6,B0_random,0.11860837720302128,0.09336598784474176,0.3125,0.3125,0.6374177619362613,0.5513509114583334
libero_spatial_t07_ep006_s0032_pre_grasp,val,pre_grasp,libero_spatial,7,libero_spatial_t7_ep6,B0x_token_index,-0.045784933623254746,-0.019611464777943628,0.375,0.375,0.717603502182194,0.56689453125
libero_spatial_t07_ep006_s0032_pre_grasp,val,pre_grasp,libero_spatial,7,libero_spatial_t7_ep6,B1_pred_norm_neg,0.3860022316319524,0.3716530366721467,0.40625,0.40625,0.7828407382623854,0.6796061197916666
libero_spatial_t07_ep006_s0032_pre_grasp,val,pre_grasp,libero_spatial,7,libero_spatial_t7_ep6,B2_change_norm,0.942546206225681,0.8777937423874345,0.828125,0.828125,0.9292402187210937,0.94970703125
libero_spatial_t07_ep006_s0032_pre_grasp,val,pre_grasp,libero_spatial,7,libero_spatial_t7_ep6,B3_cos_dist,0.9422593842984665,0.7352377070236145,0.828125,0.828125,0.9287225010322734,0.9495442708333334
libero_spatial_t07_ep006_s0032_pre_grasp,val,pre_grasp,libero_spatial,7,libero_spatial_t7_ep6,B4_linear_stats,0.9412294003204394,0.9105673359189127,0.78125,0.78125,0.9225192409226078,0.947265625
libero_spatial_t07_ep006_s0064_manipulation,val,manipulation,libero_spatial,7,libero_spatial_t7_ep6,B0_random,-0.035791227969787134,-0.022252382337671257,0.203125,0.203125,0.5674472112124429,0.484130859375
libero_spatial_t07_ep006_s0064_manipulation,val,manipulation,libero_spatial,7,libero_spatial_t7_ep6,B0x_token_index,-0.4205825131609064,-0.397832552746269,0.09375,0.09375,0.5097172840850577,0.2628580729166667
libero_spatial_t07_ep006_s0064_manipulation,val,manipulation,libero_spatial,7,libero_spatial_t7_ep6,B1_pred_norm_neg,0.5903925383382925,0.7465155063288615,0.75,0.75,0.9107353015079669,0.8662923177083334
libero_spatial_t07_ep006_s0064_manipulation,val,manipulation,libero_spatial,7,libero_spatial_t7_ep6,B2_change_norm,0.9433329995422294,0.8005091552735136,0.859375,0.859375,0.8880579023595452,0.96728515625
libero_spatial_t07_ep006_s0064_manipulation,val,manipulation,libero_spatial,7,libero_spatial_t7_ep6,B3_cos_dist,0.9438036449988556,0.6964315994469232,0.859375,0.859375,0.8889838491730038,0.968017578125
libero_spatial_t07_ep006_s0064_manipulation,val,manipulation,libero_spatial,7,libero_spatial_t7_ep6,B4_linear_stats,0.9489936198214695,0.9028184711469394,0.859375,0.859375,0.9505433068192557,0.9735514322916666
libero_spatial_t07_ep007_s0016_approach,val,approach,libero_spatial,7,libero_spatial_t7_ep7,B0_random,0.1161392767223621,0.0943475759367791,0.328125,0.328125,0.6668415375165437,0.5506998697916666
libero_spatial_t07_ep007_s0016_approach,val,approach,libero_spatial,7,libero_spatial_t7_ep7,B0x_token_index,-0.24594515335317005,-0.22813851194679444,0.265625,0.265625,0.6799116949382443,0.4016927083333333
libero_spatial_t07_ep007_s0016_approach,val,approach,libero_spatial,7,libero_spatial_t7_ep7,B1_pred_norm_neg,0.48167486839093615,0.49904097387207075,0.53125,0.53125,0.823157920285682,0.778564453125
libero_spatial_t07_ep007_s0016_approach,val,approach,libero_spatial,7,libero_spatial_t7_ep7,B2_change_norm,0.912194581139849,0.7032367537312125,0.75,0.75,0.8761575522105569,0.9268391927083334
libero_spatial_t07_ep007_s0016_approach,val,approach,libero_spatial,7,libero_spatial_t7_ep7,B3_cos_dist,0.9117976081483177,0.5564310908839402,0.734375,0.734375,0.8728932073922205,0.9263509114583334
libero_spatial_t07_ep007_s0016_approach,val,approach,libero_spatial,7,libero_spatial_t7_ep7,B4_linear_stats,0.9134627489127947,0.8556611205487744,0.6875,0.6875,0.8984700563129687,0.9287923177083334
libero_spatial_t07_ep007_s0024_pre_grasp,val,pre_grasp,libero_spatial,7,libero_spatial_t7_ep7,B0_random,-0.060266937514305334,-0.02223098828388278,0.21875,0.21875,0.6188722762169432,0.47900390625
libero_spatial_t07_ep007_s0024_pre_grasp,val,pre_grasp,libero_spatial,7,libero_spatial_t7_ep7,B0x_token_index,-0.17694051842526895,-0.14382434506273578,0.28125,0.28125,0.6663154716913375,0.4397786458333333
libero_spatial_t07_ep007_s0024_pre_grasp,val,pre_grasp,libero_spatial,7,libero_spatial_t7_ep7,B1_pred_norm_neg,0.48215338178072786,0.5545608262022493,0.5,0.5,0.8490257174752569,0.7437337239583334
libero_spatial_t07_ep007_s0024_pre_grasp,val,pre_grasp,libero_spatial,7,libero_spatial_t7_ep7,B2_change_norm,0.942014763103685,0.7546380207475979,0.8125,0.8125,0.8934239294895416,0.9413248697916666
libero_spatial_t07_ep007_s0024_pre_grasp,val,pre_grasp,libero_spatial,7,libero_spatial_t7_ep7,B3_cos_dist,0.9421892881666285,0.5903614222790563,0.8125,0.8125,0.8932556354507786,0.941162109375
libero_spatial_t07_ep007_s0024_pre_grasp,val,pre_grasp,libero_spatial,7,libero_spatial_t7_ep7,B4_linear_stats,0.9456476024261845,0.8779465122183432,0.828125,0.828125,0.9074568434946264,0.9481608072916666
libero_spatial_t07_ep007_s0056_manipulation,val,manipulation,libero_spatial,7,libero_spatial_t7_ep7,B0_random,-0.009732633325703823,-0.008752538697499226,0.234375,0.234375,0.6131087218545113,0.4701334635416667
libero_spatial_t07_ep007_s0056_manipulation,val,manipulation,libero_spatial,7,libero_spatial_t7_ep7,B0x_token_index,-0.36931363012130924,-0.33273281764698504,0.1875,0.1875,0.6156294210797632,0.3148600260416667
libero_spatial_t07_ep007_s0056_manipulation,val,manipulation,libero_spatial,7,libero_spatial_t7_ep7,B1_pred_norm_neg,0.602958342870222,0.6694150921926416,0.609375,0.609375,0.8936388614893103,0.8487955729166666
libero_spatial_t07_ep007_s0056_manipulation,val,manipulation,libero_spatial,7,libero_spatial_t7_ep7,B2_change_norm,0.9365672922865644,0.7740899953015243,0.75,0.75,0.9114127289147563,0.9300130208333334
libero_spatial_t07_ep007_s0056_manipulation,val,manipulation,libero_spatial,7,libero_spatial_t7_ep7,B3_cos_dist,0.9367060540169375,0.6330257493672399,0.75,0.75,0.9117860538109056,0.929931640625
libero_spatial_t07_ep007_s0056_manipulation,val,manipulation,libero_spatial,7,libero_spatial_t7_ep7,B4_linear_stats,0.9403217269398032,0.8873723517716062,0.734375,0.734375,0.9175503922696783,0.9444173177083334
libero_object_t03_ep008_s0024_approach,testA,approach,libero_object,3,libero_object_t3_ep8,B0_random,0.07722805561913482,0.13483946183498824,0.265625,0.265625,0.6597042042260693,0.55078125
libero_object_t03_ep008_s0024_approach,testA,approach,libero_object,3,libero_object_t3_ep8,B0x_token_index,-0.3592991817349508,-0.37788584510343703,0.0625,0.0625,0.5068292877460258,0.24698893229166666
libero_object_t03_ep008_s0024_approach,testA,approach,libero_object,3,libero_object_t3_ep8,B1_pred_norm_neg,0.6590002002746624,0.7791128880071323,0.75,0.75,0.9040857222382784,0.9271647135416666
libero_object_t03_ep008_s0024_approach,testA,approach,libero_object,3,libero_object_t3_ep8,B2_change_norm,0.9356181334401464,0.7977053310879467,0.875,0.875,0.9003600722304606,0.9805501302083334
libero_object_t03_ep008_s0024_approach,testA,approach,libero_object,3,libero_object_t3_ep8,B3_cos_dist,0.9354750801098649,0.6980126641217506,0.875,0.875,0.9005012857950038,0.980712890625
libero_object_t03_ep008_s0024_approach,testA,approach,libero_object,3,libero_object_t3_ep8,B4_linear_stats,0.9243362325474938,0.8669040013226909,0.875,0.875,0.9287752842859065,0.9732259114583334
libero_object_t03_ep008_s0040_pre_grasp,testA,pre_grasp,libero_object,3,libero_object_t3_ep8,B0_random,0.05024676699473564,0.03715467361486679,0.265625,0.265625,0.6241936627603527,0.5121256510416666
libero_object_t03_ep008_s0040_pre_grasp,testA,pre_grasp,libero_object,3,libero_object_t3_ep8,B0x_token_index,-0.31125972762645915,-0.31165479888617315,0.078125,0.078125,0.5231102942191566,0.2941080729166667
libero_object_t03_ep008_s0040_pre_grasp,testA,pre_grasp,libero_object,3,libero_object_t3_ep8,B1_pred_norm_neg,0.6459966525520714,0.7516146436128434,0.6875,0.6875,0.881202805865776,0.9064127604166666
libero_object_t03_ep008_s0040_pre_grasp,testA,pre_grasp,libero_object,3,libero_object_t3_ep8,B2_change_norm,0.9382052529182879,0.7442359260300405,0.859375,0.859375,0.8878115425760339,0.9677734375
libero_object_t03_ep008_s0040_pre_grasp,testA,pre_grasp,libero_object,3,libero_object_t3_ep8,B3_cos_dist,0.9386308365758755,0.567627653928381,0.859375,0.859375,0.8880333678432664,0.9679361979166666
libero_object_t03_ep008_s0040_pre_grasp,testA,pre_grasp,libero_object,3,libero_object_t3_ep8,B4_linear_stats,0.9437821869993134,0.8732115400457522,0.828125,0.828125,0.9454295812789073,0.973388671875
libero_object_t03_ep008_s0064_manipulation,testA,manipulation,libero_object,3,libero_object_t3_ep8,B0_random,0.03843842984664683,0.035694814403489046,0.296875,0.296875,0.5887135806556515,0.5440266927083334
libero_object_t03_ep008_s0064_manipulation,testA,manipulation,libero_object,3,libero_object_t3_ep8,B0x_token_index,-0.3744828622110323,-0.33484505539607695,0.03125,0.03125,0.4673792676990741,0.2735188802083333
libero_object_t03_ep008_s0064_manipulation,testA,manipulation,libero_object,3,libero_object_t3_ep8,B1_pred_norm_neg,0.6855902380407416,0.7394783810948649,0.734375,0.734375,0.8711288095974513,0.9224446614583334
libero_object_t03_ep008_s0064_manipulation,testA,manipulation,libero_object,3,libero_object_t3_ep8,B2_change_norm,0.9292193579766537,0.6747938715126147,0.765625,0.765625,0.8321715880698688,0.9431966145833334
libero_object_t03_ep008_s0064_manipulation,testA,manipulation,libero_object,3,libero_object_t3_ep8,B3_cos_dist,0.9298430704966811,0.559937034654927,0.765625,0.765625,0.8354687095934319,0.9437662760416666
libero_object_t03_ep008_s0064_manipulation,testA,manipulation,libero_object,3,libero_object_t3_ep8,B4_linear_stats,0.9249942778667888,0.8057760534716438,0.765625,0.765625,0.8794307982319635,0.948974609375
libero_object_t03_ep009_s0024_approach,testA,approach,libero_object,3,libero_object_t3_ep9,B0_random,0.03824888418402381,0.031304928264863946,0.28125,0.28125,0.6251566274766551,0.5236002604166666
libero_object_t03_ep009_s0024_approach,testA,approach,libero_object,3,libero_object_t3_ep9,B0x_token_index,-0.3780112726024262,-0.4044955082532117,0.109375,0.109375,0.5600258157356429,0.260986328125
libero_object_t03_ep009_s0024_approach,testA,approach,libero_object,3,libero_object_t3_ep9,B1_pred_norm_neg,0.6299746795605402,0.7489104560351997,0.640625,0.640625,0.8859251449031734,0.870361328125
libero_object_t03_ep009_s0024_approach,testA,approach,libero_object,3,libero_object_t3_ep9,B2_change_norm,0.9621645399404898,0.8267858563772102,0.828125,0.828125,0.9415387008661427,0.974853515625
libero_object_t03_ep009_s0024_approach,testA,approach,libero_object,3,libero_object_t3_ep9,B3_cos_dist,0.9624291886015106,0.6824455757924448,0.828125,0.828125,0.9417642014519958,0.9750162760416666
libero_object_t03_ep009_s0024_approach,testA,approach,libero_object,3,libero_object_t3_ep9,B4_linear_stats,0.9602905413138018,0.9186425789912275,0.828125,0.828125,0.9458942046518861,0.97314453125
libero_object_t03_ep009_s0048_pre_grasp,testA,pre_grasp,libero_object,3,libero_object_t3_ep9,B0_random,0.030537594415197985,0.02045078437283215,0.296875,0.296875,0.5023541158841904,0.5692545572916666
libero_object_t03_ep009_s0048_pre_grasp,testA,pre_grasp,libero_object,3,libero_object_t3_ep9,B0x_token_index,-0.30332742046234834,-0.2870958815664735,0.03125,0.03125,0.4255338139809846,0.2572428385416667
libero_object_t03_ep009_s0048_pre_grasp,testA,pre_grasp,libero_object,3,libero_object_t3_ep9,B1_pred_norm_neg,0.6876659418631266,0.7876315779193543,0.75,0.75,0.8831533099744902,0.9124348958333334
libero_object_t03_ep009_s0048_pre_grasp,testA,pre_grasp,libero_object,3,libero_object_t3_ep9,B2_change_norm,0.9632803559166857,0.8260214140455614,0.921875,0.921875,0.9163719277257192,0.9842122395833334
libero_object_t03_ep009_s0048_pre_grasp,testA,pre_grasp,libero_object,3,libero_object_t3_ep9,B3_cos_dist,0.9633547436484321,0.6819487962535143,0.921875,0.921875,0.9165268555303026,0.984375
libero_object_t03_ep009_s0048_pre_grasp,testA,pre_grasp,libero_object,3,libero_object_t3_ep9,B4_linear_stats,0.964165140764477,0.8851831257823594,0.9375,0.9375,0.9577599247550891,0.9857584635416666
libero_object_t03_ep009_s0072_manipulation,testA,manipulation,libero_object,3,libero_object_t3_ep9,B0_random,-0.015213721675440604,-0.017772858838574573,0.203125,0.203125,0.4764343630466026,0.5
libero_object_t03_ep009_s0072_manipulation,testA,manipulation,libero_object,3,libero_object_t3_ep9,B0x_token_index,-0.363940547035935,-0.3651413075382188,0.0,0.0,0.4010769554499263,0.23445638020833334
libero_object_t03_ep009_s0072_manipulation,testA,manipulation,libero_object,3,libero_object_t3_ep9,B1_pred_norm_neg,0.7292443923094529,0.8144171101625995,0.796875,0.796875,0.8934253675865768,0.9498697916666666
libero_object_t03_ep009_s0072_manipulation,testA,manipulation,libero_object,3,libero_object_t3_ep9,B2_change_norm,0.9432156958113985,0.7685263260624822,0.84375,0.84375,0.8445796308583113,0.9735514322916666
libero_object_t03_ep009_s0072_manipulation,testA,manipulation,libero_object,3,libero_object_t3_ep9,B3_cos_dist,0.9437507152666514,0.6795950312744619,0.859375,0.859375,0.8474094628327691,0.9739583333333334
libero_object_t03_ep009_s0072_manipulation,testA,manipulation,libero_object,3,libero_object_t3_ep9,B4_linear_stats,0.92329265850309,0.7973147652765825,0.78125,0.78125,0.8490639598096549,0.9427897135416666
libero_object_t06_ep008_s0024_approach,testA,approach,libero_object,6,libero_object_t6_ep8,B0_random,-0.0551084344243534,-0.06951165956800336,0.21875,0.21875,0.6145698056920545,0.43701171875
libero_object_t06_ep008_s0024_approach,testA,approach,libero_object,6,libero_object_t6_ep8,B0x_token_index,-0.25212005035477225,-0.27918578800060806,0.171875,0.171875,0.6232710060299667,0.3304850260416667
libero_object_t06_ep008_s0024_approach,testA,approach,libero_object,6,libero_object_t6_ep8,B1_pred_norm_neg,0.649849078736553,0.7008264484067691,0.578125,0.578125,0.8732985352755132,0.8544921875
libero_object_t06_ep008_s0024_approach,testA,approach,libero_object,6,libero_object_t6_ep8,B2_change_norm,0.9562743190661479,0.727854108419704,0.8125,0.8125,0.9153778698084172,0.9634602864583334
libero_object_t06_ep008_s0024_approach,testA,approach,libero_object,6,libero_object_t6_ep8,B3_cos_dist,0.9565518425268941,0.5554921622910732,0.8125,0.8125,0.915802482182093,0.9634602864583334
libero_object_t06_ep008_s0024_approach,testA,approach,libero_object,6,libero_object_t6_ep8,B4_linear_stats,0.9332062542915999,0.8635356338342587,0.765625,0.765625,0.9009027734952247,0.9368489583333334
libero_object_t06_ep008_s0056_pre_grasp,testA,pre_grasp,libero_object,6,libero_object_t6_ep8,B0_random,0.047058823529411764,0.07633082735684239,0.265625,0.265625,0.4971254133565182,0.541748046875
libero_object_t06_ep008_s0056_pre_grasp,testA,pre_grasp,libero_object,6,libero_object_t6_ep8,B0x_token_index,-0.3084308480201419,-0.3335469237976211,0.03125,0.03125,0.39043182711520935,0.2392578125
libero_object_t06_ep008_s0056_pre_grasp,testA,pre_grasp,libero_object,6,libero_object_t6_ep8,B1_pred_norm_neg,0.7461640249485008,0.8157205904798425,0.84375,0.84375,0.8894509197687399,0.942138671875
libero_object_t06_ep008_s0056_pre_grasp,testA,pre_grasp,libero_object,6,libero_object_t6_ep8,B2_change_norm,0.9579215781643396,0.8803996610012412,0.859375,0.859375,0.9270676593997389,0.9638671875
libero_object_t06_ep008_s0056_pre_grasp,testA,pre_grasp,libero_object,6,libero_object_t6_ep8,B3_cos_dist,0.9582563229571984,0.8288255687914511,0.875,0.875,0.9282625947923862,0.964111328125
libero_object_t06_ep008_s0056_pre_grasp,testA,pre_grasp,libero_object,6,libero_object_t6_ep8,B4_linear_stats,0.9647173266193637,0.8836518018523769,0.90625,0.90625,0.916391442068551,0.97314453125
libero_object_t06_ep008_s0072_manipulation,testA,manipulation,libero_object,6,libero_object_t6_ep8,B0_random,-0.08086447127489128,-0.0785411465964305,0.203125,0.203125,0.553009316128143,0.4657389322916667
libero_object_t06_ep008_s0072_manipulation,testA,manipulation,libero_object,6,libero_object_t6_ep8,B0x_token_index,-0.22371466582742047,-0.28333202891853665,0.140625,0.140625,0.5735663696711517,0.2744954427083333
libero_object_t06_ep008_s0072_manipulation,testA,manipulation,libero_object,6,libero_object_t6_ep8,B1_pred_norm_neg,0.7080059796292058,0.7626545454317967,0.703125,0.703125,0.9136832652448106,0.8834635416666666
libero_object_t06_ep008_s0072_manipulation,testA,manipulation,libero_object,6,libero_object_t6_ep8,B2_change_norm,0.9374148832684824,0.6853619833038141,0.796875,0.796875,0.8631016097879616,0.9515787760416666
libero_object_t06_ep008_s0072_manipulation,testA,manipulation,libero_object,6,libero_object_t6_ep8,B3_cos_dist,0.9373240444037537,0.5492743667154025,0.796875,0.796875,0.8620959421253815,0.9515787760416666
libero_object_t06_ep008_s0072_manipulation,testA,manipulation,libero_object,6,libero_object_t6_ep8,B4_linear_stats,0.928519827191577,0.8284124071888321,0.796875,0.796875,0.8817663215091186,0.942138671875
libero_object_t06_ep009_s0024_approach,testA,approach,libero_object,6,libero_object_t6_ep9,B0_random,-0.0024218928816662853,-0.030549006859707052,0.25,0.25,0.5758561713222248,0.4912923177083333
libero_object_t06_ep009_s0024_approach,testA,approach,libero_object,6,libero_object_t6_ep9,B0x_token_index,-0.27257453078507665,-0.31518768342011544,0.109375,0.109375,0.5731200640468099,0.2737630208333333
libero_object_t06_ep009_s0024_approach,testA,approach,libero_object,6,libero_object_t6_ep9,B1_pred_norm_neg,0.632253519111925,0.7671486418601943,0.71875,0.71875,0.9234573052956168,0.8859049479166666
libero_object_t06_ep009_s0024_approach,testA,approach,libero_object,6,libero_object_t6_ep9,B2_change_norm,0.9603320267795834,0.7412033240835565,0.84375,0.84375,0.8928991169055944,0.9690755208333334
libero_object_t06_ep009_s0024_approach,testA,approach,libero_object,6,libero_object_t6_ep9,B3_cos_dist,0.9604464694438086,0.5818156718023811,0.84375,0.84375,0.8930285512156749,0.9690755208333334
libero_object_t06_ep009_s0024_approach,testA,approach,libero_object,6,libero_object_t6_ep9,B4_linear_stats,0.9263468471046006,0.8825476685659456,0.859375,0.859375,0.9470828509146892,0.9510091145833334
libero_object_t06_ep009_s0048_pre_grasp,testA,pre_grasp,libero_object,6,libero_object_t6_ep9,B0_random,0.07741545548180362,0.0605064455795528,0.265625,0.265625,0.5821696714843543,0.523681640625
libero_object_t06_ep009_s0048_pre_grasp,testA,pre_grasp,libero_object,6,libero_object_t6_ep9,B0x_token_index,-0.24222290569924468,-0.2833217275203542,0.109375,0.109375,0.5468975521344662,0.305419921875
libero_object_t06_ep009_s0048_pre_grasp,testA,pre_grasp,libero_object,6,libero_object_t6_ep9,B1_pred_norm_neg,0.6916785877775234,0.7527657716782657,0.703125,0.703125,0.9256129023618904,0.8912760416666666
libero_object_t06_ep009_s0048_pre_grasp,testA,pre_grasp,libero_object,6,libero_object_t6_ep9,B2_change_norm,0.9461268310826276,0.7307907419533746,0.8125,0.8125,0.8817966362623892,0.9564615885416666
libero_object_t06_ep009_s0048_pre_grasp,testA,pre_grasp,libero_object,6,libero_object_t6_ep9,B3_cos_dist,0.9463886186770428,0.5857427496222595,0.8125,0.8125,0.8825036516085552,0.95654296875
libero_object_t06_ep009_s0048_pre_grasp,testA,pre_grasp,libero_object,6,libero_object_t6_ep9,B4_linear_stats,0.9475151636530098,0.852598150649243,0.796875,0.796875,0.9388121236358041,0.95751953125
libero_object_t06_ep009_s0072_manipulation,testA,manipulation,libero_object,6,libero_object_t6_ep9,B0_random,0.026247425040054933,0.08079314882671196,0.265625,0.265625,0.5202194061096655,0.50390625
libero_object_t06_ep009_s0072_manipulation,testA,manipulation,libero_object,6,libero_object_t6_ep9,B0x_token_index,-0.38617318036163883,-0.42078323316224886,0.0625,0.0625,0.4052986218866763,0.196044921875
libero_object_t06_ep009_s0072_manipulation,testA,manipulation,libero_object,6,libero_object_t6_ep9,B1_pred_norm_neg,0.729774404898146,0.784292390269446,0.75,0.75,0.8692665057001357,0.9242350260416666
libero_object_t06_ep009_s0072_manipulation,testA,manipulation,libero_object,6,libero_object_t6_ep9,B2_change_norm,0.95512703135729,0.7488523436155456,0.84375,0.84375,0.8629859729477835,0.9688313802083334
libero_object_t06_ep009_s0072_manipulation,testA,manipulation,libero_object,6,libero_object_t6_ep9,B3_cos_dist,0.955332312886244,0.6484869064316139,0.84375,0.84375,0.8600164711316393,0.968994140625
libero_object_t06_ep009_s0072_manipulation,testA,manipulation,libero_object,6,libero_object_t6_ep9,B4_linear_stats,0.9521550984206912,0.8195897834614031,0.828125,0.828125,0.8756075215874454,0.9659016927083334
libero_spatial_t00_ep008_s0016_approach,testA,approach,libero_spatial,0,libero_spatial_t0_ep8,B0_random,0.08308823529411764,0.09705844413916649,0.296875,0.296875,0.6045342429371243,0.551025390625
libero_spatial_t00_ep008_s0016_approach,testA,approach,libero_spatial,0,libero_spatial_t0_ep8,B0x_token_index,-0.4452384699015793,-0.40272826767674796,0.1875,0.1875,0.5616369517350817,0.2998860677083333
libero_spatial_t00_ep008_s0016_approach,testA,approach,libero_spatial,0,libero_spatial_t0_ep8,B1_pred_norm_neg,0.5293073357747768,0.6225430420394976,0.625,0.625,0.8496366044037202,0.810302734375
libero_spatial_t00_ep008_s0016_approach,testA,approach,libero_spatial,0,libero_spatial_t0_ep8,B2_change_norm,0.9028403238727397,0.7323732941462064,0.703125,0.703125,0.8618911769806163,0.940673828125
libero_spatial_t00_ep008_s0016_approach,testA,approach,libero_spatial,0,libero_spatial_t0_ep8,B3_cos_dist,0.9034890707255665,0.6200269260928062,0.703125,0.703125,0.8633096743349605,0.9413248697916666
libero_spatial_t00_ep008_s0016_approach,testA,approach,libero_spatial,0,libero_spatial_t0_ep8,B4_linear_stats,0.8823779755092699,0.8100385937262871,0.640625,0.640625,0.8784448488514061,0.9111328125
libero_spatial_t00_ep008_s0032_pre_grasp,testA,pre_grasp,libero_spatial,0,libero_spatial_t0_ep8,B0_random,-0.025233176928358893,-0.009765385990120737,0.296875,0.296875,0.6559967047447106,0.5410970052083334
libero_spatial_t00_ep008_s0032_pre_grasp,testA,pre_grasp,libero_spatial,0,libero_spatial_t0_ep8,B0x_token_index,-0.2596067463950561,-0.23613951894191626,0.203125,0.203125,0.630232013566647,0.4026692708333333
libero_spatial_t00_ep008_s0032_pre_grasp,testA,pre_grasp,libero_spatial,0,libero_spatial_t0_ep8,B1_pred_norm_neg,0.5063243877317464,0.5242064593017518,0.546875,0.546875,0.8446340214127903,0.7195638020833334
libero_spatial_t00_ep008_s0032_pre_grasp,testA,pre_grasp,libero_spatial,0,libero_spatial_t0_ep8,B2_change_norm,0.8427328908216983,0.5855910209538153,0.5625,0.5625,0.8189791639044485,0.8661295572916666
libero_spatial_t00_ep008_s0032_pre_grasp,testA,pre_grasp,libero_spatial,0,libero_spatial_t0_ep8,B3_cos_dist,0.8428966868848706,0.4334967670593171,0.5625,0.5625,0.819056222454973,0.8661295572916666
libero_spatial_t00_ep008_s0032_pre_grasp,testA,pre_grasp,libero_spatial,0,libero_spatial_t0_ep8,B4_linear_stats,0.8710817692835889,0.8103349943818288,0.609375,0.609375,0.8782309750756014,0.8941243489583334
libero_spatial_t00_ep008_s0056_manipulation,testA,manipulation,libero_spatial,0,libero_spatial_t0_ep8,B0_random,-0.0029161421377889678,-0.023417574128359604,0.234375,0.234375,0.5784668669946142,0.49951171875
libero_spatial_t00_ep008_s0056_manipulation,testA,manipulation,libero_spatial,0,libero_spatial_t0_ep8,B0x_token_index,-0.2934188315403983,-0.2551922194237026,0.15625,0.15625,0.5451983709123185,0.3778483072916667
libero_spatial_t00_ep008_s0056_manipulation,testA,manipulation,libero_spatial,0,libero_spatial_t0_ep8,B1_pred_norm_neg,0.6015392538338292,0.6874610759429881,0.640625,0.640625,0.8699898789518203,0.8379720052083334
libero_spatial_t00_ep008_s0056_manipulation,testA,manipulation,libero_spatial,0,libero_spatial_t0_ep8,B2_change_norm,0.8994499599450675,0.6957787800977734,0.6875,0.6875,0.828803424773472,0.927734375
libero_spatial_t00_ep008_s0056_manipulation,testA,manipulation,libero_spatial,0,libero_spatial_t0_ep8,B3_cos_dist,0.9000894083314259,0.5682721608256771,0.703125,0.703125,0.832609865390189,0.9283040364583334
libero_spatial_t00_ep008_s0056_manipulation,testA,manipulation,libero_spatial,0,libero_spatial_t0_ep8,B4_linear_stats,0.9091389620050355,0.8309949584581672,0.703125,0.703125,0.8842613005521487,0.9365234375
libero_spatial_t00_ep009_s0024_approach,testA,approach,libero_spatial,0,libero_spatial_t0_ep9,B0_random,0.07096589608606088,0.04206755579535475,0.265625,0.265625,0.5793043265579497,0.5445149739583334
libero_spatial_t00_ep009_s0024_approach,testA,approach,libero_spatial,0,libero_spatial_t0_ep9,B0x_token_index,-0.3923280498970016,-0.3402364593243435,0.109375,0.109375,0.4839959041480132,0.3134765625
libero_spatial_t00_ep009_s0024_approach,testA,approach,libero_spatial,0,libero_spatial_t0_ep9,B1_pred_norm_neg,0.5650585088120852,0.6087146524356876,0.640625,0.640625,0.8262972239824399,0.8079427083333334
libero_spatial_t00_ep009_s0024_approach,testA,approach,libero_spatial,0,libero_spatial_t0_ep9,B2_change_norm,0.9051828221560998,0.7476997666761176,0.71875,0.71875,0.8500128592395014,0.9271647135416666
libero_spatial_t00_ep009_s0024_approach,testA,approach,libero_spatial,0,libero_spatial_t0_ep9,B3_cos_dist,0.9051720931563286,0.6668397641836329,0.71875,0.71875,0.8510801858786601,0.9274088541666666
libero_spatial_t00_ep009_s0024_approach,testA,approach,libero_spatial,0,libero_spatial_t0_ep9,B4_linear_stats,0.8741273746852827,0.7623824188741318,0.71875,0.71875,0.8461047641133094,0.8949381510416666
libero_spatial_t00_ep009_s0040_pre_grasp,testA,pre_grasp,libero_spatial,0,libero_spatial_t0_ep9,B0_random,-0.007566090638590066,-0.007875991392948608,0.21875,0.21875,0.6189937062594972,0.45556640625
libero_spatial_t00_ep009_s0040_pre_grasp,testA,pre_grasp,libero_spatial,0,libero_spatial_t0_ep9,B0x_token_index,-0.21412294003204393,-0.14733954089637605,0.140625,0.140625,0.5772121806621323,0.4243977864583333
libero_spatial_t00_ep009_s0040_pre_grasp,testA,pre_grasp,libero_spatial,0,libero_spatial_t0_ep9,B1_pred_norm_neg,0.5286221103227283,0.6007098725460198,0.625,0.625,0.8760405484977162,0.767578125
libero_spatial_t00_ep009_s0040_pre_grasp,testA,pre_grasp,libero_spatial,0,libero_spatial_t0_ep9,B2_change_norm,0.8907487411306936,0.7482171668080595,0.75,0.75,0.8701856561514967,0.9231770833333334
libero_spatial_t00_ep009_s0040_pre_grasp,testA,pre_grasp,libero_spatial,0,libero_spatial_t0_ep9,B3_cos_dist,0.8907866502632181,0.632953144917984,0.75,0.75,0.8699958338560765,0.92333984375
libero_spatial_t00_ep009_s0040_pre_grasp,testA,pre_grasp,libero_spatial,0,libero_spatial_t0_ep9,B4_linear_stats,0.9014777409018082,0.8428882695800881,0.734375,0.734375,0.9250868871217125,0.9266764322916666
libero_spatial_t00_ep009_s0056_manipulation,testA,manipulation,libero_spatial,0,libero_spatial_t0_ep9,B0_random,0.03920090409704738,0.02852466839619519,0.28125,0.28125,0.6085906883339014,0.5121256510416666
libero_spatial_t00_ep009_s0056_manipulation,testA,manipulation,libero_spatial,0,libero_spatial_t0_ep9,B0x_token_index,-0.3908424410620279,-0.3439232335618475,0.078125,0.078125,0.5238163634902974,0.306640625
libero_spatial_t00_ep009_s0056_manipulation,testA,manipulation,libero_spatial,0,libero_spatial_t0_ep9,B1_pred_norm_neg,0.5771930075532158,0.695217413581784,0.6875,0.6875,0.8993806804250132,0.84912109375
libero_spatial_t00_ep009_s0056_manipulation,testA,manipulation,libero_spatial,0,libero_spatial_t0_ep9,B2_change_norm,0.8786178187228199,0.7278897746006362,0.78125,0.78125,0.8792685453661564,0.9418131510416666
libero_spatial_t00_ep009_s0056_manipulation,testA,manipulation,libero_spatial,0,libero_spatial_t0_ep9,B3_cos_dist,0.8792186427100023,0.6156408141346764,0.78125,0.78125,0.8806918793770714,0.9423014322916666
libero_spatial_t00_ep009_s0056_manipulation,testA,manipulation,libero_spatial,0,libero_spatial_t0_ep9,B4_linear_stats,0.8838471332112612,0.8337199103906526,0.75,0.75,0.9073323359782188,0.9408365885416666
libero_spatial_t07_ep008_s0016_approach,testA,approach,libero_spatial,7,libero_spatial_t7_ep8,B0_random,0.07078850995651179,0.11272582416210435,0.296875,0.296875,0.6812322519259931,0.5521647135416666
libero_spatial_t07_ep008_s0016_approach,testA,approach,libero_spatial,7,libero_spatial_t7_ep8,B0x_token_index,-0.33613312542916,-0.2990962609217177,0.25,0.25,0.6518062837645077,0.3611653645833333
libero_spatial_t07_ep008_s0016_approach,testA,approach,libero_spatial,7,libero_spatial_t7_ep8,B1_pred_norm_neg,0.5336947814145113,0.5337476512312804,0.484375,0.484375,0.8195823121630105,0.7206217447916666
libero_spatial_t07_ep008_s0016_approach,testA,approach,libero_spatial,7,libero_spatial_t7_ep8,B2_change_norm,0.9430426012817579,0.7629516012904389,0.71875,0.71875,0.8925750878529075,0.9392903645833334
libero_spatial_t07_ep008_s0016_approach,testA,approach,libero_spatial,7,libero_spatial_t7_ep8,B3_cos_dist,0.9429489013504234,0.6069202940854905,0.71875,0.71875,0.8926116646636161,0.9391276041666666
libero_spatial_t07_ep008_s0016_approach,testA,approach,libero_spatial,7,libero_spatial_t7_ep8,B4_linear_stats,0.946518797207599,0.8870499339084742,0.734375,0.734375,0.9165122425182516,0.9385579427083334
libero_spatial_t07_ep008_s0032_pre_grasp,testA,pre_grasp,libero_spatial,7,libero_spatial_t7_ep8,B0_random,-0.05638303959716182,-0.02678695465860145,0.28125,0.28125,0.630684051192232,0.4765625
libero_spatial_t07_ep008_s0032_pre_grasp,testA,pre_grasp,libero_spatial,7,libero_spatial_t7_ep8,B0x_token_index,-0.2674875543602655,-0.22287123817163404,0.234375,0.234375,0.6184457405122129,0.41748046875
libero_spatial_t07_ep008_s0032_pre_grasp,testA,pre_grasp,libero_spatial,7,libero_spatial_t7_ep8,B1_pred_norm_neg,0.5314703021286336,0.5832263262356592,0.578125,0.578125,0.8200992710009188,0.787109375
libero_spatial_t07_ep008_s0032_pre_grasp,testA,pre_grasp,libero_spatial,7,libero_spatial_t7_ep8,B2_change_norm,0.9364728770885786,0.7970584150645196,0.875,0.875,0.900094208503408,0.949951171875
libero_spatial_t07_ep008_s0032_pre_grasp,testA,pre_grasp,libero_spatial,7,libero_spatial_t7_ep8,B3_cos_dist,0.9368076218814374,0.6323922293825374,0.875,0.875,0.9001291555042165,0.9501953125
libero_spatial_t07_ep008_s0032_pre_grasp,testA,pre_grasp,libero_spatial,7,libero_spatial_t7_ep8,B4_linear_stats,0.9372010185397116,0.8790306632244487,0.859375,0.859375,0.9127074562740697,0.9568684895833334
libero_spatial_t07_ep008_s0064_manipulation,testA,manipulation,libero_spatial,7,libero_spatial_t7_ep8,B0_random,0.03399376287479972,0.0413777886238389,0.328125,0.328125,0.5832508965216908,0.5279947916666666
libero_spatial_t07_ep008_s0064_manipulation,testA,manipulation,libero_spatial,7,libero_spatial_t7_ep8,B0x_token_index,-0.37907773517967497,-0.3271465933128645,0.15625,0.15625,0.5329180923792857,0.3177083333333333
libero_spatial_t07_ep008_s0064_manipulation,testA,manipulation,libero_spatial,7,libero_spatial_t7_ep8,B1_pred_norm_neg,0.6576647974364843,0.7327460988574587,0.6875,0.6875,0.8933752444409268,0.8522135416666666
libero_spatial_t07_ep008_s0064_manipulation,testA,manipulation,libero_spatial,7,libero_spatial_t7_ep8,B2_change_norm,0.9449616617074845,0.7633982971175953,0.84375,0.84375,0.8753665998246468,0.9688313802083334
libero_spatial_t07_ep008_s0064_manipulation,testA,manipulation,libero_spatial,7,libero_spatial_t7_ep8,B3_cos_dist,0.945132610437171,0.6372413111141679,0.84375,0.84375,0.875872345972567,0.9688313802083334
libero_spatial_t07_ep008_s0064_manipulation,testA,manipulation,libero_spatial,7,libero_spatial_t7_ep8,B4_linear_stats,0.9489113641565575,0.8813705327650739,0.859375,0.859375,0.9368612873240545,0.9725748697916666
libero_spatial_t07_ep009_s0016_approach,testA,approach,libero_spatial,7,libero_spatial_t7_ep9,B0_random,-0.01855830853742275,-0.027211384872524003,0.28125,0.28125,0.5794889681267145,0.5069173177083334
libero_spatial_t07_ep009_s0016_approach,testA,approach,libero_spatial,7,libero_spatial_t7_ep9,B0x_token_index,-0.25312929159990843,-0.21707957096668426,0.3125,0.3125,0.6742153796208898,0.4405110677083333
libero_spatial_t07_ep009_s0016_approach,testA,approach,libero_spatial,7,libero_spatial_t7_ep9,B1_pred_norm_neg,0.43340366788738843,0.475664109415624,0.515625,0.515625,0.812607085848217,0.7433268229166666
libero_spatial_t07_ep009_s0016_approach,testA,approach,libero_spatial,7,libero_spatial_t7_ep9,B2_change_norm,0.9296749828336004,0.7221008173810776,0.734375,0.734375,0.8562653572105663,0.91552734375
libero_spatial_t07_ep009_s0016_approach,testA,approach,libero_spatial,7,libero_spatial_t7_ep9,B3_cos_dist,0.9297436484321355,0.559285091860196,0.734375,0.734375,0.8565323011809,0.91552734375
libero_spatial_t07_ep009_s0016_approach,testA,approach,libero_spatial,7,libero_spatial_t7_ep9,B4_linear_stats,0.9359414339665827,0.8688553136574491,0.734375,0.734375,0.9166498588429347,0.9247233072916666
libero_spatial_t07_ep009_s0032_pre_grasp,testA,pre_grasp,libero_spatial,7,libero_spatial_t7_ep9,B0_random,-0.03889476997024491,-0.04934247024818168,0.28125,0.28125,0.6190737801381897,0.4661458333333333
libero_spatial_t07_ep009_s0032_pre_grasp,testA,pre_grasp,libero_spatial,7,libero_spatial_t7_ep9,B0x_token_index,-0.1698615243762875,-0.11357324360159458,0.296875,0.296875,0.6685741703605788,0.46728515625
libero_spatial_t07_ep009_s0032_pre_grasp,testA,pre_grasp,libero_spatial,7,libero_spatial_t7_ep9,B1_pred_norm_neg,0.4461876287479973,0.47265403034275266,0.53125,0.53125,0.8130700959789763,0.7763671875
libero_spatial_t07_ep009_s0032_pre_grasp,testA,pre_grasp,libero_spatial,7,libero_spatial_t7_ep9,B2_change_norm,0.9604071297779813,0.9242910358324005,0.796875,0.796875,0.9622254101678497,0.9573567708333334
libero_spatial_t07_ep009_s0032_pre_grasp,testA,pre_grasp,libero_spatial,7,libero_spatial_t7_ep9,B3_cos_dist,0.9605930991073472,0.8609895011050622,0.796875,0.796875,0.962216505823737,0.9578450520833334
libero_spatial_t07_ep009_s0032_pre_grasp,testA,pre_grasp,libero_spatial,7,libero_spatial_t7_ep9,B4_linear_stats,0.9630529011215381,0.9164810980004511,0.828125,0.828125,0.9486247309241423,0.9659830729166666
libero_spatial_t07_ep009_s0056_manipulation,testA,manipulation,libero_spatial,7,libero_spatial_t7_ep9,B0_random,-0.02092727168688487,-0.04277104704310363,0.265625,0.265625,0.577761437701033,0.5011393229166666
libero_spatial_t07_ep009_s0056_manipulation,testA,manipulation,libero_spatial,7,libero_spatial_t7_ep9,B0x_token_index,-0.3707777809567407,-0.34059725265902885,0.171875,0.171875,0.575993983712989,0.324951171875
libero_spatial_t07_ep009_s0056_manipulation,testA,manipulation,libero_spatial,7,libero_spatial_t7_ep9,B1_pred_norm_neg,0.6215781643396658,0.6462962587292496,0.625,0.625,0.8704151928073486,0.853271484375
libero_spatial_t07_ep009_s0056_manipulation,testA,manipulation,libero_spatial,7,libero_spatial_t7_ep9,B2_change_norm,0.9278338864728771,0.7592060661628856,0.796875,0.796875,0.8946527154045851,0.941162109375
libero_spatial_t07_ep009_s0056_manipulation,testA,manipulation,libero_spatial,7,libero_spatial_t7_ep9,B3_cos_dist,0.9279132810711833,0.6243436887249497,0.796875,0.796875,0.8955832277671472,0.9415690104166666
libero_spatial_t07_ep009_s0056_manipulation,testA,manipulation,libero_spatial,7,libero_spatial_t7_ep9,B4_linear_stats,0.9330453192950332,0.8555291441080013,0.765625,0.765625,0.9037463194222737,0.9405924479166666
libero_spatial_t09_ep000_s0024_approach,testB1,approach,libero_spatial,9,libero_spatial_t9_ep0,B0_random,0.004319495307850767,0.008806510170398713,0.234375,0.234375,0.5461352929629387,0.4908040364583333
libero_spatial_t09_ep000_s0024_approach,testB1,approach,libero_spatial,9,libero_spatial_t9_ep0,B0x_token_index,-0.4450324731059739,-0.41238212189582313,0.15625,0.15625,0.5087675257262626,0.2701009114583333
libero_spatial_t09_ep000_s0024_approach,testB1,approach,libero_spatial,9,libero_spatial_t9_ep0,B1_pred_norm_neg,0.6323479343099108,0.7450277339904334,0.625,0.625,0.8859824846653244,0.844482421875
libero_spatial_t09_ep000_s0024_approach,testB1,approach,libero_spatial,9,libero_spatial_t9_ep0,B2_change_norm,0.9648718242160678,0.7857675192673742,0.890625,0.890625,0.9080757138410153,0.9817708333333334
libero_spatial_t09_ep000_s0024_approach,testB1,approach,libero_spatial,9,libero_spatial_t9_ep0,B3_cos_dist,0.9647716868848707,0.6428815220665641,0.890625,0.890625,0.9116671233481225,0.9814453125
libero_spatial_t09_ep000_s0024_approach,testB1,approach,libero_spatial,9,libero_spatial_t9_ep0,B4_linear_stats,0.9565432593270772,0.8924173527332996,0.828125,0.828125,0.9423632328894397,0.9679361979166666
libero_spatial_t09_ep000_s0040_pre_grasp,testB1,pre_grasp,libero_spatial,9,libero_spatial_t9_ep0,B0_random,0.03282716296635386,0.046604471933509965,0.21875,0.21875,0.54519688761715,0.500732421875
libero_spatial_t09_ep000_s0040_pre_grasp,testB1,pre_grasp,libero_spatial,9,libero_spatial_t9_ep0,B0x_token_index,-0.3550590810254063,-0.3112751983555691,0.078125,0.078125,0.46543005533200155,0.345458984375
libero_spatial_t09_ep000_s0040_pre_grasp,testB1,pre_grasp,libero_spatial,9,libero_spatial_t9_ep0,B1_pred_norm_neg,0.7374485008010987,0.7900684017610453,0.75,0.75,0.9229204889061559,0.9230143229166666
libero_spatial_t09_ep000_s0040_pre_grasp,testB1,pre_grasp,libero_spatial,9,libero_spatial_t9_ep0,B2_change_norm,0.8978019855802243,0.7821654931934283,0.78125,0.78125,0.8791683689211569,0.9244791666666666
libero_spatial_t09_ep000_s0040_pre_grasp,testB1,pre_grasp,libero_spatial,9,libero_spatial_t9_ep0,B3_cos_dist,0.8980423151750972,0.6768118631635758,0.78125,0.78125,0.8779029830255315,0.9248046875
libero_spatial_t09_ep000_s0040_pre_grasp,testB1,pre_grasp,libero_spatial,9,libero_spatial_t9_ep0,B4_linear_stats,0.9255557621881437,0.8642884953062098,0.78125,0.78125,0.8909404976336572,0.941162109375
libero_spatial_t09_ep000_s0064_manipulation,testB1,manipulation,libero_spatial,9,libero_spatial_t9_ep0,B0_random,-0.09608963721675441,-0.07778346652576305,0.1875,0.1875,0.5401862184324219,0.445556640625
libero_spatial_t09_ep000_s0064_manipulation,testB1,manipulation,libero_spatial,9,libero_spatial_t9_ep0,B0x_token_index,-0.4173266193636988,-0.3862365086914092,0.109375,0.109375,0.5174645769532653,0.294189453125
libero_spatial_t09_ep000_s0064_manipulation,testB1,manipulation,libero_spatial,9,libero_spatial_t9_ep0,B1_pred_norm_neg,0.6920469501029984,0.7441649392317842,0.65625,0.65625,0.9091667516866082,0.8702799479166666
libero_spatial_t09_ep000_s0064_manipulation,testB1,manipulation,libero_spatial,9,libero_spatial_t9_ep0,B2_change_norm,0.9175748168917373,0.7163354921044447,0.734375,0.734375,0.842402044826174,0.9326985677083334
libero_spatial_t09_ep000_s0064_manipulation,testB1,manipulation,libero_spatial,9,libero_spatial_t9_ep0,B3_cos_dist,0.918176356145571,0.5940166131570738,0.734375,0.734375,0.8432840872518998,0.9332682291666666
libero_spatial_t09_ep000_s0064_manipulation,testB1,manipulation,libero_spatial,9,libero_spatial_t9_ep0,B4_linear_stats,0.9161256866559854,0.8527193781574182,0.75,0.75,0.9116687445348154,0.924072265625
libero_spatial_t09_ep001_s0024_approach,testB1,approach,libero_spatial,9,libero_spatial_t9_ep1,B0_random,0.025289682993820096,-0.006379854143374804,0.3125,0.3125,0.5717089732171817,0.4925944010416667
libero_spatial_t09_ep001_s0024_approach,testB1,approach,libero_spatial,9,libero_spatial_t9_ep1,B0x_token_index,-0.40489957656214237,-0.3951337947314231,0.1875,0.1875,0.5106979407911417,0.24967447916666666
libero_spatial_t09_ep001_s0024_approach,testB1,approach,libero_spatial,9,libero_spatial_t9_ep1,B1_pred_norm_neg,0.5777816720073243,0.7270473923057366,0.609375,0.609375,0.8714427560921321,0.8219401041666666
libero_spatial_t09_ep001_s0024_approach,testB1,approach,libero_spatial,9,libero_spatial_t9_ep1,B2_change_norm,0.9546191920347906,0.7909012070879176,0.875,0.875,0.9180631594405992,0.9833984375
libero_spatial_t09_ep001_s0024_approach,testB1,approach,libero_spatial,9,libero_spatial_t9_ep1,B3_cos_dist,0.9543559739070726,0.6614648842227058,0.875,0.875,0.9267786008425001,0.9830729166666666
libero_spatial_t09_ep001_s0024_approach,testB1,approach,libero_spatial,9,libero_spatial_t9_ep1,B4_linear_stats,0.9360022316319524,0.8413818470849654,0.828125,0.828125,0.9180368110753551,0.9541829427083334
libero_spatial_t09_ep001_s0048_pre_grasp,testB1,pre_grasp,libero_spatial,9,libero_spatial_t9_ep1,B0_random,-0.03437929159990845,-0.0227118104385721,0.28125,0.28125,0.538881673596533,0.5318196614583334
libero_spatial_t09_ep001_s0048_pre_grasp,testB1,pre_grasp,libero_spatial,9,libero_spatial_t9_ep1,B0x_token_index,-0.3252059967956054,-0.35489526754000156,0.078125,0.078125,0.49039374497878174,0.2859700520833333
libero_spatial_t09_ep001_s0048_pre_grasp,testB1,pre_grasp,libero_spatial,9,libero_spatial_t9_ep1,B1_pred_norm_neg,0.6699981403067063,0.7791431498653411,0.78125,0.78125,0.9211859924327658,0.9254557291666666
libero_spatial_t09_ep001_s0048_pre_grasp,testB1,pre_grasp,libero_spatial,9,libero_spatial_t9_ep1,B2_change_norm,0.9633010986495766,0.813818758721453,0.890625,0.890625,0.899986263476466,0.97998046875
libero_spatial_t09_ep001_s0048_pre_grasp,testB1,pre_grasp,libero_spatial,9,libero_spatial_t9_ep1,B3_cos_dist,0.9632960917830167,0.6877303368358759,0.890625,0.890625,0.9000023848344486,0.97998046875
libero_spatial_t09_ep001_s0048_pre_grasp,testB1,pre_grasp,libero_spatial,9,libero_spatial_t9_ep1,B4_linear_stats,0.9630242904554818,0.9151540121377691,0.875,0.875,0.9545399495154655,0.9814453125
libero_spatial_t09_ep001_s0072_manipulation,testB1,manipulation,libero_spatial,9,libero_spatial_t9_ep1,B0_random,0.029750085831998167,-4.9778661770139274e-05,0.234375,0.234375,0.5770629842301307,0.5027669270833334
libero_spatial_t09_ep001_s0072_manipulation,testB1,manipulation,libero_spatial,9,libero_spatial_t9_ep1,B0x_token_index,-0.4425805390249485,-0.4322451427720551,0.109375,0.109375,0.503533650972216,0.24357096354166666
libero_spatial_t09_ep001_s0072_manipulation,testB1,manipulation,libero_spatial,9,libero_spatial_t9_ep1,B1_pred_norm_neg,0.7254363126573586,0.7717185932254478,0.703125,0.703125,0.9090397055183388,0.923828125
libero_spatial_t09_ep001_s0072_manipulation,testB1,manipulation,libero_spatial,9,libero_spatial_t9_ep1,B2_change_norm,0.9533138303959716,0.7746575396918194,0.859375,0.859375,0.8748645028209242,0.9701334635416666
libero_spatial_t09_ep001_s0072_manipulation,testB1,manipulation,libero_spatial,9,libero_spatial_t9_ep1,B3_cos_dist,0.9537000743877317,0.6563215294920229,0.859375,0.859375,0.8770147099418241,0.9705403645833334
libero_spatial_t09_ep001_s0072_manipulation,testB1,manipulation,libero_spatial,9,libero_spatial_t9_ep1,B4_linear_stats,0.9192277981231403,0.8548638544260927,0.859375,0.859375,0.9024420328198028,0.9353841145833334
libero_spatial_t09_ep002_s0024_approach,testB1,approach,libero_spatial,9,libero_spatial_t9_ep2,B0_random,0.012437771801327534,0.06112731873094089,0.28125,0.28125,0.6020063731386531,0.5155436197916666
libero_spatial_t09_ep002_s0024_approach,testB1,approach,libero_spatial,9,libero_spatial_t9_ep2,B0x_token_index,-0.44976896887159534,-0.41378373736657864,0.125,0.125,0.5198397651412213,0.22322591145833334
libero_spatial_t09_ep002_s0024_approach,testB1,approach,libero_spatial,9,libero_spatial_t9_ep2,B1_pred_norm_neg,0.575414139391165,0.6816550643554293,0.5625,0.5625,0.8521445894977036,0.826416015625
libero_spatial_t09_ep002_s0024_approach,testB1,approach,libero_spatial,9,libero_spatial_t9_ep2,B2_change_norm,0.9695239185168231,0.7955721514106178,0.921875,0.921875,0.9375867046313672,0.9830729166666666
libero_spatial_t09_ep002_s0024_approach,testB1,approach,libero_spatial,9,libero_spatial_t9_ep2,B3_cos_dist,0.9692828736552987,0.6645604312538597,0.921875,0.921875,0.9378818870145758,0.9829915364583334
libero_spatial_t09_ep002_s0024_approach,testB1,approach,libero_spatial,9,libero_spatial_t9_ep2,B4_linear_stats,0.9637853341725795,0.8795682709486609,0.875,0.875,0.9177042107786039,0.9764811197916666
libero_spatial_t09_ep002_s0048_pre_grasp,testB1,pre_grasp,libero_spatial,9,libero_spatial_t9_ep2,B0_random,0.0828407530327306,0.03591120077940344,0.328125,0.328125,0.5485777409560457,0.547607421875
libero_spatial_t09_ep002_s0048_pre_grasp,testB1,pre_grasp,libero_spatial,9,libero_spatial_t9_ep2,B0x_token_index,-0.3716582742046235,-0.3383302826256347,0.078125,0.078125,0.44334658601072896,0.3238118489583333
libero_spatial_t09_ep002_s0048_pre_grasp,testB1,pre_grasp,libero_spatial,9,libero_spatial_t9_ep2,B1_pred_norm_neg,0.7385371366445411,0.7630795481050734,0.8125,0.8125,0.8742168570373139,0.9608561197916666
libero_spatial_t09_ep002_s0048_pre_grasp,testB1,pre_grasp,libero_spatial,9,libero_spatial_t9_ep2,B2_change_norm,0.9641243705653467,0.8565620515461985,0.921875,0.921875,0.9132566930797037,0.986328125
libero_spatial_t09_ep002_s0048_pre_grasp,testB1,pre_grasp,libero_spatial,9,libero_spatial_t9_ep2,B3_cos_dist,0.9641272316319524,0.7512920988047493,0.921875,0.921875,0.9131481904872781,0.9864908854166666
libero_spatial_t09_ep002_s0048_pre_grasp,testB1,pre_grasp,libero_spatial,9,libero_spatial_t9_ep2,B4_linear_stats,0.9687950617990387,0.8975917959603629,0.90625,0.90625,0.8899952888044633,0.987060546875
libero_spatial_t09_ep002_s0064_manipulation,testB1,manipulation,libero_spatial,9,libero_spatial_t9_ep2,B0_random,0.022390707255664912,0.029624408418991825,0.234375,0.234375,0.5103863543295617,0.48486328125
libero_spatial_t09_ep002_s0064_manipulation,testB1,manipulation,libero_spatial,9,libero_spatial_t9_ep2,B0x_token_index,-0.4348442149233234,-0.3957049283153973,0.0625,0.0625,0.4226442823674965,0.2801920572916667
libero_spatial_t09_ep002_s0064_manipulation,testB1,manipulation,libero_spatial,9,libero_spatial_t9_ep2,B1_pred_norm_neg,0.7531922350652324,0.7950437302393086,0.796875,0.796875,0.8784439378022173,0.9551595052083334
libero_spatial_t09_ep002_s0064_manipulation,testB1,manipulation,libero_spatial,9,libero_spatial_t9_ep2,B2_change_norm,0.9548895628290227,0.8233516404820894,0.90625,0.90625,0.8790846043512531,0.9890950520833334
libero_spatial_t09_ep002_s0064_manipulation,testB1,manipulation,libero_spatial,9,libero_spatial_t9_ep2,B3_cos_dist,0.955104142824445,0.7180020632458084,0.90625,0.90625,0.8816490199798801,0.9893391927083334
libero_spatial_t09_ep002_s0064_manipulation,testB1,manipulation,libero_spatial,9,libero_spatial_t9_ep2,B4_linear_stats,0.9508769169146257,0.8396217629616053,0.875,0.875,0.8703391669052659,0.972900390625
libero_spatial_t09_ep003_s0024_approach,testB1,approach,libero_spatial,9,libero_spatial_t9_ep3,B0_random,0.033650434882124054,0.031167098007134728,0.21875,0.21875,0.5386846092224697,0.5082194010416666
libero_spatial_t09_ep003_s0024_approach,testB1,approach,libero_spatial,9,libero_spatial_t9_ep3,B0x_token_index,-0.4271236266880293,-0.4311337417761535,0.09375,0.09375,0.48196813621401474,0.23201497395833334
libero_spatial_t09_ep003_s0024_approach,testB1,approach,libero_spatial,9,libero_spatial_t9_ep3,B1_pred_norm_neg,0.7190947585259785,0.7941375718947423,0.75,0.75,0.8935584323671312,0.9203287760416666
libero_spatial_t09_ep003_s0024_approach,testB1,approach,libero_spatial,9,libero_spatial_t9_ep3,B2_change_norm,0.967162108033875,0.828998026506947,0.921875,0.921875,0.9097046737428961,0.9840494791666666
libero_spatial_t09_ep003_s0024_approach,testB1,approach,libero_spatial,9,libero_spatial_t9_ep3,B3_cos_dist,0.9673144598306248,0.7321034657933704,0.921875,0.921875,0.9107549416896462,0.984375
libero_spatial_t09_ep003_s0024_approach,testB1,approach,libero_spatial,9,libero_spatial_t9_ep3,B4_linear_stats,0.9569738498512246,0.8686956178196927,0.84375,0.84375,0.905563954976021,0.96826171875
libero_spatial_t09_ep003_s0040_pre_grasp,testB1,pre_grasp,libero_spatial,9,libero_spatial_t9_ep3,B0_random,0.10193908789196612,0.0878807220654249,0.265625,0.265625,0.52138400694394,0.5430501302083334
libero_spatial_t09_ep003_s0040_pre_grasp,testB1,pre_grasp,libero_spatial,9,libero_spatial_t9_ep3,B0x_token_index,-0.32931878004119935,-0.34353036881539106,0.125,0.125,0.4285958067484865,0.3308919270833333
libero_spatial_t09_ep003_s0040_pre_grasp,testB1,pre_grasp,libero_spatial,9,libero_spatial_t9_ep3,B1_pred_norm_neg,0.7275484950789655,0.7730849914287148,0.71875,0.71875,0.863379731744729,0.9080403645833334
libero_spatial_t09_ep003_s0040_pre_grasp,testB1,pre_grasp,libero_spatial,9,libero_spatial_t9_ep3,B2_change_norm,0.9644555390249485,0.8911413307969451,0.921875,0.921875,0.9238270955544344,0.9940592447916666
libero_spatial_t09_ep003_s0040_pre_grasp,testB1,pre_grasp,libero_spatial,9,libero_spatial_t9_ep3,B3_cos_dist,0.9641830224307621,0.803577444960291,0.921875,0.921875,0.9220444983031975,0.994140625
libero_spatial_t09_ep003_s0040_pre_grasp,testB1,pre_grasp,libero_spatial,9,libero_spatial_t9_ep3,B4_linear_stats,0.9701311799038682,0.906617995404767,0.921875,0.921875,0.9165310207295856,0.9930826822916666
libero_spatial_t09_ep003_s0064_manipulation,testB1,manipulation,libero_spatial,9,libero_spatial_t9_ep3,B0_random,0.07386916342412451,0.08302228416323715,0.296875,0.296875,0.6397239599305684,0.5323079427083334
libero_spatial_t09_ep003_s0064_manipulation,testB1,manipulation,libero_spatial,9,libero_spatial_t9_ep3,B0x_token_index,-0.20234678988326849,-0.23752758878299615,0.25,0.25,0.6072834037812819,0.3899739583333333
libero_spatial_t09_ep003_s0064_manipulation,testB1,manipulation,libero_spatial,9,libero_spatial_t9_ep3,B1_pred_norm_neg,0.6122847047379263,0.6791863484280738,0.59375,0.59375,0.8777190332803755,0.8257649739583334
libero_spatial_t09_ep003_s0064_manipulation,testB1,manipulation,libero_spatial,9,libero_spatial_t9_ep3,B2_change_norm,0.8929009784847791,0.6917308171940518,0.796875,0.796875,0.8576389633752888,0.9444173177083334
libero_spatial_t09_ep003_s0064_manipulation,testB1,manipulation,libero_spatial,9,libero_spatial_t9_ep3,B3_cos_dist,0.8930719272144656,0.5781143106861222,0.796875,0.796875,0.8596046283820563,0.9446614583333334
libero_spatial_t09_ep003_s0064_manipulation,testB1,manipulation,libero_spatial,9,libero_spatial_t9_ep3,B4_linear_stats,0.8383189803158617,0.7619779198870669,0.796875,0.796875,0.8820466685470767,0.8937174479166666
libero_spatial_t09_ep004_s0024_approach,testB1,approach,libero_spatial,9,libero_spatial_t9_ep4,B0_random,-0.015368934538796062,-0.0014909867447137752,0.21875,0.21875,0.5084124668768331,0.482666015625
libero_spatial_t09_ep004_s0024_approach,testB1,approach,libero_spatial,9,libero_spatial_t9_ep4,B0x_token_index,-0.3997346360723278,-0.4059217323562233,0.09375,0.09375,0.4693455230827042,0.20638020833333334
libero_spatial_t09_ep004_s0024_approach,testB1,approach,libero_spatial,9,libero_spatial_t9_ep4,B1_pred_norm_neg,0.7033696211947814,0.7576422555315853,0.734375,0.734375,0.8841570816604535,0.8827311197916666
libero_spatial_t09_ep004_s0024_approach,testB1,approach,libero_spatial,9,libero_spatial_t9_ep4,B2_change_norm,0.9640678644998856,0.8322625875678822,0.84375,0.84375,0.899924348939414,0.97509765625
libero_spatial_t09_ep004_s0024_approach,testB1,approach,libero_spatial,9,libero_spatial_t9_ep4,B3_cos_dist,0.9639748798352026,0.720132023426331,0.84375,0.84375,0.8994686648407045,0.97509765625
libero_spatial_t09_ep004_s0024_approach,testB1,approach,libero_spatial,9,libero_spatial_t9_ep4,B4_linear_stats,0.9590981918059053,0.8649148928880175,0.8125,0.8125,0.888580656624272,0.9702962239583334
libero_spatial_t09_ep004_s0040_pre_grasp,testB1,pre_grasp,libero_spatial,9,libero_spatial_t9_ep4,B0_random,0.09721332112611582,0.1494993817278668,0.3125,0.3125,0.6422591198010851,0.5552571614583334
libero_spatial_t09_ep004_s0040_pre_grasp,testB1,pre_grasp,libero_spatial,9,libero_spatial_t9_ep4,B0x_token_index,-0.38340295262073704,-0.4003119015003936,0.046875,0.046875,0.4417300171431954,0.2644856770833333
libero_spatial_t09_ep004_s0040_pre_grasp,testB1,pre_grasp,libero_spatial,9,libero_spatial_t9_ep4,B1_pred_norm_neg,0.7357855058365759,0.7325965543972563,0.75,0.75,0.8746067424350377,0.9227701822916666
libero_spatial_t09_ep004_s0040_pre_grasp,testB1,pre_grasp,libero_spatial,9,libero_spatial_t9_ep4,B2_change_norm,0.9255514705882353,0.7784188815260102,0.765625,0.765625,0.8781768116381772,0.94140625
libero_spatial_t09_ep004_s0040_pre_grasp,testB1,pre_grasp,libero_spatial,9,libero_spatial_t9_ep4,B3_cos_dist,0.9261015106431678,0.648406032784798,0.765625,0.765625,0.8784403500646538,0.9424641927083334
libero_spatial_t09_ep004_s0040_pre_grasp,testB1,pre_grasp,libero_spatial,9,libero_spatial_t9_ep4,B4_linear_stats,0.9390249485008011,0.8678139380765484,0.8125,0.8125,0.8953012993414168,0.95068359375
libero_spatial_t09_ep004_s0064_manipulation,testB1,manipulation,libero_spatial,9,libero_spatial_t9_ep4,B0_random,0.07149662394140535,0.07438838998727444,0.21875,0.21875,0.5824686618459379,0.5294596354166666
libero_spatial_t09_ep004_s0064_manipulation,testB1,manipulation,libero_spatial,9,libero_spatial_t9_ep4,B0x_token_index,-0.304251544975967,-0.28576552432386376,0.171875,0.171875,0.5659511753400169,0.356689453125
libero_spatial_t09_ep004_s0064_manipulation,testB1,manipulation,libero_spatial,9,libero_spatial_t9_ep4,B1_pred_norm_neg,0.6952306019684138,0.7100308240749613,0.6875,0.6875,0.9049084469225152,0.89501953125
libero_spatial_t09_ep004_s0064_manipulation,testB1,manipulation,libero_spatial,9,libero_spatial_t9_ep4,B2_change_norm,0.9151235980773632,0.731417474323441,0.78125,0.78125,0.8681783764919186,0.9453938802083334
libero_spatial_t09_ep004_s0064_manipulation,testB1,manipulation,libero_spatial,9,libero_spatial_t9_ep4,B3_cos_dist,0.9152401865415427,0.6158610372185828,0.78125,0.78125,0.8718162805813549,0.94580078125
libero_spatial_t09_ep004_s0064_manipulation,testB1,manipulation,libero_spatial,9,libero_spatial_t9_ep4,B4_linear_stats,0.8601410505836576,0.7994746115333947,0.71875,0.71875,0.9081575954340386,0.8977864583333334
libero_spatial_t09_ep005_s0024_approach,testB1,approach,libero_spatial,9,libero_spatial_t9_ep5,B0_random,-0.028888904783703366,-0.05149004142792269,0.203125,0.203125,0.534749637890964,0.48486328125
libero_spatial_t09_ep005_s0024_approach,testB1,approach,libero_spatial,9,libero_spatial_t9_ep5,B0x_token_index,-0.437314030670634,-0.3934595649670011,0.109375,0.109375,0.5062929078067547,0.23274739583333334
libero_spatial_t09_ep005_s0024_approach,testB1,approach,libero_spatial,9,libero_spatial_t9_ep5,B1_pred_norm_neg,0.6604672121766995,0.7242849395220587,0.65625,0.65625,0.8690063347228579,0.855712890625
libero_spatial_t09_ep005_s0024_approach,testB1,approach,libero_spatial,9,libero_spatial_t9_ep5,B2_change_norm,0.9472025921263447,0.7844173816299358,0.875,0.875,0.8892300990547201,0.969482421875
libero_spatial_t09_ep005_s0024_approach,testB1,approach,libero_spatial,9,libero_spatial_t9_ep5,B3_cos_dist,0.9473206111238269,0.6581231952311063,0.875,0.875,0.8986042938582993,0.9700520833333334
libero_spatial_t09_ep005_s0024_approach,testB1,approach,libero_spatial,9,libero_spatial_t9_ep5,B4_linear_stats,0.9495880064087892,0.8746924025317001,0.859375,0.859375,0.9080953068904913,0.9722493489583334
libero_spatial_t09_ep005_s0048_pre_grasp,testB1,pre_grasp,libero_spatial,9,libero_spatial_t9_ep5,B0_random,-0.036830510414282445,-0.03677275916625772,0.1875,0.1875,0.45078200399040874,0.4956868489583333
libero_spatial_t09_ep005_s0048_pre_grasp,testB1,pre_grasp,libero_spatial,9,libero_spatial_t9_ep5,B0x_token_index,-0.3472583829251545,-0.34884842776574476,0.09375,0.09375,0.4169732954760206,0.3181966145833333
libero_spatial_t09_ep005_s0048_pre_grasp,testB1,pre_grasp,libero_spatial,9,libero_spatial_t9_ep5,B1_pred_norm_neg,0.7597526607919433,0.793064544301188,0.78125,0.78125,0.8893743435049594,0.9564615885416666
libero_spatial_t09_ep005_s0048_pre_grasp,testB1,pre_grasp,libero_spatial,9,libero_spatial_t9_ep5,B2_change_norm,0.9280627718013276,0.8505342866924516,0.828125,0.828125,0.9147967701736898,0.9488118489583334
libero_spatial_t09_ep005_s0048_pre_grasp,testB1,pre_grasp,libero_spatial,9,libero_spatial_t9_ep5,B3_cos_dist,0.9281815060654612,0.7538540022141266,0.828125,0.828125,0.9156024208797094,0.9491373697916666
libero_spatial_t09_ep005_s0048_pre_grasp,testB1,pre_grasp,libero_spatial,9,libero_spatial_t9_ep5,B4_linear_stats,0.9411078049897001,0.8880934355217877,0.859375,0.859375,0.9216066735994211,0.9588216145833334
libero_spatial_t09_ep005_s0064_manipulation,testB1,manipulation,libero_spatial,9,libero_spatial_t9_ep5,B0_random,0.0140156500343328,0.07220338661525813,0.265625,0.265625,0.5620026896143373,0.5638834635416666
libero_spatial_t09_ep005_s0064_manipulation,testB1,manipulation,libero_spatial,9,libero_spatial_t9_ep5,B0x_token_index,-0.34967813000686654,-0.350238032909624,0.0625,0.0625,0.4644203022370415,0.296142578125
libero_spatial_t09_ep005_s0064_manipulation,testB1,manipulation,libero_spatial,9,libero_spatial_t9_ep5,B1_pred_norm_neg,0.7826118677042802,0.7698090119703546,0.796875,0.796875,0.8788808743957714,0.9563802083333334
libero_spatial_t09_ep005_s0064_manipulation,testB1,manipulation,libero_spatial,9,libero_spatial_t9_ep5,B2_change_norm,0.929879549095903,0.7715138189952913,0.859375,0.859375,0.8584445468736679,0.965087890625
libero_spatial_t09_ep005_s0064_manipulation,testB1,manipulation,libero_spatial,9,libero_spatial_t9_ep5,B3_cos_dist,0.9303845273517968,0.6563831936954476,0.859375,0.859375,0.8570256371298458,0.96533203125
libero_spatial_t09_ep005_s0064_manipulation,testB1,manipulation,libero_spatial,9,libero_spatial_t9_ep5,B4_linear_stats,0.9253840981918059,0.8493394535672559,0.859375,0.859375,0.9105674080484247,0.9557291666666666
libero_spatial_t09_ep006_s0024_approach,testB1,approach,libero_spatial,9,libero_spatial_t9_ep6,B0_random,0.03255321583886473,0.00832086005098045,0.25,0.25,0.5570607794071267,0.4837239583333333
libero_spatial_t09_ep006_s0024_approach,testB1,approach,libero_spatial,9,libero_spatial_t9_ep6,B0x_token_index,-0.41894169146257726,-0.3879888510025544,0.1875,0.1875,0.5203206665047164,0.302978515625
libero_spatial_t09_ep006_s0024_approach,testB1,approach,libero_spatial,9,libero_spatial_t9_ep6,B1_pred_norm_neg,0.5623247596704051,0.6864862475178943,0.578125,0.578125,0.8303318495299914,0.8182779947916666
libero_spatial_t09_ep006_s0024_approach,testB1,approach,libero_spatial,9,libero_spatial_t9_ep6,B2_change_norm,0.9575274662394141,0.8015914778036084,0.8125,0.8125,0.9105779406900981,0.963623046875
libero_spatial_t09_ep006_s0024_approach,testB1,approach,libero_spatial,9,libero_spatial_t9_ep6,B3_cos_dist,0.9576225967040513,0.6841505753658629,0.8125,0.8125,0.9108115732064237,0.9637044270833334
libero_spatial_t09_ep006_s0024_approach,testB1,approach,libero_spatial,9,libero_spatial_t9_ep6,B4_linear_stats,0.9451390478370336,0.8548741923391948,0.78125,0.78125,0.9103495782806336,0.9466145833333334
libero_spatial_t09_ep006_s0048_pre_grasp,testB1,pre_grasp,libero_spatial,9,libero_spatial_t9_ep6,B0_random,-0.007839322499427787,0.06508770958037374,0.21875,0.21875,0.5582179757230734,0.499267578125
libero_spatial_t09_ep006_s0048_pre_grasp,testB1,pre_grasp,libero_spatial,9,libero_spatial_t9_ep6,B0x_token_index,-0.3387059395742733,-0.32674158187624713,0.078125,0.078125,0.4522436420766802,0.2906087239583333
libero_spatial_t09_ep006_s0048_pre_grasp,testB1,pre_grasp,libero_spatial,9,libero_spatial_t9_ep6,B1_pred_norm_neg,0.7301284618905928,0.7971799666015803,0.734375,0.734375,0.8898499873701262,0.9235026041666666
libero_spatial_t09_ep006_s0048_pre_grasp,testB1,pre_grasp,libero_spatial,9,libero_spatial_t9_ep6,B2_change_norm,0.9370722705424582,0.8607337756840625,0.90625,0.90625,0.9308649699580694,0.9823404947916666
libero_spatial_t09_ep006_s0048_pre_grasp,testB1,pre_grasp,libero_spatial,9,libero_spatial_t9_ep6,B3_cos_dist,0.9373669604028382,0.7866523575120896,0.90625,0.90625,0.9371690361979034,0.9825032552083334
libero_spatial_t09_ep006_s0048_pre_grasp,testB1,pre_grasp,libero_spatial,9,libero_spatial_t9_ep6,B4_linear_stats,0.9518496795605401,0.8965014596477515,0.9375,0.9375,0.9403641466399886,0.985595703125
libero_spatial_t09_ep006_s0072_manipulation,testB1,manipulation,libero_spatial,9,libero_spatial_t9_ep6,B0_random,0.04253547722590982,0.0012362088024610702,0.25,0.25,0.5884919770961163,0.4984537760416667
libero_spatial_t09_ep006_s0072_manipulation,testB1,manipulation,libero_spatial,9,libero_spatial_t9_ep6,B0x_token_index,-0.37894541084916455,-0.33779073612003774,0.15625,0.15625,0.5367447188434332,0.3130696614583333
libero_spatial_t09_ep006_s0072_manipulation,testB1,manipulation,libero_spatial,9,libero_spatial_t9_ep6,B1_pred_norm_neg,0.6846425097276264,0.6927794175270312,0.71875,0.71875,0.8575733958591141,0.8994954427083334
libero_spatial_t09_ep006_s0072_manipulation,testB1,manipulation,libero_spatial,9,libero_spatial_t9_ep6,B2_change_norm,0.9298087376974136,0.6850143722526753,0.8125,0.8125,0.8500258293850234,0.9473470052083334
libero_spatial_t09_ep006_s0072_manipulation,testB1,manipulation,libero_spatial,9,libero_spatial_t9_ep6,B3_cos_dist,0.9300984206912337,0.5461582812901576,0.8125,0.8125,0.8484834855597753,0.94775390625
libero_spatial_t09_ep006_s0072_manipulation,testB1,manipulation,libero_spatial,9,libero_spatial_t9_ep6,B4_linear_stats,0.9006029697871366,0.8203938957916329,0.828125,0.828125,0.8833296052370914,0.9306640625
libero_spatial_t09_ep007_s0024_approach,testB1,approach,libero_spatial,9,libero_spatial_t9_ep7,B0_random,-0.11778224422064545,-0.10687944013262919,0.234375,0.234375,0.5229777284212557,0.4768880208333333
libero_spatial_t09_ep007_s0024_approach,testB1,approach,libero_spatial,9,libero_spatial_t9_ep7,B0x_token_index,-0.3984035248340581,-0.4071842311050177,0.1875,0.1875,0.5190410377408742,0.2747395833333333
libero_spatial_t09_ep007_s0024_approach,testB1,approach,libero_spatial,9,libero_spatial_t9_ep7,B1_pred_norm_neg,0.5998948558022431,0.7416796711621799,0.640625,0.640625,0.8813157278374276,0.8483072916666666
libero_spatial_t09_ep007_s0024_approach,testB1,approach,libero_spatial,9,libero_spatial_t9_ep7,B2_change_norm,0.956780012588693,0.8356049965289126,0.875,0.875,0.9328954195785356,0.9703776041666666
libero_spatial_t09_ep007_s0024_approach,testB1,approach,libero_spatial,9,libero_spatial_t9_ep7,B3_cos_dist,0.956792172121767,0.7185050239022108,0.875,0.875,0.9329180670222856,0.9701334635416666
libero_spatial_t09_ep007_s0024_approach,testB1,approach,libero_spatial,9,libero_spatial_t9_ep7,B4_linear_stats,0.9313136587319752,0.8306016342550436,0.796875,0.796875,0.9007256019877523,0.94189453125
libero_spatial_t09_ep007_s0048_pre_grasp,testB1,pre_grasp,libero_spatial,9,libero_spatial_t9_ep7,B0_random,0.014292458228427557,0.03954396864273275,0.265625,0.265625,0.5537717022965527,0.5065104166666666
libero_spatial_t09_ep007_s0048_pre_grasp,testB1,pre_grasp,libero_spatial,9,libero_spatial_t9_ep7,B0x_token_index,-0.22851338979171434,-0.2090797975230951,0.1875,0.1875,0.5219635191580898,0.3855794270833333
libero_spatial_t09_ep007_s0048_pre_grasp,testB1,pre_grasp,libero_spatial,9,libero_spatial_t9_ep7,B1_pred_norm_neg,0.6935389963378348,0.7117221638930719,0.6875,0.6875,0.8697858685600552,0.9090983072916666
libero_spatial_t09_ep007_s0048_pre_grasp,testB1,pre_grasp,libero_spatial,9,libero_spatial_t9_ep7,B2_change_norm,0.9599479285877776,0.7773538614821953,0.890625,0.890625,0.8852488368015231,0.9740397135416666
libero_spatial_t09_ep007_s0048_pre_grasp,testB1,pre_grasp,libero_spatial,9,libero_spatial_t9_ep7,B3_cos_dist,0.9601174467841611,0.6592490976164856,0.890625,0.890625,0.8795951933059206,0.9740397135416666
libero_spatial_t09_ep007_s0048_pre_grasp,testB1,pre_grasp,libero_spatial,9,libero_spatial_t9_ep7,B4_linear_stats,0.9650298981460288,0.8408301007573875,0.890625,0.890625,0.8901795362156008,0.975830078125
libero_spatial_t09_ep007_s0064_manipulation,testB1,manipulation,libero_spatial,9,libero_spatial_t9_ep7,B0_random,-0.12821226253147172,-0.09258191336624767,0.234375,0.234375,0.6040499880692254,0.4290364583333333
libero_spatial_t09_ep007_s0064_manipulation,testB1,manipulation,libero_spatial,9,libero_spatial_t9_ep7,B0x_token_index,-0.3319359407186999,-0.31526674425971096,0.1875,0.1875,0.5812490959734027,0.313720703125
libero_spatial_t09_ep007_s0064_manipulation,testB1,manipulation,libero_spatial,9,libero_spatial_t9_ep7,B1_pred_norm_neg,0.641763704509041,0.7090634906808028,0.625,0.625,0.9085017407978616,0.8456217447916666
libero_spatial_t09_ep007_s0064_manipulation,testB1,manipulation,libero_spatial,9,libero_spatial_t9_ep7,B2_change_norm,0.9233656157015335,0.7044575145167793,0.8125,0.8125,0.8675245474118527,0.9517415364583334
libero_spatial_t09_ep007_s0064_manipulation,testB1,manipulation,libero_spatial,9,libero_spatial_t9_ep7,B3_cos_dist,0.9237075131609064,0.5713558629011553,0.8125,0.8125,0.8677746942526872,0.9519856770833334
libero_spatial_t09_ep007_s0064_manipulation,testB1,manipulation,libero_spatial,9,libero_spatial_t9_ep7,B4_linear_stats,0.8955360208285649,0.8469834668954165,0.78125,0.78125,0.8978352744792465,0.920654296875
libero_spatial_t09_ep008_s0024_approach,testB1,approach,libero_spatial,9,libero_spatial_t9_ep8,B0_random,0.10705610551613641,0.06893359151115674,0.25,0.25,0.5685635082952443,0.5301920572916666
libero_spatial_t09_ep008_s0024_approach,testB1,approach,libero_spatial,9,libero_spatial_t9_ep8,B0x_token_index,-0.4247289139391165,-0.3872950645275075,0.1875,0.1875,0.5213552786094469,0.2819010416666667
libero_spatial_t09_ep008_s0024_approach,testB1,approach,libero_spatial,9,libero_spatial_t9_ep8,B1_pred_norm_neg,0.6103305962462806,0.6862073643729754,0.578125,0.578125,0.8339615067031035,0.8126627604166666
libero_spatial_t09_ep008_s0024_approach,testB1,approach,libero_spatial,9,libero_spatial_t9_ep8,B2_change_norm,0.9455581940947585,0.70289021096511,0.8125,0.8125,0.859912396487082,0.960205078125
libero_spatial_t09_ep008_s0024_approach,testB1,approach,libero_spatial,9,libero_spatial_t9_ep8,B3_cos_dist,0.9455717841611353,0.5717155125270109,0.8125,0.8125,0.8620674133982846,0.9601236979166666
libero_spatial_t09_ep008_s0024_approach,testB1,approach,libero_spatial,9,libero_spatial_t9_ep8,B4_linear_stats,0.9414382581826505,0.8405637776228216,0.796875,0.796875,0.9318901195455036,0.9557291666666666
libero_spatial_t09_ep008_s0048_pre_grasp,testB1,pre_grasp,libero_spatial,9,libero_spatial_t9_ep8,B0_random,0.04335231174181735,0.04833969785878574,0.234375,0.234375,0.5020299448517359,0.5145670572916666
libero_spatial_t09_ep008_s0048_pre_grasp,testB1,pre_grasp,libero_spatial,9,libero_spatial_t9_ep8,B0x_token_index,-0.35147631036850535,-0.3410791160162722,0.09375,0.09375,0.4134123620205514,0.3016764322916667
libero_spatial_t09_ep008_s0048_pre_grasp,testB1,pre_grasp,libero_spatial,9,libero_spatial_t9_ep8,B1_pred_norm_neg,0.7426377603570611,0.8301932124329029,0.75,0.75,0.902351005165728,0.944580078125
libero_spatial_t09_ep008_s0048_pre_grasp,testB1,pre_grasp,libero_spatial,9,libero_spatial_t9_ep8,B2_change_norm,0.9553680762188144,0.8545430156951918,0.875,0.875,0.9127704178410223,0.9833170572916666
libero_spatial_t09_ep008_s0048_pre_grasp,testB1,pre_grasp,libero_spatial,9,libero_spatial_t9_ep8,B3_cos_dist,0.9557364385442894,0.7406324448981164,0.875,0.875,0.9131212770253558,0.983642578125
libero_spatial_t09_ep008_s0048_pre_grasp,testB1,pre_grasp,libero_spatial,9,libero_spatial_t9_ep8,B4_linear_stats,0.9651500629434653,0.9158783785153903,0.890625,0.890625,0.9466315378344051,0.9884440104166666
libero_spatial_t09_ep008_s0064_manipulation,testB1,manipulation,libero_spatial,9,libero_spatial_t9_ep8,B0_random,-0.07530255779354543,-0.04207183415797957,0.203125,0.203125,0.5315209852513516,0.4827473958333333
libero_spatial_t09_ep008_s0064_manipulation,testB1,manipulation,libero_spatial,9,libero_spatial_t9_ep8,B0x_token_index,-0.43304102769512476,-0.414801001803872,0.078125,0.078125,0.4458348173455362,0.2920735677083333
libero_spatial_t09_ep008_s0064_manipulation,testB1,manipulation,libero_spatial,9,libero_spatial_t9_ep8,B1_pred_norm_neg,0.7513454165712978,0.819141159543891,0.796875,0.796875,0.9150893256684401,0.947021484375
libero_spatial_t09_ep008_s0064_manipulation,testB1,manipulation,libero_spatial,9,libero_spatial_t9_ep8,B2_change_norm,0.952028496223392,0.8412936802410076,0.890625,0.890625,0.9070426793761716,0.9749348958333334
libero_spatial_t09_ep008_s0064_manipulation,testB1,manipulation,libero_spatial,9,libero_spatial_t9_ep8,B3_cos_dist,0.9521171892881666,0.7300691502824522,0.890625,0.890625,0.9070359028870659,0.975341796875
libero_spatial_t09_ep008_s0064_manipulation,testB1,manipulation,libero_spatial,9,libero_spatial_t9_ep8,B4_linear_stats,0.9444995994506752,0.8867910911529294,0.875,0.875,0.94420862806287,0.962890625
libero_spatial_t09_ep009_s0024_approach,testB1,approach,libero_spatial,9,libero_spatial_t9_ep9,B0_random,-0.11871924353398947,-0.07511167378655016,0.21875,0.21875,0.4984346586413035,0.451171875
libero_spatial_t09_ep009_s0024_approach,testB1,approach,libero_spatial,9,libero_spatial_t9_ep9,B0x_token_index,-0.43408031013962006,-0.42611397143751134,0.171875,0.171875,0.5047691931956595,0.2652994791666667
libero_spatial_t09_ep009_s0024_approach,testB1,approach,libero_spatial,9,libero_spatial_t9_ep9,B1_pred_norm_neg,0.5998826962691691,0.7534162216625608,0.65625,0.65625,0.8733071401418679,0.8672688802083334
libero_spatial_t09_ep009_s0024_approach,testB1,approach,libero_spatial,9,libero_spatial_t9_ep9,B2_change_norm,0.9709987983520256,0.8398495693281985,0.890625,0.890625,0.9407363943091156,0.9835611979166666
libero_spatial_t09_ep009_s0024_approach,testB1,approach,libero_spatial,9,libero_spatial_t9_ep9,B3_cos_dist,0.9708178358892195,0.7204793792914198,0.890625,0.890625,0.9409482905377385,0.9834798177083334
libero_spatial_t09_ep009_s0024_approach,testB1,approach,libero_spatial,9,libero_spatial_t9_ep9,B4_linear_stats,0.9655527580682078,0.8636823063832414,0.875,0.875,0.8962724667493625,0.9754231770833334
libero_spatial_t09_ep009_s0048_pre_grasp,testB1,pre_grasp,libero_spatial,9,libero_spatial_t9_ep9,B0_random,0.078330281528954,0.06980334027192567,0.25,0.25,0.5215958848491905,0.5213216145833334
libero_spatial_t09_ep009_s0048_pre_grasp,testB1,pre_grasp,libero_spatial,9,libero_spatial_t9_ep9,B0x_token_index,-0.3737761787594415,-0.3534093902274102,0.125,0.125,0.429632575980845,0.339111328125
libero_spatial_t09_ep009_s0048_pre_grasp,testB1,pre_grasp,libero_spatial,9,libero_spatial_t9_ep9,B1_pred_norm_neg,0.66606703479057,0.7387485893721828,0.6875,0.6875,0.8654971912263542,0.912353515625
libero_spatial_t09_ep009_s0048_pre_grasp,testB1,pre_grasp,libero_spatial,9,libero_spatial_t9_ep9,B2_change_norm,0.9411907759212634,0.8141886206371435,0.828125,0.828125,0.8837804708274329,0.9618326822916666
libero_spatial_t09_ep009_s0048_pre_grasp,testB1,pre_grasp,libero_spatial,9,libero_spatial_t9_ep9,B3_cos_dist,0.9414260986495766,0.729115361819713,0.828125,0.828125,0.8867514207305054,0.9619954427083334
libero_spatial_t09_ep009_s0048_pre_grasp,testB1,pre_grasp,libero_spatial,9,libero_spatial_t9_ep9,B4_linear_stats,0.9527959773403525,0.8678912065023048,0.859375,0.859375,0.9215482930444392,0.96923828125
libero_spatial_t09_ep009_s0072_manipulation,testB1,manipulation,libero_spatial,9,libero_spatial_t9_ep9,B0_random,0.04450102998397803,0.01701719991985563,0.28125,0.28125,0.6131500987492337,0.5074869791666666
libero_spatial_t09_ep009_s0072_manipulation,testB1,manipulation,libero_spatial,9,libero_spatial_t9_ep9,B0x_token_index,-0.3790455481803616,-0.36326495126792857,0.140625,0.140625,0.574084436934991,0.2958170572916667
libero_spatial_t09_ep009_s0072_manipulation,testB1,manipulation,libero_spatial,9,libero_spatial_t9_ep9,B1_pred_norm_neg,0.6437914854657817,0.6942251523934067,0.703125,0.703125,0.8877185702926027,0.9100748697916666
libero_spatial_t09_ep009_s0072_manipulation,testB1,manipulation,libero_spatial,9,libero_spatial_t9_ep9,B2_change_norm,0.9393174925612269,0.7310012031531175,0.828125,0.828125,0.8952308621657911,0.9576009114583334
libero_spatial_t09_ep009_s0072_manipulation,testB1,manipulation,libero_spatial,9,libero_spatial_t9_ep9,B3_cos_dist,0.9396050297550927,0.6014082962692795,0.828125,0.828125,0.8988429446850629,0.9584147135416666
libero_spatial_t09_ep009_s0072_manipulation,testB1,manipulation,libero_spatial,9,libero_spatial_t9_ep9,B4_linear_stats,0.889254549095903,0.8508133643378927,0.78125,0.78125,0.9169797023840687,0.9138997395833334
libero_goal_t05_ep000_s0040_approach,testB2,approach,libero_goal,5,libero_goal_t5_ep0,B0_random,-0.020757753490501258,0.025126133292291762,0.25,0.25,0.6680673620913793,0.5166015625
libero_goal_t05_ep000_s0040_approach,testB2,approach,libero_goal,5,libero_goal_t5_ep0,B0x_token_index,-0.0071905756466010525,0.02912656776194832,0.21875,0.21875,0.6246595336285948,0.5371907552083334
libero_goal_t05_ep000_s0040_approach,testB2,approach,libero_goal,5,libero_goal_t5_ep0,B1_pred_norm_neg,0.6642080567635614,0.6560350917349987,0.65625,0.65625,0.8852231972895115,0.8611653645833334
libero_goal_t05_ep000_s0040_approach,testB2,approach,libero_goal,5,libero_goal_t5_ep0,B2_change_norm,0.8268224994277866,0.6570092676692861,0.65625,0.65625,0.8516164832775585,0.8920084635416666
libero_goal_t05_ep000_s0040_approach,testB2,approach,libero_goal,5,libero_goal_t5_ep0,B3_cos_dist,0.8280363069352255,0.5394232636920404,0.65625,0.65625,0.8528409791039028,0.8926595052083334
libero_goal_t05_ep000_s0040_approach,testB2,approach,libero_goal,5,libero_goal_t5_ep0,B4_linear_stats,0.8503168631265736,0.7775239617435656,0.625,0.625,0.8852736660875511,0.9100748697916666
libero_goal_t05_ep001_s0048_approach,testB2,approach,libero_goal,5,libero_goal_t5_ep1,B0_random,0.046279182879377434,0.0424168932345233,0.28125,0.28125,0.6358459045034531,0.5596516927083334
libero_goal_t05_ep001_s0048_approach,testB2,approach,libero_goal,5,libero_goal_t5_ep1,B0x_token_index,0.04272931448844129,0.04170360691780057,0.21875,0.21875,0.6211606716868713,0.552978515625
libero_goal_t05_ep001_s0048_approach,testB2,approach,libero_goal,5,libero_goal_t5_ep1,B1_pred_norm_neg,0.626886158159762,0.670225711037691,0.625,0.625,0.8884388032504745,0.8527018229166666
libero_goal_t05_ep001_s0048_approach,testB2,approach,libero_goal,5,libero_goal_t5_ep1,B2_change_norm,0.8902773804074159,0.7070889842004066,0.703125,0.703125,0.869745646597819,0.9309895833333334
libero_goal_t05_ep001_s0048_approach,testB2,approach,libero_goal,5,libero_goal_t5_ep1,B3_cos_dist,0.8905656328679331,0.6059988073415442,0.703125,0.703125,0.8698251804230088,0.9312337239583334
libero_goal_t05_ep001_s0048_approach,testB2,approach,libero_goal,5,libero_goal_t5_ep1,B4_linear_stats,0.8929596303501945,0.7915523531641759,0.6875,0.6875,0.8904986979209211,0.931396484375
libero_goal_t05_ep002_s0024_approach,testB2,approach,libero_goal,5,libero_goal_t5_ep2,B0_random,0.0512817578393225,0.06887350143216055,0.328125,0.328125,0.6106703530047485,0.5708821614583334
libero_goal_t05_ep002_s0024_approach,testB2,approach,libero_goal,5,libero_goal_t5_ep2,B0x_token_index,-0.24499098764019225,-0.2332361221795977,0.140625,0.140625,0.5677109478231206,0.344970703125
libero_goal_t05_ep002_s0024_approach,testB2,approach,libero_goal,5,libero_goal_t5_ep2,B1_pred_norm_neg,0.5702792401007095,0.6367471545024765,0.65625,0.65625,0.8576970047143097,0.8246256510416666
libero_goal_t05_ep002_s0024_approach,testB2,approach,libero_goal,5,libero_goal_t5_ep2,B2_change_norm,0.8864142252231632,0.770925954260495,0.75,0.75,0.8863196652012069,0.9413248697916666
libero_goal_t05_ep002_s0024_approach,testB2,approach,libero_goal,5,libero_goal_t5_ep2,B3_cos_dist,0.886926356145571,0.7148206747598839,0.75,0.75,0.8870966632066493,0.94189453125
libero_goal_t05_ep002_s0024_approach,testB2,approach,libero_goal,5,libero_goal_t5_ep2,B4_linear_stats,0.8627324616617075,0.7752944045067228,0.6875,0.6875,0.8966039277856731,0.91552734375
libero_goal_t05_ep003_s0088_approach,testB2,approach,libero_goal,5,libero_goal_t5_ep3,B0_random,-0.027695840009155412,0.027399863053016567,0.25,0.25,0.5664778427458705,0.4852701822916667
libero_goal_t05_ep003_s0088_approach,testB2,approach,libero_goal,5,libero_goal_t5_ep3,B0x_token_index,0.06126401922636759,0.06091811434509144,0.234375,0.234375,0.5731884776384868,0.5563151041666666
libero_goal_t05_ep003_s0088_approach,testB2,approach,libero_goal,5,libero_goal_t5_ep3,B1_pred_norm_neg,0.6316147859922179,0.6574684435592284,0.6875,0.6875,0.8322246176114766,0.8566080729166666
libero_goal_t05_ep003_s0088_approach,testB2,approach,libero_goal,5,libero_goal_t5_ep3,B2_change_norm,0.9093506809338522,0.8346167505715807,0.765625,0.765625,0.9073782678238166,0.9407552083333334
libero_goal_t05_ep003_s0088_approach,testB2,approach,libero_goal,5,libero_goal_t5_ep3,B3_cos_dist,0.9100902666514077,0.7569876570382823,0.765625,0.765625,0.9074027541405613,0.9415690104166666
libero_goal_t05_ep003_s0088_approach,testB2,approach,libero_goal,5,libero_goal_t5_ep3,B4_linear_stats,0.8972412165255207,0.7884679628028984,0.78125,0.78125,0.8613884943233379,0.927001953125
libero_goal_t05_ep004_s0048_approach,testB2,approach,libero_goal,5,libero_goal_t5_ep4,B0_random,-0.08245093270771343,-0.03406543655330601,0.234375,0.234375,0.5997269516192184,0.5188802083333334
libero_goal_t05_ep004_s0048_approach,testB2,approach,libero_goal,5,libero_goal_t5_ep4,B0x_token_index,0.0008554589150835431,0.016649274204881846,0.171875,0.171875,0.5712081481525838,0.508544921875
libero_goal_t05_ep004_s0048_approach,testB2,approach,libero_goal,5,libero_goal_t5_ep4,B1_pred_norm_neg,0.6557042515449759,0.7126046930478777,0.734375,0.734375,0.9084580753921229,0.8917643229166666
libero_goal_t05_ep004_s0048_approach,testB2,approach,libero_goal,5,libero_goal_t5_ep4,B2_change_norm,0.8992675669489586,0.7376821403778695,0.78125,0.78125,0.8733488561771015,0.935302734375
libero_goal_t05_ep004_s0048_approach,testB2,approach,libero_goal,5,libero_goal_t5_ep4,B3_cos_dist,0.8998254749370566,0.6158622366060071,0.78125,0.78125,0.8735573629875685,0.9356282552083334
libero_goal_t05_ep004_s0048_approach,testB2,approach,libero_goal,5,libero_goal_t5_ep4,B4_linear_stats,0.9162308308537422,0.8385264137585052,0.75,0.75,0.913179834699481,0.9413248697916666
libero_goal_t05_ep005_s0032_approach,testB2,approach,libero_goal,5,libero_goal_t5_ep5,B0_random,-0.030712834744792857,-0.022003903953697737,0.21875,0.21875,0.6112551844691355,0.4886881510416667
libero_goal_t05_ep005_s0032_approach,testB2,approach,libero_goal,5,libero_goal_t5_ep5,B0x_token_index,-0.1378261615930419,-0.09609630055095256,0.109375,0.109375,0.5750505847790549,0.45166015625
libero_goal_t05_ep005_s0032_approach,testB2,approach,libero_goal,5,libero_goal_t5_ep5,B1_pred_norm_neg,0.6778882467383841,0.7285331850362021,0.71875,0.71875,0.9118300217542188,0.8798828125
libero_goal_t05_ep005_s0032_approach,testB2,approach,libero_goal,5,libero_goal_t5_ep5,B2_change_norm,0.8561155298695353,0.6708338819046796,0.65625,0.65625,0.843401134305788,0.895263671875
libero_goal_t05_ep005_s0032_approach,testB2,approach,libero_goal,5,libero_goal_t5_ep5,B3_cos_dist,0.8568744277866789,0.5937929328779706,0.671875,0.671875,0.8469373082414197,0.8964029947916666
libero_goal_t05_ep005_s0032_approach,testB2,approach,libero_goal,5,libero_goal_t5_ep5,B4_linear_stats,0.8750779640650035,0.7816392001792285,0.703125,0.703125,0.9019592446223825,0.9182942708333334
libero_goal_t05_ep006_s0024_approach,testB2,approach,libero_goal,5,libero_goal_t5_ep6,B0_random,0.08533417257953765,0.10574996457546913,0.203125,0.203125,0.6803608665962266,0.509765625
libero_goal_t05_ep006_s0024_approach,testB2,approach,libero_goal,5,libero_goal_t5_ep6,B0x_token_index,-0.15079036964980544,-0.12389466289547953,0.171875,0.171875,0.6590323453566357,0.383056640625
libero_goal_t05_ep006_s0024_approach,testB2,approach,libero_goal,5,libero_goal_t5_ep6,B1_pred_norm_neg,0.5143840123598077,0.4985728177061355,0.578125,0.578125,0.8464742147706316,0.739501953125
libero_goal_t05_ep006_s0024_approach,testB2,approach,libero_goal,5,libero_goal_t5_ep6,B2_change_norm,0.8006609063859007,0.6043372884857825,0.625,0.625,0.8497411325653021,0.8955891927083334
libero_goal_t05_ep006_s0024_approach,testB2,approach,libero_goal,5,libero_goal_t5_ep6,B3_cos_dist,0.8000536449988556,0.5222125751503335,0.625,0.625,0.8519343289952162,0.8948567708333334
libero_goal_t05_ep006_s0024_approach,testB2,approach,libero_goal,5,libero_goal_t5_ep6,B4_linear_stats,0.782620450904097,0.6947984336728549,0.625,0.625,0.8439789313184771,0.8727213541666666
libero_goal_t05_ep007_s0024_approach,testB2,approach,libero_goal,5,libero_goal_t5_ep7,B0_random,-0.0021007381551842526,0.02290623178855818,0.28125,0.28125,0.6670328283709824,0.4720052083333333
libero_goal_t05_ep007_s0024_approach,testB2,approach,libero_goal,5,libero_goal_t5_ep7,B0x_token_index,-0.2128290226596475,-0.17871244088917537,0.171875,0.171875,0.6102891549776188,0.38232421875
libero_goal_t05_ep007_s0024_approach,testB2,approach,libero_goal,5,libero_goal_t5_ep7,B1_pred_norm_neg,0.5735258354314489,0.6364919980805545,0.640625,0.640625,0.9001589614371089,0.8218587239583334
libero_goal_t05_ep007_s0024_approach,testB2,approach,libero_goal,5,libero_goal_t5_ep7,B2_change_norm,0.8383661879148546,0.6933914300189424,0.671875,0.671875,0.8557453535798063,0.9144694010416666
libero_goal_t05_ep007_s0024_approach,testB2,approach,libero_goal,5,libero_goal_t5_ep7,B3_cos_dist,0.8386937800411993,0.6262445053967729,0.671875,0.671875,0.8558477980175003,0.9148763020833334
libero_goal_t05_ep007_s0024_approach,testB2,approach,libero_goal,5,libero_goal_t5_ep7,B4_linear_stats,0.8432907988097963,0.774170659589681,0.671875,0.671875,0.8988259151602026,0.9192708333333334
libero_goal_t05_ep008_s0040_approach,testB2,approach,libero_goal,5,libero_goal_t5_ep8,B0_random,-0.022569523918516823,-0.009994094841770022,0.203125,0.203125,0.6159114461305677,0.5096842447916666
libero_goal_t05_ep008_s0040_approach,testB2,approach,libero_goal,5,libero_goal_t5_ep8,B0x_token_index,-0.0875751029983978,-0.025177800565905774,0.140625,0.140625,0.613316286232121,0.5004069010416666
libero_goal_t05_ep008_s0040_approach,testB2,approach,libero_goal,5,libero_goal_t5_ep8,B1_pred_norm_neg,0.6860494392309453,0.6721739079296105,0.703125,0.703125,0.883986350099524,0.8695475260416666
libero_goal_t05_ep008_s0040_approach,testB2,approach,libero_goal,5,libero_goal_t5_ep8,B2_change_norm,0.8313673037308309,0.6531740806540347,0.65625,0.65625,0.8605161063245443,0.8983561197916666
libero_goal_t05_ep008_s0040_approach,testB2,approach,libero_goal,5,libero_goal_t5_ep8,B3_cos_dist,0.8326025692378118,0.5681492940170149,0.65625,0.65625,0.8610938391916513,0.8990885416666666
libero_goal_t05_ep008_s0040_approach,testB2,approach,libero_goal,5,libero_goal_t5_ep8,B4_linear_stats,0.8524748226138704,0.7453535186662906,0.640625,0.640625,0.8618421910828449,0.9017740885416666
libero_goal_t05_ep009_s0120_approach,testB2,approach,libero_goal,5,libero_goal_t5_ep9,B0_random,-0.04061355573357748,-0.09043480990913194,0.1875,0.1875,0.4341375289070025,0.4442545572916667
libero_goal_t05_ep009_s0120_approach,testB2,approach,libero_goal,5,libero_goal_t5_ep9,B0x_token_index,-0.20961604486152438,-0.2088566807825354,0.03125,0.03125,0.36400147405579386,0.3463541666666667
libero_goal_t05_ep009_s0120_approach,testB2,approach,libero_goal,5,libero_goal_t5_ep9,B1_pred_norm_neg,0.7107132639047837,0.7975766896752519,0.8125,0.8125,0.9051062913265331,0.9368489583333334
libero_goal_t05_ep009_s0120_approach,testB2,approach,libero_goal,5,libero_goal_t5_ep9,B2_change_norm,0.9950503547722591,0.995440734798822,0.984375,0.984375,0.9979228102765793,0.9996744791666666
libero_goal_t05_ep009_s0120_approach,testB2,approach,libero_goal,5,libero_goal_t5_ep9,B3_cos_dist,0.9950646601052873,0.9630341846817759,0.984375,0.984375,0.9986283240933754,0.999755859375
libero_goal_t05_ep009_s0120_approach,testB2,approach,libero_goal,5,libero_goal_t5_ep9,B4_linear_stats,0.9782616159304188,0.8769495420477356,0.9375,0.9375,0.896333784668304,0.9937337239583334
libero_goal_t08_ep000_s0016_approach,testC,approach,libero_goal,8,libero_goal_t8_ep0,B0_random,0.038861867704280156,0.060599441865414105,0.3125,0.3125,0.6779406677349011,0.5408528645833334
libero_goal_t08_ep000_s0016_approach,testC,approach,libero_goal,8,libero_goal_t8_ep0,B0x_token_index,-0.2037344071869993,-0.14742478615692306,0.265625,0.265625,0.6704910289501378,0.41650390625
libero_goal_t08_ep000_s0016_approach,testC,approach,libero_goal,8,libero_goal_t8_ep0,B1_pred_norm_neg,0.46223249027237356,0.5045796990880194,0.53125,0.53125,0.8244721176357264,0.7488606770833334
libero_goal_t08_ep000_s0016_approach,testC,approach,libero_goal,8,libero_goal_t8_ep0,B2_change_norm,0.8760550183108263,0.6528123606095587,0.671875,0.671875,0.860562891723394,0.9070638020833334
libero_goal_t08_ep000_s0016_approach,testC,approach,libero_goal,8,libero_goal_t8_ep0,B3_cos_dist,0.8759570267795834,0.5425993974480193,0.671875,0.671875,0.8627136869911468,0.9075520833333334
libero_goal_t08_ep000_s0016_approach,testC,approach,libero_goal,8,libero_goal_t8_ep0,B4_linear_stats,0.8619435225452049,0.7884890413071642,0.6875,0.6875,0.8872009778304518,0.902099609375
libero_goal_t08_ep000_s0032_pre_grasp,testC,pre_grasp,libero_goal,8,libero_goal_t8_ep0,B0_random,-0.015039911879148547,-0.031333140466328985,0.265625,0.265625,0.6014520946241912,0.491455078125
libero_goal_t08_ep000_s0032_pre_grasp,testC,pre_grasp,libero_goal,8,libero_goal_t8_ep0,B0x_token_index,-0.12330124170290685,-0.12986812746781484,0.1875,0.1875,0.5649394624258994,0.425537109375
libero_goal_t08_ep000_s0032_pre_grasp,testC,pre_grasp,libero_goal,8,libero_goal_t8_ep0,B1_pred_norm_neg,0.5329280155642023,0.6554901263767021,0.65625,0.65625,0.8599969540084432,0.8697102864583334
libero_goal_t08_ep000_s0032_pre_grasp,testC,pre_grasp,libero_goal,8,libero_goal_t8_ep0,B2_change_norm,0.9239077878233005,0.8053465299524125,0.84375,0.84375,0.8987581974870636,0.9651692708333334
libero_goal_t08_ep000_s0032_pre_grasp,testC,pre_grasp,libero_goal,8,libero_goal_t8_ep0,B3_cos_dist,0.9239063572899977,0.716909575171774,0.84375,0.84375,0.899636968158141,0.9654947916666666
libero_goal_t08_ep000_s0032_pre_grasp,testC,pre_grasp,libero_goal,8,libero_goal_t8_ep0,B4_linear_stats,0.9194953078507667,0.8702660882943305,0.84375,0.84375,0.9070333815941535,0.9680989583333334
libero_goal_t08_ep000_s0056_manipulation,testC,manipulation,libero_goal,8,libero_goal_t8_ep0,B0_random,0.057395857175555044,0.036774767693341814,0.359375,0.359375,0.605479352764877,0.525634765625
libero_goal_t08_ep000_s0056_manipulation,testC,manipulation,libero_goal,8,libero_goal_t8_ep0,B0x_token_index,-0.10268725680933852,-0.11604817451039653,0.21875,0.21875,0.5841634427916533,0.441650390625
libero_goal_t08_ep000_s0056_manipulation,testC,manipulation,libero_goal,8,libero_goal_t8_ep0,B1_pred_norm_neg,0.5137209601739529,0.6404293479701966,0.671875,0.671875,0.858483046035123,0.83984375
libero_goal_t08_ep000_s0056_manipulation,testC,manipulation,libero_goal,8,libero_goal_t8_ep0,B2_change_norm,0.9386758983749142,0.7893881230064481,0.765625,0.765625,0.8763082698525921,0.9506022135416666
libero_goal_t08_ep000_s0056_manipulation,testC,manipulation,libero_goal,8,libero_goal_t8_ep0,B3_cos_dist,0.9391415369649806,0.6955882197591997,0.765625,0.765625,0.8802358256606232,0.9508463541666666
libero_goal_t08_ep000_s0056_manipulation,testC,manipulation,libero_goal,8,libero_goal_t8_ep0,B4_linear_stats,0.9433215552758069,0.853089080962021,0.78125,0.78125,0.9012994802878663,0.9539388020833334
libero_goal_t08_ep001_s0016_approach,testC,approach,libero_goal,8,libero_goal_t8_ep1,B0_random,-0.06034919317921721,-0.08344468164470338,0.203125,0.203125,0.592065137319501,0.47998046875
libero_goal_t08_ep001_s0016_approach,testC,approach,libero_goal,8,libero_goal_t8_ep1,B0x_token_index,-0.11972490844586862,-0.07963681486342454,0.25,0.25,0.6884281124583391,0.4189453125
libero_goal_t08_ep001_s0016_approach,testC,approach,libero_goal,8,libero_goal_t8_ep1,B1_pred_norm_neg,0.3679038395513848,0.4589609818468584,0.53125,0.53125,0.8285844381823904,0.7406412760416666
libero_goal_t08_ep001_s0016_approach,testC,approach,libero_goal,8,libero_goal_t8_ep1,B2_change_norm,0.8232347219043259,0.6079900912836868,0.609375,0.609375,0.8269869464747863,0.8893229166666666
libero_goal_t08_ep001_s0016_approach,testC,approach,libero_goal,8,libero_goal_t8_ep1,B3_cos_dist,0.8226889734493019,0.508748915979189,0.609375,0.609375,0.8272224890802656,0.889404296875
libero_goal_t08_ep001_s0016_approach,testC,approach,libero_goal,8,libero_goal_t8_ep1,B4_linear_stats,0.8067828736552987,0.7269648619099399,0.59375,0.59375,0.8552760909735754,0.890380859375
libero_goal_t08_ep001_s0032_pre_grasp,testC,pre_grasp,libero_goal,8,libero_goal_t8_ep1,B0_random,-0.05942864499885557,-0.06519532529703048,0.234375,0.234375,0.6020402771910823,0.4515787760416667
libero_goal_t08_ep001_s0032_pre_grasp,testC,pre_grasp,libero_goal,8,libero_goal_t8_ep1,B0x_token_index,-0.1103949702449073,-0.05243994651222476,0.25,0.25,0.6024709480462723,0.51025390625
libero_goal_t08_ep001_s0032_pre_grasp,testC,pre_grasp,libero_goal,8,libero_goal_t8_ep1,B1_pred_norm_neg,0.49576347562371254,0.580080732223853,0.640625,0.640625,0.8537564226188077,0.8251953125
libero_goal_t08_ep001_s0032_pre_grasp,testC,pre_grasp,libero_goal,8,libero_goal_t8_ep1,B2_change_norm,0.924407043945983,0.7403291295897751,0.640625,0.640625,0.8554232959802963,0.9173177083333334
libero_goal_t08_ep001_s0032_pre_grasp,testC,pre_grasp,libero_goal,8,libero_goal_t8_ep1,B3_cos_dist,0.9245307850766766,0.6378367188514528,0.640625,0.640625,0.8563499716104083,0.9175618489583334
libero_goal_t08_ep001_s0032_pre_grasp,testC,pre_grasp,libero_goal,8,libero_goal_t8_ep1,B4_linear_stats,0.9292029068436714,0.8265747134262698,0.640625,0.640625,0.900817195289645,0.923828125
libero_goal_t08_ep001_s0056_manipulation,testC,manipulation,libero_goal,8,libero_goal_t8_ep1,B0_random,0.06502775234607462,0.04864768101907338,0.203125,0.203125,0.5710235412719319,0.5297037760416666
libero_goal_t08_ep001_s0056_manipulation,testC,manipulation,libero_goal,8,libero_goal_t8_ep1,B0x_token_index,-0.1628554875257496,-0.15379686950858049,0.21875,0.21875,0.6037797694443662,0.4138997395833333
libero_goal_t08_ep001_s0056_manipulation,testC,manipulation,libero_goal,8,libero_goal_t8_ep1,B1_pred_norm_neg,0.545771343556878,0.6630684984060511,0.71875,0.71875,0.8862265591313961,0.864990234375
libero_goal_t08_ep001_s0056_manipulation,testC,manipulation,libero_goal,8,libero_goal_t8_ep1,B2_change_norm,0.9343270771343557,0.8274352731102823,0.859375,0.859375,0.9314409774871281,0.966796875
libero_goal_t08_ep001_s0056_manipulation,testC,manipulation,libero_goal,8,libero_goal_t8_ep1,B3_cos_dist,0.9342054818036164,0.6896390166602309,0.875,0.875,0.9317525819434267,0.9674479166666666
libero_goal_t08_ep001_s0056_manipulation,testC,manipulation,libero_goal,8,libero_goal_t8_ep1,B4_linear_stats,0.9372603856717784,0.8981147834445631,0.890625,0.890625,0.9235038712275965,0.9712727864583334
libero_goal_t08_ep002_s0016_approach,testC,approach,libero_goal,8,libero_goal_t8_ep2,B0_random,0.027004177157244222,0.07091937420664611,0.296875,0.296875,0.6272963871642679,0.560546875
libero_goal_t08_ep002_s0016_approach,testC,approach,libero_goal,8,libero_goal_t8_ep2,B0x_token_index,-0.25331812199588005,-0.22904827677127332,0.234375,0.234375,0.5550191044045953,0.3681640625
libero_goal_t08_ep002_s0016_approach,testC,approach,libero_goal,8,libero_goal_t8_ep2,B1_pred_norm_neg,0.5630178530556191,0.6368179367628557,0.671875,0.671875,0.8349366289351624,0.8392740885416666
libero_goal_t08_ep002_s0016_approach,testC,approach,libero_goal,8,libero_goal_t8_ep2,B2_change_norm,0.9184352826733806,0.7703623203090499,0.75,0.75,0.8654588548067259,0.94580078125
libero_goal_t08_ep002_s0016_approach,testC,approach,libero_goal,8,libero_goal_t8_ep2,B3_cos_dist,0.9184624628061341,0.6801196345404369,0.75,0.75,0.8656050482852835,0.9461263020833334
libero_goal_t08_ep002_s0016_approach,testC,approach,libero_goal,8,libero_goal_t8_ep2,B4_linear_stats,0.9149783989471275,0.8339525957333128,0.734375,0.734375,0.8633863947666127,0.953857421875
libero_goal_t08_ep002_s0032_pre_grasp,testC,pre_grasp,libero_goal,8,libero_goal_t8_ep2,B0_random,-0.06081769283588922,-0.06165702917205554,0.203125,0.203125,0.6048472809371004,0.4674479166666667
libero_goal_t08_ep002_s0032_pre_grasp,testC,pre_grasp,libero_goal,8,libero_goal_t8_ep2,B0x_token_index,-0.09144398031586175,-0.050136049499275595,0.234375,0.234375,0.6304272179721954,0.4640299479166667
libero_goal_t08_ep002_s0032_pre_grasp,testC,pre_grasp,libero_goal,8,libero_goal_t8_ep2,B1_pred_norm_neg,0.4826898317692836,0.5129128178000308,0.59375,0.59375,0.836883467209207,0.79296875
libero_goal_t08_ep002_s0032_pre_grasp,testC,pre_grasp,libero_goal,8,libero_goal_t8_ep2,B2_change_norm,0.915625,0.6960461309226393,0.734375,0.734375,0.8686474963738741,0.9249674479166666
libero_goal_t08_ep002_s0032_pre_grasp,testC,pre_grasp,libero_goal,8,libero_goal_t8_ep2,B3_cos_dist,0.9163338292515449,0.5855978425954271,0.734375,0.734375,0.8705691067722112,0.9256184895833334
libero_goal_t08_ep002_s0032_pre_grasp,testC,pre_grasp,libero_goal,8,libero_goal_t8_ep2,B4_linear_stats,0.9195181963836118,0.8130335002667437,0.703125,0.703125,0.8841336337720509,0.9296875
libero_goal_t08_ep002_s0056_manipulation,testC,manipulation,libero_goal,8,libero_goal_t8_ep2,B0_random,0.05047422178988327,0.030562923060995062,0.25,0.25,0.5990795581249976,0.5099283854166666
libero_goal_t08_ep002_s0056_manipulation,testC,manipulation,libero_goal,8,libero_goal_t8_ep2,B0x_token_index,-0.20316934653238727,-0.21303672631556955,0.140625,0.140625,0.517729672948072,0.3558756510416667
libero_goal_t08_ep002_s0056_manipulation,testC,manipulation,libero_goal,8,libero_goal_t8_ep2,B1_pred_norm_neg,0.5725895513847562,0.6857982557068717,0.78125,0.78125,0.8758966106589997,0.9129231770833334
libero_goal_t08_ep002_s0056_manipulation,testC,manipulation,libero_goal,8,libero_goal_t8_ep2,B2_change_norm,0.957202735179675,0.8766330778870043,0.875,0.875,0.9325348803708121,0.9827473958333334
libero_goal_t08_ep002_s0056_manipulation,testC,manipulation,libero_goal,8,libero_goal_t8_ep2,B3_cos_dist,0.9574173151750973,0.7904800046825385,0.875,0.875,0.9323771609850866,0.9830729166666666
libero_goal_t08_ep002_s0056_manipulation,testC,manipulation,libero_goal,8,libero_goal_t8_ep2,B4_linear_stats,0.9557407301441978,0.9096733694420701,0.890625,0.890625,0.9310821971252408,0.9852701822916666
libero_goal_t08_ep003_s0016_approach,testC,approach,libero_goal,8,libero_goal_t8_ep3,B0_random,0.037685969329365986,0.045466096706743404,0.296875,0.296875,0.6267059999618934,0.53564453125
libero_goal_t08_ep003_s0016_approach,testC,approach,libero_goal,8,libero_goal_t8_ep3,B0x_token_index,-0.22212248226138703,-0.2032070738646256,0.203125,0.203125,0.6136459369561957,0.4068196614583333
libero_goal_t08_ep003_s0016_approach,testC,approach,libero_goal,8,libero_goal_t8_ep3,B1_pred_norm_neg,0.46701261730373084,0.5484221828624138,0.578125,0.578125,0.8390634358886057,0.7689615885416666
libero_goal_t08_ep003_s0016_approach,testC,approach,libero_goal,8,libero_goal_t8_ep3,B2_change_norm,0.9036807621881437,0.6745207988399743,0.6875,0.6875,0.8491518356242391,0.912841796875
libero_goal_t08_ep003_s0016_approach,testC,approach,libero_goal,8,libero_goal_t8_ep3,B3_cos_dist,0.9036399919890135,0.5766389662568856,0.6875,0.6875,0.8490511285454201,0.9129231770833334
libero_goal_t08_ep003_s0016_approach,testC,approach,libero_goal,8,libero_goal_t8_ep3,B4_linear_stats,0.8865150778210117,0.7957270253451926,0.703125,0.703125,0.8837742672834416,0.9114583333333334
libero_goal_t08_ep003_s0032_pre_grasp,testC,pre_grasp,libero_goal,8,libero_goal_t8_ep3,B0_random,-0.030796520943007555,-0.05562352814879586,0.234375,0.234375,0.5613202652599438,0.48583984375
libero_goal_t08_ep003_s0032_pre_grasp,testC,pre_grasp,libero_goal,8,libero_goal_t8_ep3,B0x_token_index,-0.0434224078736553,-0.02698578430621499,0.21875,0.21875,0.5728560416795377,0.4957682291666667
libero_goal_t08_ep003_s0032_pre_grasp,testC,pre_grasp,libero_goal,8,libero_goal_t8_ep3,B1_pred_norm_neg,0.5613441290913253,0.6786871224704173,0.71875,0.71875,0.870060420572596,0.873779296875
libero_goal_t08_ep003_s0032_pre_grasp,testC,pre_grasp,libero_goal,8,libero_goal_t8_ep3,B2_change_norm,0.9159575989929045,0.7658936122036226,0.765625,0.765625,0.9096072000668494,0.9357096354166666
libero_goal_t08_ep003_s0032_pre_grasp,testC,pre_grasp,libero_goal,8,libero_goal_t8_ep3,B3_cos_dist,0.916105659189746,0.706404160843361,0.765625,0.765625,0.910269711044146,0.9361165364583334
libero_goal_t08_ep003_s0032_pre_grasp,testC,pre_grasp,libero_goal,8,libero_goal_t8_ep3,B4_linear_stats,0.9224751087205311,0.7989946097132867,0.78125,0.78125,0.9027340013258918,0.9440104166666666
libero_goal_t08_ep003_s0048_manipulation,testC,manipulation,libero_goal,8,libero_goal_t8_ep3,B0_random,0.04772759784847791,0.028631695839210856,0.25,0.25,0.6648384922412999,0.4922688802083333
libero_goal_t08_ep003_s0048_manipulation,testC,manipulation,libero_goal,8,libero_goal_t8_ep3,B0x_token_index,-0.0460610265506981,-0.026462995349587945,0.21875,0.21875,0.6575630049340463,0.4571126302083333
libero_goal_t08_ep003_s0048_manipulation,testC,manipulation,libero_goal,8,libero_goal_t8_ep3,B1_pred_norm_neg,0.43181291485465784,0.502580602600055,0.609375,0.609375,0.8217016207326326,0.8052571614583334
libero_goal_t08_ep003_s0048_manipulation,testC,manipulation,libero_goal,8,libero_goal_t8_ep3,B2_change_norm,0.9209723334859236,0.7490580053131196,0.75,0.75,0.8939939282309198,0.9453125
libero_goal_t08_ep003_s0048_manipulation,testC,manipulation,libero_goal,8,libero_goal_t8_ep3,B3_cos_dist,0.9210281242847334,0.6589410798884269,0.75,0.75,0.8934269577832502,0.9453125
libero_goal_t08_ep003_s0048_manipulation,testC,manipulation,libero_goal,8,libero_goal_t8_ep3,B4_linear_stats,0.9135328450446326,0.8067424534779869,0.734375,0.734375,0.8763670503295616,0.9401041666666666
libero_goal_t08_ep004_s0016_approach,testC,approach,libero_goal,8,libero_goal_t8_ep4,B0_random,0.007921578164339665,0.04215809836194511,0.265625,0.265625,0.6802563908022116,0.4845377604166667
libero_goal_t08_ep004_s0016_approach,testC,approach,libero_goal,8,libero_goal_t8_ep4,B0x_token_index,-0.15845302128633554,-0.12348648715915649,0.28125,0.28125,0.6454086989442764,0.454833984375
libero_goal_t08_ep004_s0016_approach,testC,approach,libero_goal,8,libero_goal_t8_ep4,B1_pred_norm_neg,0.485912108033875,0.5331416978196762,0.546875,0.546875,0.8171314734664245,0.7674153645833334
libero_goal_t08_ep004_s0016_approach,testC,approach,libero_goal,8,libero_goal_t8_ep4,B2_change_norm,0.8631265735866331,0.6134079374056242,0.625,0.625,0.8344085440638154,0.8988444010416666
libero_goal_t08_ep004_s0016_approach,testC,approach,libero_goal,8,libero_goal_t8_ep4,B3_cos_dist,0.86279468986038,0.5034431397274873,0.625,0.625,0.8345312103148466,0.8992513020833334
libero_goal_t08_ep004_s0016_approach,testC,approach,libero_goal,8,libero_goal_t8_ep4,B4_linear_stats,0.833101110093843,0.7220344847858031,0.671875,0.671875,0.8524412450643277,0.90869140625
libero_goal_t08_ep004_s0032_pre_grasp,testC,pre_grasp,libero_goal,8,libero_goal_t8_ep4,B0_random,0.008784189745937285,0.025328944870876342,0.296875,0.296875,0.6264178896091044,0.55322265625
libero_goal_t08_ep004_s0032_pre_grasp,testC,pre_grasp,libero_goal,8,libero_goal_t8_ep4,B0x_token_index,-0.05058294232089723,-0.02046566925255918,0.234375,0.234375,0.6251425120854966,0.5004069010416666
libero_goal_t08_ep004_s0032_pre_grasp,testC,pre_grasp,libero_goal,8,libero_goal_t8_ep4,B1_pred_norm_neg,0.4739728770885786,0.5552802402892507,0.65625,0.65625,0.8415982575694301,0.8453776041666666
libero_goal_t08_ep004_s0032_pre_grasp,testC,pre_grasp,libero_goal,8,libero_goal_t8_ep4,B2_change_norm,0.8914246681162737,0.6397986075686803,0.71875,0.71875,0.8323378799169672,0.91650390625
libero_goal_t08_ep004_s0032_pre_grasp,testC,pre_grasp,libero_goal,8,libero_goal_t8_ep4,B3_cos_dist,0.8918667029068437,0.525134078554091,0.71875,0.71875,0.8325829667539789,0.917236328125
libero_goal_t08_ep004_s0032_pre_grasp,testC,pre_grasp,libero_goal,8,libero_goal_t8_ep4,B4_linear_stats,0.904244392309453,0.7751392872984761,0.71875,0.71875,0.8769651324540715,0.9305826822916666
libero_goal_t08_ep004_s0056_manipulation,testC,manipulation,libero_goal,8,libero_goal_t8_ep4,B0_random,-0.07499499313344014,-0.06578637720194619,0.234375,0.234375,0.5577334489241326,0.47802734375
libero_goal_t08_ep004_s0056_manipulation,testC,manipulation,libero_goal,8,libero_goal_t8_ep4,B0x_token_index,-0.19114642938887616,-0.17948617583602183,0.171875,0.171875,0.581462895455615,0.38720703125
libero_goal_t08_ep004_s0056_manipulation,testC,manipulation,libero_goal,8,libero_goal_t8_ep4,B1_pred_norm_neg,0.537461375600824,0.6431113198235028,0.671875,0.671875,0.8646920241835422,0.8644205729166666
libero_goal_t08_ep004_s0056_manipulation,testC,manipulation,libero_goal,8,libero_goal_t8_ep4,B2_change_norm,0.9372253376058595,0.7550575377074213,0.828125,0.828125,0.894365231727424,0.9607747395833334
libero_goal_t08_ep004_s0056_manipulation,testC,manipulation,libero_goal,8,libero_goal_t8_ep4,B3_cos_dist,0.93744921606775,0.5869675008918419,0.84375,0.84375,0.8971186508292277,0.961181640625
libero_goal_t08_ep004_s0056_manipulation,testC,manipulation,libero_goal,8,libero_goal_t8_ep4,B4_linear_stats,0.9373691062027923,0.872899894815809,0.796875,0.796875,0.8989641224931574,0.9628092447916666
libero_goal_t08_ep005_s0016_approach,testC,approach,libero_goal,8,libero_goal_t8_ep5,B0_random,-0.01977640764476997,-0.0198880912235048,0.296875,0.296875,0.6217233899686865,0.496826171875
libero_goal_t08_ep005_s0016_approach,testC,approach,libero_goal,8,libero_goal_t8_ep5,B0x_token_index,-0.21388976310368504,-0.1504476814842006,0.28125,0.28125,0.6416500558752601,0.4300944010416667
libero_goal_t08_ep005_s0016_approach,testC,approach,libero_goal,8,libero_goal_t8_ep5,B1_pred_norm_neg,0.4791800183108263,0.5186827596120369,0.578125,0.578125,0.8212460735122379,0.7803548177083334
libero_goal_t08_ep005_s0016_approach,testC,approach,libero_goal,8,libero_goal_t8_ep5,B2_change_norm,0.8775613698786908,0.6771579124599181,0.6875,0.6875,0.8658547709207863,0.9207356770833334
libero_goal_t08_ep005_s0016_approach,testC,approach,libero_goal,8,libero_goal_t8_ep5,B3_cos_dist,0.8776522087434195,0.581771897957851,0.6875,0.6875,0.8659580372862427,0.9208984375
libero_goal_t08_ep005_s0016_approach,testC,approach,libero_goal,8,libero_goal_t8_ep5,B4_linear_stats,0.8569295033188372,0.7666766963517098,0.6875,0.6875,0.8713673219706523,0.9073893229166666
libero_goal_t08_ep005_s0032_pre_grasp,testC,pre_grasp,libero_goal,8,libero_goal_t8_ep5,B0_random,0.014101482032501717,-0.05074464164282291,0.25,0.25,0.5828094992011231,0.4908854166666667
libero_goal_t08_ep005_s0032_pre_grasp,testC,pre_grasp,libero_goal,8,libero_goal_t8_ep5,B0x_token_index,-0.17123054474708171,-0.1557109959392107,0.203125,0.203125,0.5779730735999472,0.44189453125
libero_goal_t08_ep005_s0032_pre_grasp,testC,pre_grasp,libero_goal,8,libero_goal_t8_ep5,B1_pred_norm_neg,0.5020170519569696,0.6051988261989772,0.578125,0.578125,0.8659353781380663,0.8003743489583334
libero_goal_t08_ep005_s0032_pre_grasp,testC,pre_grasp,libero_goal,8,libero_goal_t8_ep5,B2_change_norm,0.9339894712748913,0.7716215231889554,0.71875,0.71875,0.88112011423324,0.9378255208333334
libero_goal_t08_ep005_s0032_pre_grasp,testC,pre_grasp,libero_goal,8,libero_goal_t8_ep5,B3_cos_dist,0.934103198672465,0.6728065057461654,0.71875,0.71875,0.8806939994023334,0.9383138020833334
libero_goal_t08_ep005_s0032_pre_grasp,testC,pre_grasp,libero_goal,8,libero_goal_t8_ep5,B4_linear_stats,0.9315296692607004,0.8482445034393533,0.703125,0.703125,0.9070497001767137,0.93798828125
libero_goal_t08_ep005_s0056_manipulation,testC,manipulation,libero_goal,8,libero_goal_t8_ep5,B0_random,-0.07263962005035478,-0.035187422464729924,0.203125,0.203125,0.5822577180358256,0.489990234375
libero_goal_t08_ep005_s0056_manipulation,testC,manipulation,libero_goal,8,libero_goal_t8_ep5,B0x_token_index,-0.12887746051728083,-0.11404149978082939,0.171875,0.171875,0.5773931266497143,0.38134765625
libero_goal_t08_ep005_s0056_manipulation,testC,manipulation,libero_goal,8,libero_goal_t8_ep5,B1_pred_norm_neg,0.5191977569237812,0.6282091862949245,0.703125,0.703125,0.8586340278430801,0.8607584635416666
libero_goal_t08_ep005_s0056_manipulation,testC,manipulation,libero_goal,8,libero_goal_t8_ep5,B2_change_norm,0.9516529812314031,0.8452052974505748,0.84375,0.84375,0.9208499804298239,0.9710286458333334
libero_goal_t08_ep005_s0056_manipulation,testC,manipulation,libero_goal,8,libero_goal_t8_ep5,B3_cos_dist,0.9520292114900435,0.7668267900308475,0.84375,0.84375,0.921070707997194,0.9715983072916666
libero_goal_t08_ep005_s0056_manipulation,testC,manipulation,libero_goal,8,libero_goal_t8_ep5,B4_linear_stats,0.9510450045777066,0.8861571016143782,0.828125,0.828125,0.9164920334862356,0.9754231770833334
libero_goal_t08_ep006_s0016_approach,testC,approach,libero_goal,8,libero_goal_t8_ep6,B0_random,-0.04370136186770428,-0.0721604799250231,0.21875,0.21875,0.5941651412643955,0.435546875
libero_goal_t08_ep006_s0016_approach,testC,approach,libero_goal,8,libero_goal_t8_ep6,B0x_token_index,-0.23711375600823986,-0.20961962045566485,0.203125,0.203125,0.6043879796615698,0.3802897135416667
libero_goal_t08_ep006_s0016_approach,testC,approach,libero_goal,8,libero_goal_t8_ep6,B1_pred_norm_neg,0.4507460231174182,0.5883393317235279,0.609375,0.609375,0.8548387809195673,0.8180338541666666
libero_goal_t08_ep006_s0016_approach,testC,approach,libero_goal,8,libero_goal_t8_ep6,B2_change_norm,0.8498819810025178,0.6877477074909489,0.75,0.75,0.888478658804408,0.9419759114583334
libero_goal_t08_ep006_s0016_approach,testC,approach,libero_goal,8,libero_goal_t8_ep6,B3_cos_dist,0.8492110608834974,0.591440587735378,0.75,0.75,0.8889153166678893,0.9423828125
libero_goal_t08_ep006_s0016_approach,testC,approach,libero_goal,8,libero_goal_t8_ep6,B4_linear_stats,0.8090445468070496,0.7604592316864042,0.734375,0.734375,0.8897042724403412,0.917724609375
libero_goal_t08_ep006_s0032_pre_grasp,testC,pre_grasp,libero_goal,8,libero_goal_t8_ep6,B0_random,-0.043167772945754176,-0.020480700501371747,0.203125,0.203125,0.5844802612577132,0.46533203125
libero_goal_t08_ep006_s0032_pre_grasp,testC,pre_grasp,libero_goal,8,libero_goal_t8_ep6,B0x_token_index,-0.07537766079194323,-0.059566310311411186,0.203125,0.203125,0.6168658002919221,0.4310709635416667
libero_goal_t08_ep006_s0032_pre_grasp,testC,pre_grasp,libero_goal,8,libero_goal_t8_ep6,B1_pred_norm_neg,0.47191863126573586,0.5878617087388724,0.625,0.625,0.8589097344145207,0.8182779947916666
libero_goal_t08_ep006_s0032_pre_grasp,testC,pre_grasp,libero_goal,8,libero_goal_t8_ep6,B2_change_norm,0.9153403238727398,0.755334424047446,0.734375,0.734375,0.8759181322666676,0.9407552083333334
libero_goal_t08_ep006_s0032_pre_grasp,testC,pre_grasp,libero_goal,8,libero_goal_t8_ep6,B3_cos_dist,0.9154089894712749,0.6754521916211983,0.734375,0.734375,0.8759475923826047,0.94091796875
libero_goal_t08_ep006_s0032_pre_grasp,testC,pre_grasp,libero_goal,8,libero_goal_t8_ep6,B4_linear_stats,0.9121602483405814,0.8030757578329406,0.734375,0.734375,0.9038541162716544,0.9439290364583334
libero_goal_t08_ep006_s0056_manipulation,testC,manipulation,libero_goal,8,libero_goal_t8_ep6,B0_random,0.0076798180361638815,0.027955624795319774,0.265625,0.265625,0.6121030806147613,0.4832356770833333
libero_goal_t08_ep006_s0056_manipulation,testC,manipulation,libero_goal,8,libero_goal_t8_ep6,B0x_token_index,-0.19114356832227053,-0.15901350437814438,0.140625,0.140625,0.5190410224915345,0.3739420572916667
libero_goal_t08_ep006_s0056_manipulation,testC,manipulation,libero_goal,8,libero_goal_t8_ep6,B1_pred_norm_neg,0.6118548294804304,0.6465953926057234,0.71875,0.71875,0.839537940161223,0.9051106770833334
libero_goal_t08_ep006_s0056_manipulation,testC,manipulation,libero_goal,8,libero_goal_t8_ep6,B2_change_norm,0.9049889848935683,0.7601645806803395,0.828125,0.828125,0.8738948538300418,0.961669921875
libero_goal_t08_ep006_s0056_manipulation,testC,manipulation,libero_goal,8,libero_goal_t8_ep6,B3_cos_dist,0.9050934138246738,0.6658368822619534,0.828125,0.828125,0.8738155167344321,0.961669921875
libero_goal_t08_ep006_s0056_manipulation,testC,manipulation,libero_goal,8,libero_goal_t8_ep6,B4_linear_stats,0.9057292858777752,0.806661020730122,0.8125,0.8125,0.874631351176933,0.952392578125
libero_goal_t08_ep007_s0024_approach,testC,approach,libero_goal,8,libero_goal_t8_ep7,B0_random,-0.10425082970931564,-0.07583289901423973,0.203125,0.203125,0.6198017801602691,0.4479166666666667
libero_goal_t08_ep007_s0024_approach,testC,approach,libero_goal,8,libero_goal_t8_ep7,B0x_token_index,-0.20687514305333027,-0.19069971478116632,0.1875,0.1875,0.6031993086338641,0.3990885416666667
libero_goal_t08_ep007_s0024_approach,testC,approach,libero_goal,8,libero_goal_t8_ep7,B1_pred_norm_neg,0.6115444037537194,0.6370466835954919,0.671875,0.671875,0.8685207831285104,0.8583170572916666
libero_goal_t08_ep007_s0024_approach,testC,approach,libero_goal,8,libero_goal_t8_ep7,B2_change_norm,0.8999284733348593,0.7380019419604634,0.75,0.75,0.873567943950267,0.9413248697916666
libero_goal_t08_ep007_s0024_approach,testC,approach,libero_goal,8,libero_goal_t8_ep7,B3_cos_dist,0.9001888303959716,0.6381327942081986,0.75,0.75,0.8738535434901489,0.941650390625
libero_goal_t08_ep007_s0024_approach,testC,approach,libero_goal,8,libero_goal_t8_ep7,B4_linear_stats,0.9007324330510414,0.8314711193615649,0.71875,0.71875,0.9024441263516493,0.9361979166666666
libero_goal_t08_ep007_s0040_pre_grasp,testC,pre_grasp,libero_goal,8,libero_goal_t8_ep7,B0_random,-0.061249713893339434,-0.1399930119849728,0.21875,0.21875,0.5660301728111139,0.44287109375
libero_goal_t08_ep007_s0040_pre_grasp,testC,pre_grasp,libero_goal,8,libero_goal_t8_ep7,B0x_token_index,-0.02967641336690318,-0.026831099324610325,0.234375,0.234375,0.6076988634106204,0.4957682291666667
libero_goal_t08_ep007_s0040_pre_grasp,testC,pre_grasp,libero_goal,8,libero_goal_t8_ep7,B1_pred_norm_neg,0.5707935168230717,0.6164404132182707,0.703125,0.703125,0.8490098129672103,0.8673502604166666
libero_goal_t08_ep007_s0040_pre_grasp,testC,pre_grasp,libero_goal,8,libero_goal_t8_ep7,B2_change_norm,0.9372711146715496,0.824872415104309,0.703125,0.703125,0.9087599693949994,0.9286295572916666
libero_goal_t08_ep007_s0040_pre_grasp,testC,pre_grasp,libero_goal,8,libero_goal_t8_ep7,B3_cos_dist,0.9372425040054932,0.7608796600548379,0.703125,0.703125,0.9070634833492978,0.92919921875
libero_goal_t08_ep007_s0040_pre_grasp,testC,pre_grasp,libero_goal,8,libero_goal_t8_ep7,B4_linear_stats,0.9381837949187457,0.8213840734148623,0.734375,0.734375,0.8817785719460346,0.93896484375
libero_goal_t08_ep007_s0056_manipulation,testC,manipulation,libero_goal,8,libero_goal_t8_ep7,B0_random,0.014894712748912796,0.02630123477149042,0.234375,0.234375,0.5956854102330716,0.5496419270833334
libero_goal_t08_ep007_s0056_manipulation,testC,manipulation,libero_goal,8,libero_goal_t8_ep7,B0x_token_index,-0.12177128633554589,-0.1320245115615042,0.203125,0.203125,0.6053569966923696,0.3907063802083333
libero_goal_t08_ep007_s0056_manipulation,testC,manipulation,libero_goal,8,libero_goal_t8_ep7,B1_pred_norm_neg,0.5286886301213092,0.6541638535191191,0.703125,0.703125,0.8902165417694164,0.8614095052083334
libero_goal_t08_ep007_s0056_manipulation,testC,manipulation,libero_goal,8,libero_goal_t8_ep7,B2_change_norm,0.9289060711833371,0.7799392528109368,0.8125,0.8125,0.8993596985305297,0.9525553385416666
libero_goal_t08_ep007_s0056_manipulation,testC,manipulation,libero_goal,8,libero_goal_t8_ep7,B3_cos_dist,0.9293230716411078,0.669584240869256,0.796875,0.796875,0.8981355816636437,0.952880859375
libero_goal_t08_ep007_s0056_manipulation,testC,manipulation,libero_goal,8,libero_goal_t8_ep7,B4_linear_stats,0.9376716639963378,0.8692816135148825,0.8125,0.8125,0.9207900328000044,0.9568684895833334
libero_goal_t08_ep008_s0016_approach,testC,approach,libero_goal,8,libero_goal_t8_ep8,B0_random,0.037212462806134126,0.024637924245342738,0.28125,0.28125,0.5997611741612113,0.5225423177083334
libero_goal_t08_ep008_s0016_approach,testC,approach,libero_goal,8,libero_goal_t8_ep8,B0x_token_index,-0.20946512359807737,-0.18787479996985962,0.234375,0.234375,0.611416339373284,0.4150390625
libero_goal_t08_ep008_s0016_approach,testC,approach,libero_goal,8,libero_goal_t8_ep8,B1_pred_norm_neg,0.40746166170748455,0.5317006809944727,0.578125,0.578125,0.8283775368674146,0.76318359375
libero_goal_t08_ep008_s0016_approach,testC,approach,libero_goal,8,libero_goal_t8_ep8,B2_change_norm,0.8532830739299611,0.6609574520138448,0.71875,0.71875,0.850571211997379,0.9286295572916666
libero_goal_t08_ep008_s0016_approach,testC,approach,libero_goal,8,libero_goal_t8_ep8,B3_cos_dist,0.8528167200732433,0.5625064026232739,0.71875,0.71875,0.8513587649481414,0.9287923177083334
libero_goal_t08_ep008_s0016_approach,testC,approach,libero_goal,8,libero_goal_t8_ep8,B4_linear_stats,0.8037050812542916,0.7553132261273235,0.625,0.625,0.8687336482484719,0.8768717447916666
libero_goal_t08_ep008_s0032_pre_grasp,testC,pre_grasp,libero_goal,8,libero_goal_t8_ep8,B0_random,-0.03774462119478141,-0.026827999167441396,0.25,0.25,0.5869489020313057,0.4876302083333333
libero_goal_t08_ep008_s0032_pre_grasp,testC,pre_grasp,libero_goal,8,libero_goal_t8_ep8,B0x_token_index,-0.0416449702449073,-0.00981966170793499,0.265625,0.265625,0.6159253261419222,0.4873046875
libero_goal_t08_ep008_s0032_pre_grasp,testC,pre_grasp,libero_goal,8,libero_goal_t8_ep8,B1_pred_norm_neg,0.49387231059739073,0.5425677478376011,0.546875,0.546875,0.8307186492725688,0.7776692708333334
libero_goal_t08_ep008_s0032_pre_grasp,testC,pre_grasp,libero_goal,8,libero_goal_t8_ep8,B2_change_norm,0.9233262760357062,0.7120369155944558,0.734375,0.734375,0.8363650082106551,0.949462890625
libero_goal_t08_ep008_s0032_pre_grasp,testC,pre_grasp,libero_goal,8,libero_goal_t8_ep8,B3_cos_dist,0.9233784905012589,0.5903792870837546,0.734375,0.734375,0.8373671856996152,0.949462890625
libero_goal_t08_ep008_s0032_pre_grasp,testC,pre_grasp,libero_goal,8,libero_goal_t8_ep8,B4_linear_stats,0.9241545548180362,0.816656451426263,0.71875,0.71875,0.8741211235622042,0.9510091145833334
libero_goal_t08_ep008_s0056_manipulation,testC,manipulation,libero_goal,8,libero_goal_t8_ep8,B0_random,0.013512817578393226,-0.0031992374250918287,0.234375,0.234375,0.586854605322304,0.456298828125
libero_goal_t08_ep008_s0056_manipulation,testC,manipulation,libero_goal,8,libero_goal_t8_ep8,B0x_token_index,-0.1708743419546807,-0.1340345086961915,0.15625,0.15625,0.5288705902584023,0.3710123697916667
libero_goal_t08_ep008_s0056_manipulation,testC,manipulation,libero_goal,8,libero_goal_t8_ep8,B1_pred_norm_neg,0.5749113069352254,0.6241285900532453,0.75,0.75,0.8313912687843166,0.8857421875
libero_goal_t08_ep008_s0056_manipulation,testC,manipulation,libero_goal,8,libero_goal_t8_ep8,B2_change_norm,0.9452391851682307,0.8192393882678463,0.84375,0.84375,0.9170567146610537,0.9693196614583334
libero_goal_t08_ep008_s0056_manipulation,testC,manipulation,libero_goal,8,libero_goal_t8_ep8,B3_cos_dist,0.9454058422980087,0.7252911043473924,0.84375,0.84375,0.918641185679728,0.9698893229166666
libero_goal_t08_ep008_s0056_manipulation,testC,manipulation,libero_goal,8,libero_goal_t8_ep8,B4_linear_stats,0.9415677214465553,0.8416076611374801,0.875,0.875,0.8732788791998124,0.9723307291666666
libero_goal_t08_ep009_s0016_approach,testC,approach,libero_goal,8,libero_goal_t8_ep9,B0_random,-0.006127689402609293,0.02702782206209942,0.171875,0.171875,0.685288119740155,0.4449055989583333
libero_goal_t08_ep009_s0016_approach,testC,approach,libero_goal,8,libero_goal_t8_ep9,B0x_token_index,-0.23690418287937742,-0.1840636657133859,0.25,0.25,0.6557756221026875,0.3705240885416667
libero_goal_t08_ep009_s0016_approach,testC,approach,libero_goal,8,libero_goal_t8_ep9,B1_pred_norm_neg,0.46691820210574503,0.489533084182263,0.546875,0.546875,0.812838365803025,0.7506510416666666
libero_goal_t08_ep009_s0016_approach,testC,approach,libero_goal,8,libero_goal_t8_ep9,B2_change_norm,0.8596646829938202,0.6401464772335216,0.6875,0.6875,0.8415954703289131,0.9205729166666666
libero_goal_t08_ep009_s0016_approach,testC,approach,libero_goal,8,libero_goal_t8_ep9,B3_cos_dist,0.8590824559395742,0.530442286186447,0.6875,0.6875,0.8416514014243667,0.9202473958333334
libero_goal_t08_ep009_s0016_approach,testC,approach,libero_goal,8,libero_goal_t8_ep9,B4_linear_stats,0.8510922121766995,0.7833657334959847,0.703125,0.703125,0.8830872766924187,0.9254557291666666
libero_goal_t08_ep009_s0032_pre_grasp,testC,pre_grasp,libero_goal,8,libero_goal_t8_ep9,B0_random,0.06834515907530327,0.08074773535878588,0.28125,0.28125,0.6316593367073141,0.540771484375
libero_goal_t08_ep009_s0032_pre_grasp,testC,pre_grasp,libero_goal,8,libero_goal_t8_ep9,B0x_token_index,-0.11251430533302816,-0.07627101833081618,0.21875,0.21875,0.5997511068846938,0.44287109375
libero_goal_t08_ep009_s0032_pre_grasp,testC,pre_grasp,libero_goal,8,libero_goal_t8_ep9,B1_pred_norm_neg,0.5511301213092241,0.5871812610869442,0.640625,0.640625,0.8598029159755918,0.8448079427083334
libero_goal_t08_ep009_s0032_pre_grasp,testC,pre_grasp,libero_goal,8,libero_goal_t8_ep9,B2_change_norm,0.9119463836118105,0.7165949605653331,0.734375,0.734375,0.8618807784150948,0.9345703125
libero_goal_t08_ep009_s0032_pre_grasp,testC,pre_grasp,libero_goal,8,libero_goal_t8_ep9,B3_cos_dist,0.9120880064087892,0.6195457804970865,0.734375,0.734375,0.8619170012821205,0.934814453125
libero_goal_t08_ep009_s0032_pre_grasp,testC,pre_grasp,libero_goal,8,libero_goal_t8_ep9,B4_linear_stats,0.9215939002059967,0.8213997142765551,0.734375,0.734375,0.9112056219504461,0.9471842447916666
libero_goal_t08_ep009_s0056_manipulation,testC,manipulation,libero_goal,8,libero_goal_t8_ep9,B0_random,-0.13316619935912108,-0.12980102162325746,0.1875,0.1875,0.563482061648392,0.46484375
libero_goal_t08_ep009_s0056_manipulation,testC,manipulation,libero_goal,8,libero_goal_t8_ep9,B0x_token_index,-0.09276078622110323,-0.08865455505716784,0.1875,0.1875,0.6344450640612332,0.3850911458333333
libero_goal_t08_ep009_s0056_manipulation,testC,manipulation,libero_goal,8,libero_goal_t8_ep9,B1_pred_norm_neg,0.47724593728542003,0.5878773993694688,0.65625,0.65625,0.8481005996585966,0.832763671875
libero_goal_t08_ep009_s0056_manipulation,testC,manipulation,libero_goal,8,libero_goal_t8_ep9,B2_change_norm,0.93510671778439,0.78212839937779,0.78125,0.78125,0.8945530804703659,0.956298828125
libero_goal_t08_ep009_s0056_manipulation,testC,manipulation,libero_goal,8,libero_goal_t8_ep9,B3_cos_dist,0.9353105687800412,0.6732424133082134,0.78125,0.78125,0.8944611203118181,0.9562174479166666
libero_goal_t08_ep009_s0056_manipulation,testC,manipulation,libero_goal,8,libero_goal_t8_ep9,B4_linear_stats,0.9344379434653238,0.8542360060654606,0.796875,0.796875,0.8949793785885248,0.9581705729166666
libero_object_t00_ep000_s0024_approach,testC,approach,libero_object,0,libero_object_t0_ep0,B0_random,0.013911221103227282,0.004303602657757022,0.265625,0.265625,0.5855558886323158,0.5165201822916666
libero_object_t00_ep000_s0024_approach,testC,approach,libero_object,0,libero_object_t0_ep0,B0x_token_index,-0.31069967383840696,-0.34063701596764395,0.15625,0.15625,0.6052956447430252,0.2743326822916667
libero_object_t00_ep000_s0024_approach,testC,approach,libero_object,0,libero_object_t0_ep0,B1_pred_norm_neg,0.5303344586861982,0.6864101003377603,0.71875,0.71875,0.8970935684266932,0.880859375
libero_object_t00_ep000_s0024_approach,testC,approach,libero_object,0,libero_object_t0_ep0,B2_change_norm,0.9592290856031128,0.7689019132109657,0.859375,0.859375,0.9219722853591135,0.9817708333333334
libero_object_t00_ep000_s0024_approach,testC,approach,libero_object,0,libero_object_t0_ep0,B3_cos_dist,0.9593635557335775,0.630471078429904,0.859375,0.859375,0.9246701785575928,0.9818522135416666
libero_object_t00_ep000_s0024_approach,testC,approach,libero_object,0,libero_object_t0_ep0,B4_linear_stats,0.9581733520256351,0.8922507501032232,0.859375,0.859375,0.9382668845258825,0.9798177083333334
libero_object_t00_ep000_s0040_pre_grasp,testC,pre_grasp,libero_object,0,libero_object_t0_ep0,B0_random,-0.03773889906157015,0.03845647416638594,0.25,0.25,0.529615589161541,0.48681640625
libero_object_t00_ep000_s0040_pre_grasp,testC,pre_grasp,libero_object,0,libero_object_t0_ep0,B0x_token_index,-0.3579251544975967,-0.3671318705361803,0.0625,0.0625,0.45466129503470515,0.22102864583333334
libero_object_t00_ep000_s0040_pre_grasp,testC,pre_grasp,libero_object,0,libero_object_t0_ep0,B1_pred_norm_neg,0.620260643167773,0.7748029647742992,0.796875,0.796875,0.8729334055289169,0.9180501302083334
libero_object_t00_ep000_s0040_pre_grasp,testC,pre_grasp,libero_object,0,libero_object_t0_ep0,B2_change_norm,0.9509606031128405,0.8088499922475928,0.90625,0.90625,0.9349426931303131,0.9739583333333334
libero_object_t00_ep000_s0040_pre_grasp,testC,pre_grasp,libero_object,0,libero_object_t0_ep0,B3_cos_dist,0.9512860494392309,0.6945120667025845,0.90625,0.90625,0.9353375592730161,0.9746907552083334
libero_object_t00_ep000_s0040_pre_grasp,testC,pre_grasp,libero_object,0,libero_object_t0_ep0,B4_linear_stats,0.9603749427786679,0.861680037739565,0.9375,0.9375,0.8855251773186947,0.9800618489583334
libero_object_t00_ep000_s0056_manipulation,testC,manipulation,libero_object,0,libero_object_t0_ep0,B0_random,0.11046578164339665,0.067230977720978,0.3125,0.3125,0.5356541699844964,0.5555013020833334
libero_object_t00_ep000_s0056_manipulation,testC,manipulation,libero_object,0,libero_object_t0_ep0,B0x_token_index,-0.3144584000915541,-0.33339048359146284,0.09375,0.09375,0.46435589625460894,0.2548828125
libero_object_t00_ep000_s0056_manipulation,testC,manipulation,libero_object,0,libero_object_t0_ep0,B1_pred_norm_neg,0.6488455596246281,0.7184728896434696,0.71875,0.71875,0.8491774538475515,0.900634765625
libero_object_t00_ep000_s0056_manipulation,testC,manipulation,libero_object,0,libero_object_t0_ep0,B2_change_norm,0.9246588178072785,0.712913814836157,0.859375,0.859375,0.837193462817363,0.9560546875
libero_object_t00_ep000_s0056_manipulation,testC,manipulation,libero_object,0,libero_object_t0_ep0,B3_cos_dist,0.9250293259327077,0.5832657527378261,0.859375,0.859375,0.8372563205690257,0.9562174479166666
libero_object_t00_ep000_s0056_manipulation,testC,manipulation,libero_object,0,libero_object_t0_ep0,B4_linear_stats,0.9169081883726253,0.8126242329675603,0.90625,0.90625,0.8633808043186797,0.9518229166666666
libero_object_t00_ep001_s0024_approach,testC,approach,libero_object,0,libero_object_t0_ep1,B0_random,0.005995365072098879,-0.03387303527173415,0.21875,0.21875,0.6230111919726499,0.43701171875
libero_object_t00_ep001_s0024_approach,testC,approach,libero_object,0,libero_object_t0_ep1,B0x_token_index,-0.32611867704280156,-0.3497333890408755,0.140625,0.140625,0.6302531653196223,0.264404296875
libero_object_t00_ep001_s0024_approach,testC,approach,libero_object,0,libero_object_t0_ep1,B1_pred_norm_neg,0.4984271286335546,0.6421619394076205,0.640625,0.640625,0.8806870576157181,0.8536783854166666
libero_object_t00_ep001_s0024_approach,testC,approach,libero_object,0,libero_object_t0_ep1,B2_change_norm,0.9674296177615015,0.7360557928065372,0.84375,0.84375,0.9101972573484851,0.9778645833333334
libero_object_t00_ep001_s0024_approach,testC,approach,libero_object,0,libero_object_t0_ep1,B3_cos_dist,0.9672171835660334,0.5614029199557734,0.84375,0.84375,0.9102500109569094,0.9776204427083334
libero_object_t00_ep001_s0024_approach,testC,approach,libero_object,0,libero_object_t0_ep1,B4_linear_stats,0.9674818322270542,0.9243581666646877,0.828125,0.828125,0.9456092816927666,0.9800618489583334
libero_object_t00_ep001_s0048_pre_grasp,testC,pre_grasp,libero_object,0,libero_object_t0_ep1,B0_random,0.07338921950102999,0.04553286501991684,0.25,0.25,0.6131135762625974,0.483154296875
libero_object_t00_ep001_s0048_pre_grasp,testC,pre_grasp,libero_object,0,libero_object_t0_ep1,B0x_token_index,-0.3477948329137102,-0.3503183990108893,0.0625,0.0625,0.5221070094128877,0.22526041666666666
libero_object_t00_ep001_s0048_pre_grasp,testC,pre_grasp,libero_object,0,libero_object_t0_ep1,B1_pred_norm_neg,0.5922994392309453,0.7482833810546656,0.75,0.75,0.9151283668698647,0.9033203125
libero_object_t00_ep001_s0048_pre_grasp,testC,pre_grasp,libero_object,0,libero_object_t0_ep1,B2_change_norm,0.9738183794918746,0.9329812726353778,0.890625,0.890625,0.9332701464953935,0.98291015625
libero_object_t00_ep001_s0048_pre_grasp,testC,pre_grasp,libero_object,0,libero_object_t0_ep1,B3_cos_dist,0.9737232490272374,0.8774047452615981,0.890625,0.890625,0.9333525673728785,0.9830729166666666
libero_object_t00_ep001_s0048_pre_grasp,testC,pre_grasp,libero_object,0,libero_object_t0_ep1,B4_linear_stats,0.9770170519569695,0.9454788932317122,0.921875,0.921875,0.9736545694115534,0.9864908854166666
libero_object_t00_ep001_s0064_manipulation,testC,manipulation,libero_object,0,libero_object_t0_ep1,B0_random,0.02104958228427558,0.02760965665804084,0.3125,0.3125,0.5664314195572975,0.5469563802083334
libero_object_t00_ep001_s0064_manipulation,testC,manipulation,libero_object,0,libero_object_t0_ep1,B0x_token_index,-0.3455009727626459,-0.3625488722519069,0.109375,0.109375,0.479251034116568,0.2589518229166667
libero_object_t00_ep001_s0064_manipulation,testC,manipulation,libero_object,0,libero_object_t0_ep1,B1_pred_norm_neg,0.657001029983978,0.8085045010424107,0.71875,0.71875,0.9186779846259177,0.8964029947916666
libero_object_t00_ep001_s0064_manipulation,testC,manipulation,libero_object,0,libero_object_t0_ep1,B2_change_norm,0.9222133211261159,0.7026645590212559,0.828125,0.828125,0.8614657438581965,0.9589029947916666
libero_object_t00_ep001_s0064_manipulation,testC,manipulation,libero_object,0,libero_object_t0_ep1,B3_cos_dist,0.9225516422522316,0.589527948706432,0.828125,0.828125,0.8623016479322068,0.9590657552083334
libero_object_t00_ep001_s0064_manipulation,testC,manipulation,libero_object,0,libero_object_t0_ep1,B4_linear_stats,0.917662079423209,0.7877207600590405,0.859375,0.859375,0.8871966385963396,0.9606119791666666
libero_object_t00_ep002_s0024_approach,testC,approach,libero_object,0,libero_object_t0_ep2,B0_random,0.026489900434882124,0.022008159385374645,0.21875,0.21875,0.604882515703121,0.49365234375
libero_object_t00_ep002_s0024_approach,testC,approach,libero_object,0,libero_object_t0_ep2,B0x_token_index,-0.35050283245593955,-0.3370151812098338,0.140625,0.140625,0.5911599142481969,0.2974446614583333
libero_object_t00_ep002_s0024_approach,testC,approach,libero_object,0,libero_object_t0_ep2,B1_pred_norm_neg,0.5201411936369879,0.642436181423526,0.65625,0.65625,0.8753800685638069,0.866455078125
libero_object_t00_ep002_s0024_approach,testC,approach,libero_object,0,libero_object_t0_ep2,B2_change_norm,0.9617396715495536,0.7301838873821993,0.859375,0.859375,0.9259360333034454,0.970458984375
libero_object_t00_ep002_s0024_approach,testC,approach,libero_object,0,libero_object_t0_ep2,B3_cos_dist,0.961775434882124,0.5812245311956425,0.859375,0.859375,0.9266107059025724,0.9705403645833334
libero_object_t00_ep002_s0024_approach,testC,approach,libero_object,0,libero_object_t0_ep2,B4_linear_stats,0.9592469672693981,0.8627198828739204,0.84375,0.84375,0.9124561513485898,0.9730631510416666
libero_object_t00_ep002_s0048_pre_grasp,testC,pre_grasp,libero_object,0,libero_object_t0_ep2,B0_random,-0.06775363355458915,-0.035144044369434975,0.21875,0.21875,0.5273906189077554,0.444580078125
libero_object_t00_ep002_s0048_pre_grasp,testC,pre_grasp,libero_object,0,libero_object_t0_ep2,B0x_token_index,-0.34057063973449303,-0.3335805942398969,0.09375,0.09375,0.5123647776215159,0.2555338541666667
libero_object_t00_ep002_s0048_pre_grasp,testC,pre_grasp,libero_object,0,libero_object_t0_ep2,B1_pred_norm_neg,0.6342877374685283,0.7402152126680169,0.734375,0.734375,0.8920023546704998,0.8907877604166666
libero_object_t00_ep002_s0048_pre_grasp,testC,pre_grasp,libero_object,0,libero_object_t0_ep2,B2_change_norm,0.9519140535591668,0.8047232853373472,0.859375,0.859375,0.8986911479956747,0.9649251302083334
libero_object_t00_ep002_s0048_pre_grasp,testC,pre_grasp,libero_object,0,libero_object_t0_ep2,B3_cos_dist,0.9519727054245822,0.6675552305186229,0.859375,0.859375,0.8943636900926791,0.9650065104166666
libero_object_t00_ep002_s0048_pre_grasp,testC,pre_grasp,libero_object,0,libero_object_t0_ep2,B4_linear_stats,0.961315518425269,0.8988474391202546,0.859375,0.859375,0.9258205621459197,0.9765625
libero_object_t00_ep002_s0064_manipulation,testC,manipulation,libero_object,0,libero_object_t0_ep2,B0_random,-0.08770957312886243,-0.09630694088928513,0.140625,0.140625,0.5164710451856418,0.421875
libero_object_t00_ep002_s0064_manipulation,testC,manipulation,libero_object,0,libero_object_t0_ep2,B0x_token_index,-0.27424467841611355,-0.2796123660834658,0.140625,0.140625,0.5757958150222108,0.3190104166666667
libero_object_t00_ep002_s0064_manipulation,testC,manipulation,libero_object,0,libero_object_t0_ep2,B1_pred_norm_neg,0.5480215724422065,0.678150709467643,0.65625,0.65625,0.8731949064585142,0.8720703125
libero_object_t00_ep002_s0064_manipulation,testC,manipulation,libero_object,0,libero_object_t0_ep2,B2_change_norm,0.9353592069123369,0.6625561146940894,0.78125,0.78125,0.8482728606538341,0.9380696614583334
libero_object_t00_ep002_s0064_manipulation,testC,manipulation,libero_object,0,libero_object_t0_ep2,B3_cos_dist,0.9353148603799496,0.5210872314817176,0.78125,0.78125,0.8487128459569393,0.938232421875
libero_object_t00_ep002_s0064_manipulation,testC,manipulation,libero_object,0,libero_object_t0_ep2,B4_linear_stats,0.9401765278095674,0.8566793263805432,0.796875,0.796875,0.9016235224676796,0.9423014322916666
libero_object_t00_ep003_s0024_approach,testC,approach,libero_object,0,libero_object_t0_ep3,B0_random,0.053880321583886476,0.04676211452755785,0.28125,0.28125,0.5625673188504614,0.57763671875
libero_object_t00_ep003_s0024_approach,testC,approach,libero_object,0,libero_object_t0_ep3,B0x_token_index,-0.3627446211947814,-0.39498356797241974,0.109375,0.109375,0.5568520520713074,0.221923828125
libero_object_t00_ep003_s0024_approach,testC,approach,libero_object,0,libero_object_t0_ep3,B1_pred_norm_neg,0.5602605001144426,0.7025639557049534,0.75,0.75,0.8749535315153896,0.8938802083333334
libero_object_t00_ep003_s0024_approach,testC,approach,libero_object,0,libero_object_t0_ep3,B2_change_norm,0.9694087605859465,0.7468115639590033,0.890625,0.890625,0.9028636116423786,0.9747721354166666
libero_object_t00_ep003_s0024_approach,testC,approach,libero_object,0,libero_object_t0_ep3,B3_cos_dist,0.9693715667200733,0.5699954387021832,0.890625,0.890625,0.902861012183506,0.9749348958333334
libero_object_t00_ep003_s0024_approach,testC,approach,libero_object,0,libero_object_t0_ep3,B4_linear_stats,0.9593149176012817,0.9007332923596582,0.875,0.875,0.9322975517118144,0.966796875
libero_object_t00_ep003_s0048_pre_grasp,testC,pre_grasp,libero_object,0,libero_object_t0_ep3,B0_random,-0.01982433051041428,-0.0318755179452423,0.203125,0.203125,0.5169697671141892,0.4576009114583333
libero_object_t00_ep003_s0048_pre_grasp,testC,pre_grasp,libero_object,0,libero_object_t0_ep3,B0x_token_index,-0.4102476253147173,-0.4154497782500415,0.078125,0.078125,0.47461875894909433,0.228515625
libero_object_t00_ep003_s0048_pre_grasp,testC,pre_grasp,libero_object,0,libero_object_t0_ep3,B1_pred_norm_neg,0.6365300984206912,0.765814874457411,0.734375,0.734375,0.9054352117301945,0.9046223958333334
libero_object_t00_ep003_s0048_pre_grasp,testC,pre_grasp,libero_object,0,libero_object_t0_ep3,B2_change_norm,0.954093471046006,0.8594220401261708,0.859375,0.859375,0.8989850719856107,0.97265625
libero_object_t00_ep003_s0048_pre_grasp,testC,pre_grasp,libero_object,0,libero_object_t0_ep3,B3_cos_dist,0.9545669775692378,0.8196404926681236,0.859375,0.859375,0.8993313810979899,0.9732259114583334
libero_object_t00_ep003_s0048_pre_grasp,testC,pre_grasp,libero_object,0,libero_object_t0_ep3,B4_linear_stats,0.9657744907301442,0.8880055459007214,0.875,0.875,0.9093156011899121,0.9781901041666666
libero_object_t00_ep003_s0064_manipulation,testC,manipulation,libero_object,0,libero_object_t0_ep3,B0_random,-0.17333199816891737,-0.09059182892849525,0.15625,0.15625,0.4409190581901277,0.4170735677083333
libero_object_t00_ep003_s0064_manipulation,testC,manipulation,libero_object,0,libero_object_t0_ep3,B0x_token_index,-0.37149447814145115,-0.4107083106251101,0.109375,0.109375,0.44744590082184166,0.2526041666666667
libero_object_t00_ep003_s0064_manipulation,testC,manipulation,libero_object,0,libero_object_t0_ep3,B1_pred_norm_neg,0.6476946955825131,0.7974944885438798,0.703125,0.703125,0.9066637793650464,0.905029296875
libero_object_t00_ep003_s0064_manipulation,testC,manipulation,libero_object,0,libero_object_t0_ep3,B2_change_norm,0.9586189631494622,0.7961882829836545,0.875,0.875,0.8809094277894338,0.9808756510416666
libero_object_t00_ep003_s0064_manipulation,testC,manipulation,libero_object,0,libero_object_t0_ep3,B3_cos_dist,0.958883611810483,0.7045096922714357,0.875,0.875,0.8819977376020012,0.98095703125
libero_object_t00_ep003_s0064_manipulation,testC,manipulation,libero_object,0,libero_object_t0_ep3,B4_linear_stats,0.9523467898832685,0.8319185515895894,0.875,0.875,0.9029230375030667,0.9674479166666666
libero_object_t00_ep004_s0024_approach,testC,approach,libero_object,0,libero_object_t0_ep4,B0_random,-0.06606274319066148,-0.05668129828508115,0.21875,0.21875,0.5545257190323107,0.4513346354166667
libero_object_t00_ep004_s0024_approach,testC,approach,libero_object,0,libero_object_t0_ep4,B0x_token_index,-0.3062957770656901,-0.30976114487568446,0.15625,0.15625,0.6087608414323691,0.2767740885416667
libero_object_t00_ep004_s0024_approach,testC,approach,libero_object,0,libero_object_t0_ep4,B1_pred_norm_neg,0.4987346932936599,0.6508651930180748,0.65625,0.65625,0.8877874050825076,0.8738606770833334
libero_object_t00_ep004_s0024_approach,testC,approach,libero_object,0,libero_object_t0_ep4,B2_change_norm,0.9693722819867246,0.782916946947973,0.890625,0.890625,0.9396654637454307,0.9825032552083334
libero_object_t00_ep004_s0024_approach,testC,approach,libero_object,0,libero_object_t0_ep4,B3_cos_dist,0.9693636987869078,0.6291838774245463,0.890625,0.890625,0.939664656351252,0.9827473958333334
libero_object_t00_ep004_s0024_approach,testC,approach,libero_object,0,libero_object_t0_ep4,B4_linear_stats,0.959250543602655,0.8719039241807788,0.875,0.875,0.9012269193126469,0.9772135416666666
libero_object_t00_ep004_s0048_pre_grasp,testC,pre_grasp,libero_object,0,libero_object_t0_ep4,B0_random,0.01963621538109407,0.025093448973998397,0.296875,0.296875,0.600638279878905,0.5419921875
libero_object_t00_ep004_s0048_pre_grasp,testC,pre_grasp,libero_object,0,libero_object_t0_ep4,B0x_token_index,-0.321797751201648,-0.3433842151666343,0.109375,0.109375,0.5682911602206862,0.2569986979166667
libero_object_t00_ep004_s0048_pre_grasp,testC,pre_grasp,libero_object,0,libero_object_t0_ep4,B1_pred_norm_neg,0.633101110093843,0.736259852463487,0.71875,0.71875,0.92058913845849,0.8792317708333334
libero_object_t00_ep004_s0048_pre_grasp,testC,pre_grasp,libero_object,0,libero_object_t0_ep4,B2_change_norm,0.9408717669947356,0.7818451790030753,0.84375,0.84375,0.9007746212146676,0.9544270833333334
libero_object_t00_ep004_s0048_pre_grasp,testC,pre_grasp,libero_object,0,libero_object_t0_ep4,B3_cos_dist,0.9407630464637217,0.6218386392948246,0.84375,0.84375,0.9011082565957591,0.9541015625
libero_object_t00_ep004_s0048_pre_grasp,testC,pre_grasp,libero_object,0,libero_object_t0_ep4,B4_linear_stats,0.9520635442893111,0.8944950636442524,0.84375,0.84375,0.9151117104732781,0.9578450520833334
libero_object_t00_ep004_s0064_manipulation,testC,manipulation,libero_object,0,libero_object_t0_ep4,B0_random,0.019334372854200046,0.033381849061976415,0.28125,0.28125,0.6261815168076383,0.4960123697916667
libero_object_t00_ep004_s0064_manipulation,testC,manipulation,libero_object,0,libero_object_t0_ep4,B0x_token_index,-0.3236231116960403,-0.36181264882503955,0.140625,0.140625,0.5495155174643059,0.2933756510416667
libero_object_t00_ep004_s0064_manipulation,testC,manipulation,libero_object,0,libero_object_t0_ep4,B1_pred_norm_neg,0.6323336289768826,0.74400408343531,0.71875,0.71875,0.903259362225861,0.9010416666666666
libero_object_t00_ep004_s0064_manipulation,testC,manipulation,libero_object,0,libero_object_t0_ep4,B2_change_norm,0.9220309281300069,0.6624146021907195,0.828125,0.828125,0.8600571452809984,0.9498697916666666
libero_object_t00_ep004_s0064_manipulation,testC,manipulation,libero_object,0,libero_object_t0_ep4,B3_cos_dist,0.9224550812542917,0.5110423297103484,0.828125,0.828125,0.8610804093050674,0.949951171875
libero_object_t00_ep004_s0064_manipulation,testC,manipulation,libero_object,0,libero_object_t0_ep4,B4_linear_stats,0.9235451476310369,0.8543617023877895,0.828125,0.828125,0.9170915074522243,0.9446614583333334
libero_object_t00_ep005_s0024_approach,testC,approach,libero_object,0,libero_object_t0_ep5,B0_random,0.01827005607690547,0.011242376747741348,0.265625,0.265625,0.5673610408600454,0.5302734375
libero_object_t00_ep005_s0024_approach,testC,approach,libero_object,0,libero_object_t0_ep5,B0x_token_index,-0.331083342870222,-0.3733827708512176,0.15625,0.15625,0.5830363238437409,0.2775065104166667
libero_object_t00_ep005_s0024_approach,testC,approach,libero_object,0,libero_object_t0_ep5,B1_pred_norm_neg,0.5166943236438545,0.6832212038523596,0.6875,0.6875,0.9075162201339276,0.8515625
libero_object_t00_ep005_s0024_approach,testC,approach,libero_object,0,libero_object_t0_ep5,B2_change_norm,0.9637781815060654,0.7592632508119833,0.8125,0.8125,0.9007395301582743,0.9666341145833334
libero_object_t00_ep005_s0024_approach,testC,approach,libero_object,0,libero_object_t0_ep5,B3_cos_dist,0.9638776035706111,0.6023281205636041,0.8125,0.8125,0.900968125330072,0.9667154947916666
libero_object_t00_ep005_s0024_approach,testC,approach,libero_object,0,libero_object_t0_ep5,B4_linear_stats,0.9666134985122453,0.9113965567044277,0.8125,0.8125,0.9481578954012785,0.969970703125
libero_object_t00_ep005_s0048_pre_grasp,testC,pre_grasp,libero_object,0,libero_object_t0_ep5,B0_random,0.0069008926527809565,0.002769743625899721,0.296875,0.296875,0.5994133288265839,0.5176595052083334
libero_object_t00_ep005_s0048_pre_grasp,testC,pre_grasp,libero_object,0,libero_object_t0_ep5,B0x_token_index,-0.4337849050125887,-0.4430939092880283,0.078125,0.078125,0.48634191623589945,0.22395833333333334
libero_object_t00_ep005_s0048_pre_grasp,testC,pre_grasp,libero_object,0,libero_object_t0_ep5,B1_pred_norm_neg,0.6437542915999085,0.7622064686189545,0.734375,0.734375,0.9070851221092736,0.9136555989583334
libero_object_t00_ep005_s0048_pre_grasp,testC,pre_grasp,libero_object,0,libero_object_t0_ep5,B2_change_norm,0.975991359578851,0.9145579143132707,0.921875,0.921875,0.958152670104665,0.98193359375
libero_object_t00_ep005_s0048_pre_grasp,testC,pre_grasp,libero_object,0,libero_object_t0_ep5,B3_cos_dist,0.9759584573128862,0.7817390500106509,0.921875,0.921875,0.9591814716779173,0.9817708333333334
libero_object_t00_ep005_s0048_pre_grasp,testC,pre_grasp,libero_object,0,libero_object_t0_ep5,B4_linear_stats,0.9777394712748912,0.9543133268389749,0.921875,0.921875,0.9584639019002024,0.984375
libero_object_t00_ep005_s0064_manipulation,testC,manipulation,libero_object,0,libero_object_t0_ep5,B0_random,0.09854729343099107,0.12228770286901765,0.328125,0.328125,0.6061308016686192,0.5570475260416666
libero_object_t00_ep005_s0064_manipulation,testC,manipulation,libero_object,0,libero_object_t0_ep5,B0x_token_index,-0.3454273002975509,-0.3751609717045207,0.140625,0.140625,0.526590341207698,0.2779134114583333
libero_object_t00_ep005_s0064_manipulation,testC,manipulation,libero_object,0,libero_object_t0_ep5,B1_pred_norm_neg,0.6176599336232548,0.7819437183855138,0.671875,0.671875,0.8908035906167365,0.878173828125
libero_object_t00_ep005_s0064_manipulation,testC,manipulation,libero_object,0,libero_object_t0_ep5,B2_change_norm,0.9536650263218128,0.7524586516899406,0.796875,0.796875,0.8569383490534466,0.955810546875
libero_object_t00_ep005_s0064_manipulation,testC,manipulation,libero_object,0,libero_object_t0_ep5,B3_cos_dist,0.9538910505836576,0.6173508244888789,0.796875,0.796875,0.8574053264296472,0.9559733072916666
libero_object_t00_ep005_s0064_manipulation,testC,manipulation,libero_object,0,libero_object_t0_ep5,B4_linear_stats,0.9551177328908217,0.8888965350378738,0.8125,0.8125,0.939144713746536,0.9602864583333334
libero_object_t00_ep006_s0024_approach,testC,approach,libero_object,0,libero_object_t0_ep6,B0_random,-0.09764748798352026,-0.11767173263173657,0.171875,0.171875,0.5238728562913838,0.4003092447916667
libero_object_t00_ep006_s0024_approach,testC,approach,libero_object,0,libero_object_t0_ep6,B0x_token_index,-0.3484764820325017,-0.3541883789205226,0.140625,0.140625,0.5531921411173416,0.2607421875
libero_object_t00_ep006_s0024_approach,testC,approach,libero_object,0,libero_object_t0_ep6,B1_pred_norm_neg,0.4777409018081941,0.6608000011602769,0.65625,0.65625,0.8479538278707129,0.85693359375
libero_object_t00_ep006_s0024_approach,testC,approach,libero_object,0,libero_object_t0_ep6,B2_change_norm,0.9577534905012589,0.7378875027621097,0.84375,0.84375,0.9165331128614238,0.9696451822916666
libero_object_t00_ep006_s0024_approach,testC,approach,libero_object,0,libero_object_t0_ep6,B3_cos_dist,0.9575947013046464,0.6161112938063392,0.84375,0.84375,0.9165227595114637,0.9697265625
libero_object_t00_ep006_s0024_approach,testC,approach,libero_object,0,libero_object_t0_ep6,B4_linear_stats,0.9515921835660334,0.8198919018579507,0.828125,0.828125,0.8728832575507751,0.9691569010416666
libero_object_t00_ep006_s0048_pre_grasp,testC,pre_grasp,libero_object,0,libero_object_t0_ep6,B0_random,-0.014095759899290456,-0.030113594112841726,0.203125,0.203125,0.5328066865341521,0.48486328125
libero_object_t00_ep006_s0048_pre_grasp,testC,pre_grasp,libero_object,0,libero_object_t0_ep6,B0x_token_index,-0.33091096360723277,-0.33294135704193384,0.109375,0.109375,0.5213313523080879,0.266845703125
libero_object_t00_ep006_s0048_pre_grasp,testC,pre_grasp,libero_object,0,libero_object_t0_ep6,B1_pred_norm_neg,0.5615465495536736,0.7362257743757932,0.65625,0.65625,0.9092926845633569,0.868408203125
libero_object_t00_ep006_s0048_pre_grasp,testC,pre_grasp,libero_object,0,libero_object_t0_ep6,B2_change_norm,0.930595531013962,0.7330418644033359,0.8125,0.8125,0.8527687894049742,0.9415690104166666
libero_object_t00_ep006_s0048_pre_grasp,testC,pre_grasp,libero_object,0,libero_object_t0_ep6,B3_cos_dist,0.9309016651407644,0.5643892311213686,0.8125,0.8125,0.8548474245621857,0.94189453125
libero_object_t00_ep006_s0048_pre_grasp,testC,pre_grasp,libero_object,0,libero_object_t0_ep6,B4_linear_stats,0.9390149347676814,0.8660224179054058,0.78125,0.78125,0.9196732071969932,0.9532063802083334
libero_object_t00_ep006_s0064_manipulation,testC,manipulation,libero_object,0,libero_object_t0_ep6,B0_random,0.028733691920347904,0.05965989984547472,0.28125,0.28125,0.5509359488928813,0.5310872395833334
libero_object_t00_ep006_s0064_manipulation,testC,manipulation,libero_object,0,libero_object_t0_ep6,B0x_token_index,-0.33570897230487523,-0.3542061680091464,0.078125,0.078125,0.47891127676394546,0.229248046875
libero_object_t00_ep006_s0064_manipulation,testC,manipulation,libero_object,0,libero_object_t0_ep6,B1_pred_norm_neg,0.6157594701304646,0.7485201005792209,0.75,0.75,0.8664896297325416,0.9287109375
libero_object_t00_ep006_s0064_manipulation,testC,manipulation,libero_object,0,libero_object_t0_ep6,B2_change_norm,0.9623583772030213,0.7534845914408722,0.890625,0.890625,0.8667573922129882,0.9767252604166666
libero_object_t00_ep006_s0064_manipulation,testC,manipulation,libero_object,0,libero_object_t0_ep6,B3_cos_dist,0.9624899862668803,0.6421126139280856,0.890625,0.890625,0.867308926963435,0.9769694010416666
libero_object_t00_ep006_s0064_manipulation,testC,manipulation,libero_object,0,libero_object_t0_ep6,B4_linear_stats,0.9498948558022431,0.8470101713000886,0.859375,0.859375,0.8843357903440499,0.9639485677083334
libero_object_t00_ep007_s0024_approach,testC,approach,libero_object,0,libero_object_t0_ep7,B0_random,-0.08509813458457313,-0.10134409284196344,0.21875,0.21875,0.5138287578391958,0.474365234375
libero_object_t00_ep007_s0024_approach,testC,approach,libero_object,0,libero_object_t0_ep7,B0x_token_index,-0.30730215724422066,-0.28391680295447586,0.15625,0.15625,0.562305027773203,0.289794921875
libero_object_t00_ep007_s0024_approach,testC,approach,libero_object,0,libero_object_t0_ep7,B1_pred_norm_neg,0.5144405184252689,0.6423580773064548,0.65625,0.65625,0.856114285792942,0.83837890625
libero_object_t00_ep007_s0024_approach,testC,approach,libero_object,0,libero_object_t0_ep7,B2_change_norm,0.9566333829251545,0.7345558322619883,0.828125,0.828125,0.8977643878733961,0.9600423177083334
libero_object_t00_ep007_s0024_approach,testC,approach,libero_object,0,libero_object_t0_ep7,B3_cos_dist,0.9567542629892424,0.6123598531490123,0.828125,0.828125,0.8992483637878975,0.960205078125
libero_object_t00_ep007_s0024_approach,testC,approach,libero_object,0,libero_object_t0_ep7,B4_linear_stats,0.9525556477454795,0.8050998237423997,0.8125,0.8125,0.8551116032313976,0.9608561197916666
libero_object_t00_ep007_s0048_pre_grasp,testC,pre_grasp,libero_object,0,libero_object_t0_ep7,B0_random,0.035241903181506065,0.006304462757105855,0.28125,0.28125,0.5587224354852967,0.517822265625
libero_object_t00_ep007_s0048_pre_grasp,testC,pre_grasp,libero_object,0,libero_object_t0_ep7,B0x_token_index,-0.36813487067978945,-0.36323349515377024,0.0625,0.0625,0.5113872268408054,0.22932942708333334
libero_object_t00_ep007_s0048_pre_grasp,testC,pre_grasp,libero_object,0,libero_object_t0_ep7,B1_pred_norm_neg,0.6087727454795148,0.73646268823729,0.78125,0.78125,0.8965129320533615,0.91357421875
libero_object_t00_ep007_s0048_pre_grasp,testC,pre_grasp,libero_object,0,libero_object_t0_ep7,B2_change_norm,0.9652430476081483,0.8152077174816351,0.890625,0.890625,0.9131284886111654,0.974853515625
libero_object_t00_ep007_s0048_pre_grasp,testC,pre_grasp,libero_object,0,libero_object_t0_ep7,B3_cos_dist,0.9651200217441062,0.6642238816706273,0.890625,0.890625,0.9131174670465427,0.9746907552083334
libero_object_t00_ep007_s0048_pre_grasp,testC,pre_grasp,libero_object,0,libero_object_t0_ep7,B4_linear_stats,0.9657630464637217,0.8871807003328347,0.859375,0.859375,0.9152283832933794,0.9759114583333334
libero_object_t00_ep007_s0064_manipulation,testC,manipulation,libero_object,0,libero_object_t0_ep7,B0_random,-0.017169975967040514,-0.05271783599767836,0.21875,0.21875,0.4891531013673701,0.4589029947916667
libero_object_t00_ep007_s0064_manipulation,testC,manipulation,libero_object,0,libero_object_t0_ep7,B0x_token_index,-0.3497954337376974,-0.33479958484859834,0.109375,0.109375,0.4790084182794764,0.2682291666666667
libero_object_t00_ep007_s0064_manipulation,testC,manipulation,libero_object,0,libero_object_t0_ep7,B1_pred_norm_neg,0.6855315861753262,0.7412406325117324,0.734375,0.734375,0.8578517563509274,0.9190266927083334
libero_object_t00_ep007_s0064_manipulation,testC,manipulation,libero_object,0,libero_object_t0_ep7,B2_change_norm,0.9528016994735637,0.7252639155629835,0.859375,0.859375,0.8545357906033438,0.9683430989583334
libero_object_t00_ep007_s0064_manipulation,testC,manipulation,libero_object,0,libero_object_t0_ep7,B3_cos_dist,0.953058480201419,0.6043413928231062,0.859375,0.859375,0.856401665289174,0.9685872395833334
libero_object_t00_ep007_s0064_manipulation,testC,manipulation,libero_object,0,libero_object_t0_ep7,B4_linear_stats,0.9462598706797894,0.8286230938731041,0.84375,0.84375,0.8583946592054532,0.9613444010416666
libero_object_t00_ep008_s0024_approach,testC,approach,libero_object,0,libero_object_t0_ep8,B0_random,-0.07540341039139391,-0.026888018235348487,0.21875,0.21875,0.5683986981735039,0.4525553385416667
libero_object_t00_ep008_s0024_approach,testC,approach,libero_object,0,libero_object_t0_ep8,B0x_token_index,-0.33241659990844585,-0.3710842380739092,0.140625,0.140625,0.5789045663921438,0.2520345052083333
libero_object_t00_ep008_s0024_approach,testC,approach,libero_object,0,libero_object_t0_ep8,B1_pred_norm_neg,0.5499477855344472,0.7418201518008378,0.703125,0.703125,0.9121424674516694,0.879150390625
libero_object_t00_ep008_s0024_approach,testC,approach,libero_object,0,libero_object_t0_ep8,B2_change_norm,0.9568000400549325,0.7620051549028716,0.84375,0.84375,0.8920917867656989,0.9678548177083334
libero_object_t00_ep008_s0024_approach,testC,approach,libero_object,0,libero_object_t0_ep8,B3_cos_dist,0.9569602597848478,0.6265777183902501,0.84375,0.84375,0.8919292502289888,0.96826171875
libero_object_t00_ep008_s0024_approach,testC,approach,libero_object,0,libero_object_t0_ep8,B4_linear_stats,0.9557199874113069,0.887446717257781,0.84375,0.84375,0.9538050884279767,0.9663899739583334
libero_object_t00_ep008_s0040_pre_grasp,testC,pre_grasp,libero_object,0,libero_object_t0_ep8,B0_random,0.05571927214465553,0.027635410415257192,0.328125,0.328125,0.6056526571094714,0.51611328125
libero_object_t00_ep008_s0040_pre_grasp,testC,pre_grasp,libero_object,0,libero_object_t0_ep8,B0x_token_index,-0.3874713893339437,-0.40331391029682245,0.09375,0.09375,0.521080565975886,0.24267578125
libero_object_t00_ep008_s0040_pre_grasp,testC,pre_grasp,libero_object,0,libero_object_t0_ep8,B1_pred_norm_neg,0.6142202162966354,0.7546268921069366,0.734375,0.734375,0.8981756510197031,0.8877766927083334
libero_object_t00_ep008_s0040_pre_grasp,testC,pre_grasp,libero_object,0,libero_object_t0_ep8,B2_change_norm,0.9412880521858549,0.7806096906223894,0.875,0.875,0.9015661677398309,0.963134765625
libero_object_t00_ep008_s0040_pre_grasp,testC,pre_grasp,libero_object,0,libero_object_t0_ep8,B3_cos_dist,0.9418688487067979,0.6194336538418336,0.875,0.875,0.9022206425636299,0.9637858072916666
libero_object_t00_ep008_s0040_pre_grasp,testC,pre_grasp,libero_object,0,libero_object_t0_ep8,B4_linear_stats,0.9520113298237582,0.9027902749670349,0.875,0.875,0.9130551813016874,0.9681803385416666
libero_object_t00_ep008_s0056_manipulation,testC,manipulation,libero_object,0,libero_object_t0_ep8,B0_random,-0.0029004062714579996,0.05349985537730495,0.296875,0.296875,0.6102481469399821,0.5677897135416666
libero_object_t00_ep008_s0056_manipulation,testC,manipulation,libero_object,0,libero_object_t0_ep8,B0x_token_index,-0.4030491817349508,-0.41545162828950655,0.09375,0.09375,0.5493656162427434,0.2578125
libero_object_t00_ep008_s0056_manipulation,testC,manipulation,libero_object,0,libero_object_t0_ep8,B1_pred_norm_neg,0.6291528381780728,0.6890313554485153,0.734375,0.734375,0.8860415942212642,0.9077962239583334
libero_object_t00_ep008_s0056_manipulation,testC,manipulation,libero_object,0,libero_object_t0_ep8,B2_change_norm,0.9382624742504005,0.6732269930411792,0.8125,0.8125,0.8909503372314437,0.9554036458333334
libero_object_t00_ep008_s0056_manipulation,testC,manipulation,libero_object,0,libero_object_t0_ep8,B3_cos_dist,0.9383661879148547,0.5279586940935148,0.8125,0.8125,0.8930195820458391,0.95556640625
libero_object_t00_ep008_s0056_manipulation,testC,manipulation,libero_object,0,libero_object_t0_ep8,B4_linear_stats,0.9258576047150378,0.8608839190167463,0.828125,0.828125,0.9175097951613874,0.9469401041666666
libero_object_t00_ep009_s0024_approach,testC,approach,libero_object,0,libero_object_t0_ep9,B0_random,-0.050038624399176015,-0.03152724146403197,0.265625,0.265625,0.5648810253107369,0.5188802083333334
libero_object_t00_ep009_s0024_approach,testC,approach,libero_object,0,libero_object_t0_ep9,B0x_token_index,-0.36355358777752345,-0.3810837310955559,0.140625,0.140625,0.580176173685634,0.2765299479166667
libero_object_t00_ep009_s0024_approach,testC,approach,libero_object,0,libero_object_t0_ep9,B1_pred_norm_neg,0.5513869020370794,0.6658910542862152,0.625,0.625,0.8620470078148912,0.8375651041666666
libero_object_t00_ep009_s0024_approach,testC,approach,libero_object,0,libero_object_t0_ep9,B2_change_norm,0.9632238498512246,0.7526817338506071,0.8125,0.8125,0.9306703901034225,0.963134765625
libero_object_t00_ep009_s0024_approach,testC,approach,libero_object,0,libero_object_t0_ep9,B3_cos_dist,0.9632903696498054,0.5913232193998226,0.8125,0.8125,0.9308607444490963,0.96337890625
libero_object_t00_ep009_s0024_approach,testC,approach,libero_object,0,libero_object_t0_ep9,B4_linear_stats,0.9569051842526894,0.8776570268479162,0.78125,0.78125,0.9060584046522131,0.9584147135416666
libero_object_t00_ep009_s0048_pre_grasp,testC,pre_grasp,libero_object,0,libero_object_t0_ep9,B0_random,-0.12427400434882124,-0.14687563559995956,0.140625,0.140625,0.5084407598792596,0.3894856770833333
libero_object_t00_ep009_s0048_pre_grasp,testC,pre_grasp,libero_object,0,libero_object_t0_ep9,B0x_token_index,-0.38152037079423207,-0.38198721619986886,0.0625,0.0625,0.5066426079415581,0.23616536458333334
libero_object_t00_ep009_s0048_pre_grasp,testC,pre_grasp,libero_object,0,libero_object_t0_ep9,B1_pred_norm_neg,0.6282837891966125,0.7486750581784672,0.75,0.75,0.9177158844395926,0.9004720052083334
libero_object_t00_ep009_s0048_pre_grasp,testC,pre_grasp,libero_object,0,libero_object_t0_ep9,B2_change_norm,0.9508239871824216,0.8305744369906554,0.84375,0.84375,0.9059096640309777,0.970947265625
libero_object_t00_ep009_s0048_pre_grasp,testC,pre_grasp,libero_object,0,libero_object_t0_ep9,B3_cos_dist,0.9512016479743648,0.7065317997791004,0.859375,0.859375,0.9079574551806828,0.9717610677083334
libero_object_t00_ep009_s0048_pre_grasp,testC,pre_grasp,libero_object,0,libero_object_t0_ep9,B4_linear_stats,0.95424796864271,0.9075965512161009,0.875,0.875,0.9511802323444168,0.9759114583333334
libero_object_t00_ep009_s0064_manipulation,testC,manipulation,libero_object,0,libero_object_t0_ep9,B0_random,-0.007598992904554818,0.017160992498674737,0.25,0.25,0.5611721128622031,0.561767578125
libero_object_t00_ep009_s0064_manipulation,testC,manipulation,libero_object,0,libero_object_t0_ep9,B0x_token_index,-0.40846303501945525,-0.4236708168909677,0.09375,0.09375,0.48265927415065496,0.275390625
libero_object_t00_ep009_s0064_manipulation,testC,manipulation,libero_object,0,libero_object_t0_ep9,B1_pred_norm_neg,0.6899640936140994,0.792476011674851,0.734375,0.734375,0.8975782049632738,0.904052734375
libero_object_t00_ep009_s0064_manipulation,testC,manipulation,libero_object,0,libero_object_t0_ep9,B2_change_norm,0.9235930704966812,0.6895369643893295,0.8125,0.8125,0.88884078121274,0.950439453125
libero_object_t00_ep009_s0064_manipulation,testC,manipulation,libero_object,0,libero_object_t0_ep9,B3_cos_dist,0.9239671549553674,0.5336302101901075,0.8125,0.8125,0.8894824305987116,0.9505208333333334
libero_object_t00_ep009_s0064_manipulation,testC,manipulation,libero_object,0,libero_object_t0_ep9,B4_linear_stats,0.921769855802243,0.8604021973977061,0.859375,0.859375,0.9284879346140273,0.95703125
libero_spatial_t02_ep000_s0024_approach,testC,approach,libero_spatial,2,libero_spatial_t2_ep0,B0_random,0.0028989757381551844,-0.00035301289409206594,0.28125,0.28125,0.6211507437297663,0.54052734375
libero_spatial_t02_ep000_s0024_approach,testC,approach,libero_spatial,2,libero_spatial_t2_ep0,B0x_token_index,-0.4369556820782788,-0.40212519298347166,0.109375,0.109375,0.5420906462045527,0.277099609375
libero_spatial_t02_ep000_s0024_approach,testC,approach,libero_spatial,2,libero_spatial_t2_ep0,B1_pred_norm_neg,0.5086604486152437,0.5898784240242808,0.59375,0.59375,0.8563253061557158,0.7782389322916666
libero_spatial_t02_ep000_s0024_approach,testC,approach,libero_spatial,2,libero_spatial_t2_ep0,B2_change_norm,0.9060769054703594,0.6805752521355346,0.640625,0.640625,0.8260617518423986,0.8992513020833334
libero_spatial_t02_ep000_s0024_approach,testC,approach,libero_spatial,2,libero_spatial_t2_ep0,B3_cos_dist,0.9060997940032044,0.5413266876094719,0.640625,0.640625,0.8262698655576926,0.8994140625
libero_spatial_t02_ep000_s0024_approach,testC,approach,libero_spatial,2,libero_spatial_t2_ep0,B4_linear_stats,0.91943093385214,0.8588964174124476,0.703125,0.703125,0.9034632501448842,0.936767578125
libero_spatial_t02_ep000_s0040_pre_grasp,testC,pre_grasp,libero_spatial,2,libero_spatial_t2_ep0,B0_random,0.027736610208285647,0.0554324722045218,0.28125,0.28125,0.6508966108050367,0.526611328125
libero_spatial_t02_ep000_s0040_pre_grasp,testC,pre_grasp,libero_spatial,2,libero_spatial_t2_ep0,B0x_token_index,-0.29581425955596247,-0.23462302027365844,0.125,0.125,0.5774340301285442,0.3592936197916667
libero_spatial_t02_ep000_s0040_pre_grasp,testC,pre_grasp,libero_spatial,2,libero_spatial_t2_ep0,B1_pred_norm_neg,0.5696140421149004,0.6035325311854165,0.59375,0.59375,0.861843840806107,0.7921549479166666
libero_spatial_t02_ep000_s0040_pre_grasp,testC,pre_grasp,libero_spatial,2,libero_spatial_t2_ep0,B2_change_norm,0.9303058480201419,0.8319178779842817,0.75,0.75,0.9067404539862286,0.9483235677083334
libero_spatial_t02_ep000_s0040_pre_grasp,testC,pre_grasp,libero_spatial,2,libero_spatial_t2_ep0,B3_cos_dist,0.9299854085603113,0.7332958393536753,0.75,0.75,0.906479167758739,0.9481608072916666
libero_spatial_t02_ep000_s0040_pre_grasp,testC,pre_grasp,libero_spatial,2,libero_spatial_t2_ep0,B4_linear_stats,0.9305733577477684,0.8710200734088115,0.75,0.75,0.8943638751586982,0.947509765625
libero_spatial_t02_ep000_s0064_manipulation,testC,manipulation,libero_spatial,2,libero_spatial_t2_ep0,B0_random,-0.015587806134126803,-0.009468367216192436,0.265625,0.265625,0.5691818731413897,0.4840494791666667
libero_spatial_t02_ep000_s0064_manipulation,testC,manipulation,libero_spatial,2,libero_spatial_t2_ep0,B0x_token_index,-0.3605473220416571,-0.29570755445788466,0.125,0.125,0.5164679298945987,0.3562825520833333
libero_spatial_t02_ep000_s0064_manipulation,testC,manipulation,libero_spatial,2,libero_spatial_t2_ep0,B1_pred_norm_neg,0.5972605287251087,0.7271029862837906,0.734375,0.734375,0.9207871049722935,0.859375
libero_spatial_t02_ep000_s0064_manipulation,testC,manipulation,libero_spatial,2,libero_spatial_t2_ep0,B2_change_norm,0.862178845273518,0.6735993621986487,0.71875,0.71875,0.8402483901049845,0.9261067708333334
libero_spatial_t02_ep000_s0064_manipulation,testC,manipulation,libero_spatial,2,libero_spatial_t2_ep0,B3_cos_dist,0.8628111409933623,0.5786516422755545,0.71875,0.71875,0.8408184828037432,0.9265950520833334
libero_spatial_t02_ep000_s0064_manipulation,testC,manipulation,libero_spatial,2,libero_spatial_t2_ep0,B4_linear_stats,0.7895098992904555,0.7107309768600719,0.609375,0.609375,0.8778321292814003,0.850341796875
libero_spatial_t02_ep001_s0016_approach,testC,approach,libero_spatial,2,libero_spatial_t2_ep1,B0_random,0.06654554818036164,0.0723869764744976,0.3125,0.3125,0.6425940639578769,0.58349609375
libero_spatial_t02_ep001_s0016_approach,testC,approach,libero_spatial,2,libero_spatial_t2_ep1,B0x_token_index,-0.4376952677958343,-0.3884545735408382,0.15625,0.15625,0.5594649659156625,0.3368326822916667
libero_spatial_t02_ep001_s0016_approach,testC,approach,libero_spatial,2,libero_spatial_t2_ep1,B1_pred_norm_neg,0.5247410734721905,0.5854036879790813,0.59375,0.59375,0.8530882397002388,0.7692057291666666
libero_spatial_t02_ep001_s0016_approach,testC,approach,libero_spatial,2,libero_spatial_t2_ep1,B2_change_norm,0.8914697299153125,0.6716680976994963,0.625,0.625,0.8453687262229095,0.8986002604166666
libero_spatial_t02_ep001_s0016_approach,testC,approach,libero_spatial,2,libero_spatial_t2_ep1,B3_cos_dist,0.891682879377432,0.5462081642898505,0.609375,0.609375,0.8425693201065529,0.8988444010416666
libero_spatial_t02_ep001_s0016_approach,testC,approach,libero_spatial,2,libero_spatial_t2_ep1,B4_linear_stats,0.8583013847562371,0.7920899632517607,0.65625,0.65625,0.8821283533526005,0.88623046875
libero_spatial_t02_ep001_s0032_pre_grasp,testC,pre_grasp,libero_spatial,2,libero_spatial_t2_ep1,B0_random,-0.014599307621881438,-0.03139615965873188,0.234375,0.234375,0.6084956928088989,0.452392578125
libero_spatial_t02_ep001_s0032_pre_grasp,testC,pre_grasp,libero_spatial,2,libero_spatial_t2_ep1,B0x_token_index,-0.2847233348592355,-0.23338825401970775,0.15625,0.15625,0.5891213899814917,0.4090983072916667
libero_spatial_t02_ep001_s0032_pre_grasp,testC,pre_grasp,libero_spatial,2,libero_spatial_t2_ep1,B1_pred_norm_neg,0.5128161478599221,0.585536424047397,0.59375,0.59375,0.8730191411895434,0.76806640625
libero_spatial_t02_ep001_s0032_pre_grasp,testC,pre_grasp,libero_spatial,2,libero_spatial_t2_ep1,B2_change_norm,0.8824108777752346,0.6926248311168679,0.65625,0.65625,0.8660599703266856,0.91064453125
libero_spatial_t02_ep001_s0032_pre_grasp,testC,pre_grasp,libero_spatial,2,libero_spatial_t2_ep1,B3_cos_dist,0.8829716468299382,0.5508270832871539,0.65625,0.65625,0.8685347431695013,0.9109700520833334
libero_spatial_t02_ep001_s0032_pre_grasp,testC,pre_grasp,libero_spatial,2,libero_spatial_t2_ep1,B4_linear_stats,0.8958600366216526,0.839365054040404,0.671875,0.671875,0.9099833024696226,0.9205729166666666
libero_spatial_t02_ep001_s0056_manipulation,testC,manipulation,libero_spatial,2,libero_spatial_t2_ep1,B0_random,0.03161907759212634,0.05590429433189466,0.296875,0.296875,0.5842363477416175,0.5472005208333334
libero_spatial_t02_ep001_s0056_manipulation,testC,manipulation,libero_spatial,2,libero_spatial_t2_ep1,B0x_token_index,-0.3029612039368276,-0.24829544580495033,0.171875,0.171875,0.5417944648373102,0.3810221354166667
libero_spatial_t02_ep001_s0056_manipulation,testC,manipulation,libero_spatial,2,libero_spatial_t2_ep1,B1_pred_norm_neg,0.5206111238269627,0.6517786517832265,0.578125,0.578125,0.8886780059735828,0.7560221354166666
libero_spatial_t02_ep001_s0056_manipulation,testC,manipulation,libero_spatial,2,libero_spatial_t2_ep1,B2_change_norm,0.8518918802929732,0.6081425095668386,0.609375,0.609375,0.7870062051009836,0.8736979166666666
libero_spatial_t02_ep001_s0056_manipulation,testC,manipulation,libero_spatial,2,libero_spatial_t2_ep1,B3_cos_dist,0.8523854142824445,0.4889492328400931,0.609375,0.609375,0.7884821397632251,0.8740234375
libero_spatial_t02_ep001_s0056_manipulation,testC,manipulation,libero_spatial,2,libero_spatial_t2_ep1,B4_linear_stats,0.8705589093614099,0.7758197069169055,0.625,0.625,0.9110491403499322,0.89697265625
libero_spatial_t02_ep002_s0016_approach,testC,approach,libero_spatial,2,libero_spatial_t2_ep2,B0_random,-0.05370794232089723,-0.050693945076713064,0.265625,0.265625,0.6241439680302431,0.4506022135416667
libero_spatial_t02_ep002_s0016_approach,testC,approach,libero_spatial,2,libero_spatial_t2_ep2,B0x_token_index,-0.454379577706569,-0.3996900084048326,0.125,0.125,0.5528846327815665,0.2579752604166667
libero_spatial_t02_ep002_s0016_approach,testC,approach,libero_spatial,2,libero_spatial_t2_ep2,B1_pred_norm_neg,0.5033195525291829,0.5231119620731072,0.546875,0.546875,0.8111947705277939,0.768798828125
libero_spatial_t02_ep002_s0016_approach,testC,approach,libero_spatial,2,libero_spatial_t2_ep2,B2_change_norm,0.8912558651865415,0.6734701864359607,0.6875,0.6875,0.8393317302443811,0.9138997395833334
libero_spatial_t02_ep002_s0016_approach,testC,approach,libero_spatial,2,libero_spatial_t2_ep2,B3_cos_dist,0.8911542973220417,0.5397078605802994,0.6875,0.6875,0.8393660071143569,0.9142252604166666
libero_spatial_t02_ep002_s0016_approach,testC,approach,libero_spatial,2,libero_spatial_t2_ep2,B4_linear_stats,0.8789697299153124,0.8140056948424379,0.71875,0.71875,0.8893032099753837,0.929443359375
libero_spatial_t02_ep002_s0032_pre_grasp,testC,pre_grasp,libero_spatial,2,libero_spatial_t2_ep2,B0_random,-0.017293717097734036,-0.009937176171523947,0.296875,0.296875,0.6321400773394613,0.4935709635416667
libero_spatial_t02_ep002_s0032_pre_grasp,testC,pre_grasp,libero_spatial,2,libero_spatial_t2_ep2,B0x_token_index,-0.3410148203250172,-0.26949880427439243,0.140625,0.140625,0.5885160678317646,0.3846028645833333
libero_spatial_t02_ep002_s0032_pre_grasp,testC,pre_grasp,libero_spatial,2,libero_spatial_t2_ep2,B1_pred_norm_neg,0.5328936827649348,0.5949415393269532,0.59375,0.59375,0.8901619093184818,0.77685546875
libero_spatial_t02_ep002_s0032_pre_grasp,testC,pre_grasp,libero_spatial,2,libero_spatial_t2_ep2,B2_change_norm,0.9051105802243076,0.664993193031729,0.65625,0.65625,0.8547675379653501,0.90625
libero_spatial_t02_ep002_s0032_pre_grasp,testC,pre_grasp,libero_spatial,2,libero_spatial_t2_ep2,B3_cos_dist,0.9057378690775921,0.5229150052015541,0.671875,0.671875,0.8614179694436707,0.906982421875
libero_spatial_t02_ep002_s0032_pre_grasp,testC,pre_grasp,libero_spatial,2,libero_spatial_t2_ep2,B4_linear_stats,0.9166371023117418,0.8466013189696548,0.65625,0.65625,0.8958269218066264,0.9165852864583334
libero_spatial_t02_ep002_s0056_manipulation,testC,manipulation,libero_spatial,2,libero_spatial_t2_ep2,B0_random,0.0185161078049897,0.020439150976196162,0.234375,0.234375,0.6113147245604941,0.4977213541666667
libero_spatial_t02_ep002_s0056_manipulation,testC,manipulation,libero_spatial,2,libero_spatial_t2_ep2,B0x_token_index,-0.311733234149691,-0.23055857360054183,0.1875,0.1875,0.5560024292203394,0.4047037760416667
libero_spatial_t02_ep002_s0056_manipulation,testC,manipulation,libero_spatial,2,libero_spatial_t2_ep2,B1_pred_norm_neg,0.5539253833829252,0.6849464384528545,0.625,0.625,0.9016162981023675,0.7882486979166666
libero_spatial_t02_ep002_s0056_manipulation,testC,manipulation,libero_spatial,2,libero_spatial_t2_ep2,B2_change_norm,0.869927328908217,0.6325239080823861,0.578125,0.578125,0.8110688580369415,0.8902180989583334
libero_spatial_t02_ep002_s0056_manipulation,testC,manipulation,libero_spatial,2,libero_spatial_t2_ep2,B3_cos_dist,0.8707663366903181,0.5084792754177512,0.578125,0.578125,0.8145206121778409,0.8912760416666666
libero_spatial_t02_ep002_s0056_manipulation,testC,manipulation,libero_spatial,2,libero_spatial_t2_ep2,B4_linear_stats,0.8658123998626688,0.7865586819389593,0.609375,0.609375,0.9059843769594766,0.885986328125
libero_spatial_t02_ep003_s0016_approach,testC,approach,libero_spatial,2,libero_spatial_t2_ep3,B0_random,0.05608763447013047,0.01619222274868022,0.25,0.25,0.607824863604907,0.4820149739583333
libero_spatial_t02_ep003_s0016_approach,testC,approach,libero_spatial,2,libero_spatial_t2_ep3,B0x_token_index,-0.45676070038910505,-0.40535661532910394,0.125,0.125,0.5464984752029114,0.261962890625
libero_spatial_t02_ep003_s0016_approach,testC,approach,libero_spatial,2,libero_spatial_t2_ep3,B1_pred_norm_neg,0.4413910505836576,0.5401418356525269,0.59375,0.59375,0.8417289636171739,0.7447916666666666
libero_spatial_t02_ep003_s0016_approach,testC,approach,libero_spatial,2,libero_spatial_t2_ep3,B2_change_norm,0.9172736896314946,0.7458474309244317,0.703125,0.703125,0.8766086988037752,0.9268391927083334
libero_spatial_t02_ep003_s0016_approach,testC,approach,libero_spatial,2,libero_spatial_t2_ep3,B3_cos_dist,0.9168488212405584,0.6389400910625581,0.6875,0.6875,0.875957159997545,0.9266764322916666
libero_spatial_t02_ep003_s0016_approach,testC,approach,libero_spatial,2,libero_spatial_t2_ep3,B4_linear_stats,0.8935397116044862,0.7901700349582716,0.65625,0.65625,0.8426984020927709,0.9139811197916666
libero_spatial_t02_ep003_s0032_pre_grasp,testC,pre_grasp,libero_spatial,2,libero_spatial_t2_ep3,B0_random,-0.005941720073243305,0.0356062903953309,0.234375,0.234375,0.6284815713184763,0.5611165364583334
libero_spatial_t02_ep003_s0032_pre_grasp,testC,pre_grasp,libero_spatial,2,libero_spatial_t2_ep3,B0x_token_index,-0.28586132410162507,-0.20038376440358338,0.1875,0.1875,0.607182824448292,0.4086100260416667
libero_spatial_t02_ep003_s0032_pre_grasp,testC,pre_grasp,libero_spatial,2,libero_spatial_t2_ep3,B1_pred_norm_neg,0.37376115815976196,0.42122092507829145,0.578125,0.578125,0.7932510830911607,0.7418619791666666
libero_spatial_t02_ep003_s0032_pre_grasp,testC,pre_grasp,libero_spatial,2,libero_spatial_t2_ep3,B2_change_norm,0.9238241016250859,0.764057343020981,0.71875,0.71875,0.8482058418186045,0.9275716145833334
libero_spatial_t02_ep003_s0032_pre_grasp,testC,pre_grasp,libero_spatial,2,libero_spatial_t2_ep3,B3_cos_dist,0.9237783245593958,0.6645624182185812,0.71875,0.71875,0.8480534289745667,0.927734375
libero_spatial_t02_ep003_s0032_pre_grasp,testC,pre_grasp,libero_spatial,2,libero_spatial_t2_ep3,B4_linear_stats,0.9250164511329824,0.8252235228684325,0.71875,0.71875,0.8522724058408504,0.931640625
libero_spatial_t02_ep003_s0056_manipulation,testC,manipulation,libero_spatial,2,libero_spatial_t2_ep3,B0_random,-0.019566119249256123,-0.06241902015254701,0.265625,0.265625,0.5886083945458964,0.4868977864583333
libero_spatial_t02_ep003_s0056_manipulation,testC,manipulation,libero_spatial,2,libero_spatial_t2_ep3,B0x_token_index,-0.4204916742961776,-0.3614008869319244,0.140625,0.140625,0.5376973797733645,0.313720703125
libero_spatial_t02_ep003_s0056_manipulation,testC,manipulation,libero_spatial,2,libero_spatial_t2_ep3,B1_pred_norm_neg,0.568111266880293,0.6236574093227116,0.609375,0.609375,0.8420498797097887,0.812744140625
libero_spatial_t02_ep003_s0056_manipulation,testC,manipulation,libero_spatial,2,libero_spatial_t2_ep3,B2_change_norm,0.8730380235751888,0.6803796778496051,0.65625,0.65625,0.8325474219470728,0.893798828125
libero_spatial_t02_ep003_s0056_manipulation,testC,manipulation,libero_spatial,2,libero_spatial_t2_ep3,B3_cos_dist,0.8740393968871595,0.5747566462245127,0.65625,0.65625,0.8370272589949651,0.8946940104166666
libero_spatial_t02_ep003_s0056_manipulation,testC,manipulation,libero_spatial,2,libero_spatial_t2_ep3,B4_linear_stats,0.853558451590753,0.7628745086952236,0.609375,0.609375,0.8409997165584481,0.875244140625
libero_spatial_t02_ep004_s0016_approach,testC,approach,libero_spatial,2,libero_spatial_t2_ep4,B0_random,-0.04410834859235523,-0.03912372734542699,0.25,0.25,0.5956508465605108,0.489013671875
libero_spatial_t02_ep004_s0016_approach,testC,approach,libero_spatial,2,libero_spatial_t2_ep4,B0x_token_index,-0.44600881208514537,-0.3756767120941421,0.140625,0.140625,0.5461678318840213,0.2967122395833333
libero_spatial_t02_ep004_s0016_approach,testC,approach,libero_spatial,2,libero_spatial_t2_ep4,B1_pred_norm_neg,0.5004327363241017,0.6411858237143948,0.625,0.625,0.8736456121540342,0.7960611979166666
libero_spatial_t02_ep004_s0016_approach,testC,approach,libero_spatial,2,libero_spatial_t2_ep4,B2_change_norm,0.9109900720988785,0.6839322714808925,0.75,0.75,0.8661040598951406,0.941162109375
libero_spatial_t02_ep004_s0016_approach,testC,approach,libero_spatial,2,libero_spatial_t2_ep4,B3_cos_dist,0.9110894941634241,0.5503678575540827,0.75,0.75,0.8661624262622685,0.9414876302083334
libero_spatial_t02_ep004_s0016_approach,testC,approach,libero_spatial,2,libero_spatial_t2_ep4,B4_linear_stats,0.8793974593728542,0.8196681550375087,0.78125,0.78125,0.8832118101157919,0.9127604166666666
libero_spatial_t02_ep004_s0032_pre_grasp,testC,pre_grasp,libero_spatial,2,libero_spatial_t2_ep4,B0_random,0.11557922293430992,0.11465960616400049,0.3125,0.3125,0.6710255923758711,0.61865234375
libero_spatial_t02_ep004_s0032_pre_grasp,testC,pre_grasp,libero_spatial,2,libero_spatial_t2_ep4,B0x_token_index,-0.3301098649576562,-0.2728145573624216,0.15625,0.15625,0.5915449541688294,0.3792317708333333
libero_spatial_t02_ep004_s0032_pre_grasp,testC,pre_grasp,libero_spatial,2,libero_spatial_t2_ep4,B1_pred_norm_neg,0.5592798695353628,0.5835305405778743,0.625,0.625,0.8596223335546875,0.81005859375
libero_spatial_t02_ep004_s0032_pre_grasp,testC,pre_grasp,libero_spatial,2,libero_spatial_t2_ep4,B2_change_norm,0.9045777065690089,0.6750034401603391,0.75,0.75,0.8661608129249639,0.9264322916666666
libero_spatial_t02_ep004_s0032_pre_grasp,testC,pre_grasp,libero_spatial,2,libero_spatial_t2_ep4,B3_cos_dist,0.905060511558709,0.5214163403536651,0.75,0.75,0.8664164814136875,0.9267578125
libero_spatial_t02_ep004_s0032_pre_grasp,testC,pre_grasp,libero_spatial,2,libero_spatial_t2_ep4,B4_linear_stats,0.9172801270313573,0.8543987682926697,0.765625,0.765625,0.9044771351825969,0.9366861979166666
libero_spatial_t02_ep004_s0056_manipulation,testC,manipulation,libero_spatial,2,libero_spatial_t2_ep4,B0_random,-0.05526007095445182,-0.07928946873168165,0.265625,0.265625,0.564532053992179,0.5052897135416666
libero_spatial_t02_ep004_s0056_manipulation,testC,manipulation,libero_spatial,2,libero_spatial_t2_ep4,B0x_token_index,-0.4136437113756008,-0.3530724019700626,0.125,0.125,0.5287504812644828,0.339111328125
libero_spatial_t02_ep004_s0056_manipulation,testC,manipulation,libero_spatial,2,libero_spatial_t2_ep4,B1_pred_norm_neg,0.562977082856489,0.663180365057939,0.6875,0.6875,0.8715418378990053,0.8362630208333334
libero_spatial_t02_ep004_s0056_manipulation,testC,manipulation,libero_spatial,2,libero_spatial_t2_ep4,B2_change_norm,0.8928995479514763,0.7124565945948533,0.75,0.75,0.8534854724077181,0.9348958333333334
libero_spatial_t02_ep004_s0056_manipulation,testC,manipulation,libero_spatial,2,libero_spatial_t2_ep4,B3_cos_dist,0.8938558594644084,0.6059980265670124,0.765625,0.765625,0.8600181219232828,0.9359537760416666
libero_spatial_t02_ep004_s0056_manipulation,testC,manipulation,libero_spatial,2,libero_spatial_t2_ep4,B4_linear_stats,0.892553358892195,0.8187106906283316,0.6875,0.6875,0.893101610510513,0.9226888020833334
libero_spatial_t02_ep005_s0016_approach,testC,approach,libero_spatial,2,libero_spatial_t2_ep5,B0_random,-0.08813372625314718,-0.06514106865016514,0.234375,0.234375,0.5719241782214858,0.4931640625
libero_spatial_t02_ep005_s0016_approach,testC,approach,libero_spatial,2,libero_spatial_t2_ep5,B0x_token_index,-0.3067156385900664,-0.26216336685043035,0.203125,0.203125,0.5996025819369872,0.3706868489583333
libero_spatial_t02_ep005_s0016_approach,testC,approach,libero_spatial,2,libero_spatial_t2_ep5,B1_pred_norm_neg,0.5501194495307851,0.6054168651498455,0.65625,0.65625,0.8589684901513167,0.8297526041666666
libero_spatial_t02_ep005_s0016_approach,testC,approach,libero_spatial,2,libero_spatial_t2_ep5,B2_change_norm,0.8750178816662852,0.7161640162990939,0.75,0.75,0.8750785957316646,0.9317220052083334
libero_spatial_t02_ep005_s0016_approach,testC,approach,libero_spatial,2,libero_spatial_t2_ep5,B3_cos_dist,0.8752446211947814,0.6117873583818675,0.75,0.75,0.8756289193552622,0.931884765625
libero_spatial_t02_ep005_s0016_approach,testC,approach,libero_spatial,2,libero_spatial_t2_ep5,B4_linear_stats,0.8743426699473563,0.8177961580687783,0.75,0.75,0.8893522863065385,0.9266764322916666
libero_spatial_t02_ep005_s0032_pre_grasp,testC,pre_grasp,libero_spatial,2,libero_spatial_t2_ep5,B0_random,0.10487883382925155,0.10556888105877618,0.265625,0.265625,0.6865516499621402,0.510498046875
libero_spatial_t02_ep005_s0032_pre_grasp,testC,pre_grasp,libero_spatial,2,libero_spatial_t2_ep5,B0x_token_index,-0.31373097390707255,-0.26170765840383525,0.125,0.125,0.5729303929807688,0.3716634114583333
libero_spatial_t02_ep005_s0032_pre_grasp,testC,pre_grasp,libero_spatial,2,libero_spatial_t2_ep5,B1_pred_norm_neg,0.6128011272602426,0.6904114816241702,0.671875,0.671875,0.9174584397927036,0.84130859375
libero_spatial_t02_ep005_s0032_pre_grasp,testC,pre_grasp,libero_spatial,2,libero_spatial_t2_ep5,B2_change_norm,0.9248140306706341,0.7410744762440513,0.75,0.75,0.8835904898662569,0.9314778645833334
libero_spatial_t02_ep005_s0032_pre_grasp,testC,pre_grasp,libero_spatial,2,libero_spatial_t2_ep5,B3_cos_dist,0.9250221732661936,0.616695202783037,0.75,0.75,0.8836932824079837,0.9315592447916666
libero_spatial_t02_ep005_s0032_pre_grasp,testC,pre_grasp,libero_spatial,2,libero_spatial_t2_ep5,B4_linear_stats,0.9313844701304647,0.8785658250525719,0.765625,0.765625,0.9351225911731087,0.9395345052083334
libero_spatial_t02_ep005_s0056_manipulation,testC,manipulation,libero_spatial,2,libero_spatial_t2_ep5,B0_random,0.033980888075074385,0.02696181998444369,0.1875,0.1875,0.5989640890959527,0.482666015625
libero_spatial_t02_ep005_s0056_manipulation,testC,manipulation,libero_spatial,2,libero_spatial_t2_ep5,B0x_token_index,-0.3361760414282445,-0.28117516621090893,0.171875,0.171875,0.5393296221972741,0.3767903645833333
libero_spatial_t02_ep005_s0056_manipulation,testC,manipulation,libero_spatial,2,libero_spatial_t2_ep5,B1_pred_norm_neg,0.6480888075074388,0.717706572323169,0.640625,0.640625,0.8899543745410236,0.8159993489583334
libero_spatial_t02_ep005_s0056_manipulation,testC,manipulation,libero_spatial,2,libero_spatial_t2_ep5,B2_change_norm,0.8879134241245136,0.7024288039207677,0.71875,0.71875,0.8421122055060654,0.9205729166666666
libero_spatial_t02_ep005_s0056_manipulation,testC,manipulation,libero_spatial,2,libero_spatial_t2_ep5,B3_cos_dist,0.8884484435797665,0.5883276144969795,0.71875,0.71875,0.8425972251608475,0.920654296875
libero_spatial_t02_ep005_s0056_manipulation,testC,manipulation,libero_spatial,2,libero_spatial_t2_ep5,B4_linear_stats,0.8975630865186541,0.8180402941664158,0.75,0.75,0.9338918127631722,0.9271647135416666
libero_spatial_t02_ep006_s0016_approach,testC,approach,libero_spatial,2,libero_spatial_t2_ep6,B0_random,0.13023575188830397,0.1408522762114097,0.28125,0.28125,0.6721205067092443,0.5608723958333334
libero_spatial_t02_ep006_s0016_approach,testC,approach,libero_spatial,2,libero_spatial_t2_ep6,B0x_token_index,-0.450468499656672,-0.4250174577232371,0.140625,0.140625,0.5968042807234863,0.2613118489583333
libero_spatial_t02_ep006_s0016_approach,testC,approach,libero_spatial,2,libero_spatial_t2_ep6,B1_pred_norm_neg,0.5085803387502861,0.5539633540889707,0.5625,0.5625,0.8601627652869605,0.7906087239583334
libero_spatial_t02_ep006_s0016_approach,testC,approach,libero_spatial,2,libero_spatial_t2_ep6,B2_change_norm,0.8990579938200961,0.687220862410802,0.640625,0.640625,0.8605286347743843,0.918212890625
libero_spatial_t02_ep006_s0016_approach,testC,approach,libero_spatial,2,libero_spatial_t2_ep6,B3_cos_dist,0.8993026150148775,0.5455545529731403,0.640625,0.640625,0.8606331862271681,0.91845703125
libero_spatial_t02_ep006_s0016_approach,testC,approach,libero_spatial,2,libero_spatial_t2_ep6,B4_linear_stats,0.8795705539024948,0.8345166464747118,0.640625,0.640625,0.8991422071186052,0.900634765625
libero_spatial_t02_ep006_s0032_pre_grasp,testC,pre_grasp,libero_spatial,2,libero_spatial_t2_ep6,B0_random,0.138359750514992,0.14967302115710632,0.296875,0.296875,0.6882876184692538,0.552490234375
libero_spatial_t02_ep006_s0032_pre_grasp,testC,pre_grasp,libero_spatial,2,libero_spatial_t2_ep6,B0x_token_index,-0.3697284847791257,-0.3163418585920192,0.109375,0.109375,0.5459551412408344,0.3404947916666667
libero_spatial_t02_ep006_s0032_pre_grasp,testC,pre_grasp,libero_spatial,2,libero_spatial_t2_ep6,B1_pred_norm_neg,0.5699380579079881,0.6239303474940133,0.65625,0.65625,0.869042991765108,0.8019205729166666
libero_spatial_t02_ep006_s0032_pre_grasp,testC,pre_grasp,libero_spatial,2,libero_spatial_t2_ep6,B2_change_norm,0.8957084000915542,0.6981331913415356,0.71875,0.71875,0.8902176470303239,0.9208170572916666
libero_spatial_t02_ep006_s0032_pre_grasp,testC,pre_grasp,libero_spatial,2,libero_spatial_t2_ep6,B3_cos_dist,0.8962005035477226,0.5656040053265355,0.71875,0.71875,0.8913430636680998,0.921142578125
libero_spatial_t02_ep006_s0032_pre_grasp,testC,pre_grasp,libero_spatial,2,libero_spatial_t2_ep6,B4_linear_stats,0.9014398317692836,0.8323435664001744,0.703125,0.703125,0.8897068835367994,0.9292805989583334
libero_spatial_t02_ep006_s0056_manipulation,testC,manipulation,libero_spatial,2,libero_spatial_t2_ep6,B0_random,0.04080810826276036,0.03526247453999188,0.3125,0.3125,0.5950856129312722,0.5543619791666666
libero_spatial_t02_ep006_s0056_manipulation,testC,manipulation,libero_spatial,2,libero_spatial_t2_ep6,B0x_token_index,-0.35170448043030444,-0.2837048181551224,0.109375,0.109375,0.49173309158716677,0.3444010416666667
libero_spatial_t02_ep006_s0056_manipulation,testC,manipulation,libero_spatial,2,libero_spatial_t2_ep6,B1_pred_norm_neg,0.6697141794460975,0.7516696978938416,0.703125,0.703125,0.9003840305877377,0.8622233072916666
libero_spatial_t02_ep006_s0056_manipulation,testC,manipulation,libero_spatial,2,libero_spatial_t2_ep6,B2_change_norm,0.8842491130693523,0.6922593234107436,0.6875,0.6875,0.8207108205400204,0.9066569010416666
libero_spatial_t02_ep006_s0056_manipulation,testC,manipulation,libero_spatial,2,libero_spatial_t2_ep6,B3_cos_dist,0.8850995651178759,0.5896130749890073,0.6875,0.6875,0.8233326342021551,0.9073893229166666
libero_spatial_t02_ep006_s0056_manipulation,testC,manipulation,libero_spatial,2,libero_spatial_t2_ep6,B4_linear_stats,0.8939459830624857,0.797172381089616,0.6875,0.6875,0.8588844611535518,0.9228515625
libero_spatial_t02_ep007_s0016_approach,testC,approach,libero_spatial,2,libero_spatial_t2_ep7,B0_random,-0.03546292057679103,-0.01767663008050269,0.265625,0.265625,0.6356147380666699,0.4991861979166667
libero_spatial_t02_ep007_s0016_approach,testC,approach,libero_spatial,2,libero_spatial_t2_ep7,B0x_token_index,-0.45772344930189973,-0.4392216294578857,0.140625,0.140625,0.5949136062369288,0.23844401041666666
libero_spatial_t02_ep007_s0016_approach,testC,approach,libero_spatial,2,libero_spatial_t2_ep7,B1_pred_norm_neg,0.4859285591668574,0.5674400152083786,0.546875,0.546875,0.8689684364969421,0.7516276041666666
libero_spatial_t02_ep007_s0016_approach,testC,approach,libero_spatial,2,libero_spatial_t2_ep7,B2_change_norm,0.8891472590981918,0.6710403303486931,0.671875,0.671875,0.8599015888262094,0.9198404947916666
libero_spatial_t02_ep007_s0016_approach,testC,approach,libero_spatial,2,libero_spatial_t2_ep7,B3_cos_dist,0.8895392252231632,0.5242961946108153,0.671875,0.671875,0.8609245411043711,0.9200032552083334
libero_spatial_t02_ep007_s0016_approach,testC,approach,libero_spatial,2,libero_spatial_t2_ep7,B4_linear_stats,0.8990050640878919,0.850977387403455,0.71875,0.71875,0.9240586365305553,0.939697265625
libero_spatial_t02_ep007_s0032_pre_grasp,testC,pre_grasp,libero_spatial,2,libero_spatial_t2_ep7,B0_random,0.04408546005951019,0.05945614659827346,0.3125,0.3125,0.6420751331476057,0.5689290364583334
libero_spatial_t02_ep007_s0032_pre_grasp,testC,pre_grasp,libero_spatial,2,libero_spatial_t2_ep7,B0x_token_index,-0.3248762588693065,-0.23970957692807102,0.15625,0.15625,0.6039857352426916,0.3601888020833333
libero_spatial_t02_ep007_s0032_pre_grasp,testC,pre_grasp,libero_spatial,2,libero_spatial_t2_ep7,B1_pred_norm_neg,0.520469501029984,0.5378917020466067,0.578125,0.578125,0.8251167950582705,0.7750651041666666
libero_spatial_t02_ep007_s0032_pre_grasp,testC,pre_grasp,libero_spatial,2,libero_spatial_t2_ep7,B2_change_norm,0.9060075246051728,0.65432641950444,0.640625,0.640625,0.8461445292113351,0.9149576822916666
libero_spatial_t02_ep007_s0032_pre_grasp,testC,pre_grasp,libero_spatial,2,libero_spatial_t2_ep7,B3_cos_dist,0.9061577306019684,0.527300114096741,0.640625,0.640625,0.8465853596686308,0.9149576822916666
libero_spatial_t02_ep007_s0032_pre_grasp,testC,pre_grasp,libero_spatial,2,libero_spatial_t2_ep7,B4_linear_stats,0.9050912680247196,0.7955871419735719,0.640625,0.640625,0.885623487521755,0.9122721354166666
libero_spatial_t02_ep007_s0056_manipulation,testC,manipulation,libero_spatial,2,libero_spatial_t2_ep7,B0_random,-0.025135185397116046,0.013480197437298084,0.296875,0.296875,0.6401716911879911,0.5303548177083334
libero_spatial_t02_ep007_s0056_manipulation,testC,manipulation,libero_spatial,2,libero_spatial_t2_ep7,B0x_token_index,-0.3900914110780499,-0.3219173344657893,0.125,0.125,0.5491478160836103,0.3264973958333333
libero_spatial_t02_ep007_s0056_manipulation,testC,manipulation,libero_spatial,2,libero_spatial_t2_ep7,B1_pred_norm_neg,0.5572356374456398,0.6674340877565335,0.625,0.625,0.8942578321391517,0.8159993489583334
libero_spatial_t02_ep007_s0056_manipulation,testC,manipulation,libero_spatial,2,libero_spatial_t2_ep7,B2_change_norm,0.8769448100251774,0.6599632219823812,0.640625,0.640625,0.8242752030216209,0.9091796875
libero_spatial_t02_ep007_s0056_manipulation,testC,manipulation,libero_spatial,2,libero_spatial_t2_ep7,B3_cos_dist,0.8776657988097963,0.526113339883413,0.640625,0.640625,0.8221846498495737,0.9100748697916666
libero_spatial_t02_ep007_s0056_manipulation,testC,manipulation,libero_spatial,2,libero_spatial_t2_ep7,B4_linear_stats,0.9001094357976653,0.8392752292209146,0.703125,0.703125,0.9243092076436153,0.9295247395833334
libero_spatial_t02_ep008_s0016_approach,testC,approach,libero_spatial,2,libero_spatial_t2_ep8,B0_random,-0.07273689631494622,-0.06465950028507338,0.203125,0.203125,0.5703179239450247,0.4451497395833333
libero_spatial_t02_ep008_s0016_approach,testC,approach,libero_spatial,2,libero_spatial_t2_ep8,B0x_token_index,-0.45476796749828335,-0.4410043576305573,0.109375,0.109375,0.5730597592088897,0.263916015625
libero_spatial_t02_ep008_s0016_approach,testC,approach,libero_spatial,2,libero_spatial_t2_ep8,B1_pred_norm_neg,0.5596160448615244,0.6185505701063251,0.671875,0.671875,0.8762945072826314,0.8304036458333334
libero_spatial_t02_ep008_s0016_approach,testC,approach,libero_spatial,2,libero_spatial_t2_ep8,B2_change_norm,0.913635128175784,0.7522437293578221,0.75,0.75,0.8971991368155833,0.9393717447916666
libero_spatial_t02_ep008_s0016_approach,testC,approach,libero_spatial,2,libero_spatial_t2_ep8,B3_cos_dist,0.9139126516365301,0.6204077421557536,0.75,0.75,0.8971805756656193,0.939697265625
libero_spatial_t02_ep008_s0016_approach,testC,approach,libero_spatial,2,libero_spatial_t2_ep8,B4_linear_stats,0.8730694953078507,0.8337639130327563,0.703125,0.703125,0.890275705023541,0.90673828125
libero_spatial_t02_ep008_s0032_pre_grasp,testC,pre_grasp,libero_spatial,2,libero_spatial_t2_ep8,B0_random,0.03662522888532845,0.0391919329297312,0.265625,0.265625,0.6085474582547924,0.5021158854166666
libero_spatial_t02_ep008_s0032_pre_grasp,testC,pre_grasp,libero_spatial,2,libero_spatial_t2_ep8,B0x_token_index,-0.3197334916456855,-0.2554431446045823,0.140625,0.140625,0.530456099024921,0.381103515625
libero_spatial_t02_ep008_s0032_pre_grasp,testC,pre_grasp,libero_spatial,2,libero_spatial_t2_ep8,B1_pred_norm_neg,0.6219572556649119,0.6669569611697703,0.671875,0.671875,0.864680208545786,0.8544921875
libero_spatial_t02_ep008_s0032_pre_grasp,testC,pre_grasp,libero_spatial,2,libero_spatial_t2_ep8,B2_change_norm,0.924143825818265,0.754398766310046,0.75,0.75,0.8655553658521853,0.9457194010416666
libero_spatial_t02_ep008_s0032_pre_grasp,testC,pre_grasp,libero_spatial,2,libero_spatial_t2_ep8,B3_cos_dist,0.9247796978713665,0.639130697669483,0.75,0.75,0.8641885930335396,0.9461263020833334
libero_spatial_t02_ep008_s0032_pre_grasp,testC,pre_grasp,libero_spatial,2,libero_spatial_t2_ep8,B4_linear_stats,0.932799267566949,0.8638659788475398,0.765625,0.765625,0.9217059580236685,0.9500325520833334
libero_spatial_t02_ep008_s0056_manipulation,testC,manipulation,libero_spatial,2,libero_spatial_t2_ep8,B0_random,0.05113584344243534,0.02783318058609056,0.21875,0.21875,0.5389903698821716,0.4830729166666667
libero_spatial_t02_ep008_s0056_manipulation,testC,manipulation,libero_spatial,2,libero_spatial_t2_ep8,B0x_token_index,-0.3522130350194553,-0.2948599667599718,0.15625,0.15625,0.5100832903389625,0.3824869791666667
libero_spatial_t02_ep008_s0056_manipulation,testC,manipulation,libero_spatial,2,libero_spatial_t2_ep8,B1_pred_norm_neg,0.5969965953307393,0.6205850024974423,0.640625,0.640625,0.839060703167396,0.8243815104166666
libero_spatial_t02_ep008_s0056_manipulation,testC,manipulation,libero_spatial,2,libero_spatial_t2_ep8,B2_change_norm,0.8959415770199131,0.694239470687558,0.625,0.625,0.8033281921461594,0.9054361979166666
libero_spatial_t02_ep008_s0056_manipulation,testC,manipulation,libero_spatial,2,libero_spatial_t2_ep8,B3_cos_dist,0.8962984950789654,0.5928284362705837,0.625,0.625,0.8044273549507449,0.9055989583333334
libero_spatial_t02_ep008_s0056_manipulation,testC,manipulation,libero_spatial,2,libero_spatial_t2_ep8,B4_linear_stats,0.8781958113984893,0.7484967764707372,0.59375,0.59375,0.8369620910159742,0.875
libero_spatial_t02_ep009_s0016_approach,testC,approach,libero_spatial,2,libero_spatial_t2_ep9,B0_random,-0.03848420691233692,-0.048162456616736515,0.25,0.25,0.634521008348974,0.4500325520833333
libero_spatial_t02_ep009_s0016_approach,testC,approach,libero_spatial,2,libero_spatial_t2_ep9,B0x_token_index,-0.40937142366674295,-0.3743259643099087,0.1875,0.1875,0.5997255586115848,0.3050944010416667
libero_spatial_t02_ep009_s0016_approach,testC,approach,libero_spatial,2,libero_spatial_t2_ep9,B1_pred_norm_neg,0.5042730029755093,0.5323979583916305,0.5625,0.5625,0.8240959496422244,0.773193359375
libero_spatial_t02_ep009_s0016_approach,testC,approach,libero_spatial,2,libero_spatial_t2_ep9,B2_change_norm,0.8991144998855574,0.6773173450499791,0.671875,0.671875,0.8550172832853401,0.9195963541666666
libero_spatial_t02_ep009_s0016_approach,testC,approach,libero_spatial,2,libero_spatial_t2_ep9,B3_cos_dist,0.899221074616617,0.5239481554980155,0.671875,0.671875,0.8552085563085058,0.919677734375
libero_spatial_t02_ep009_s0016_approach,testC,approach,libero_spatial,2,libero_spatial_t2_ep9,B4_linear_stats,0.8902058537422751,0.8315436141417777,0.71875,0.71875,0.8869153573355866,0.915283203125
libero_spatial_t02_ep009_s0032_pre_grasp,testC,pre_grasp,libero_spatial,2,libero_spatial_t2_ep9,B0_random,-0.03851281757839323,-0.026726056501816618,0.234375,0.234375,0.6282908496758657,0.464599609375
libero_spatial_t02_ep009_s0032_pre_grasp,testC,pre_grasp,libero_spatial,2,libero_spatial_t2_ep9,B0x_token_index,-0.3460631723506523,-0.2724592681430974,0.171875,0.171875,0.5811250067014937,0.39208984375
libero_spatial_t02_ep009_s0032_pre_grasp,testC,pre_grasp,libero_spatial,2,libero_spatial_t2_ep9,B1_pred_norm_neg,0.47199158846417943,0.5321633505275014,0.5625,0.5625,0.8512402176911581,0.7366536458333334
libero_spatial_t02_ep009_s0032_pre_grasp,testC,pre_grasp,libero_spatial,2,libero_spatial_t2_ep9,B2_change_norm,0.8984793430991074,0.6583792742208064,0.640625,0.640625,0.8468563482094444,0.905517578125
libero_spatial_t02_ep009_s0032_pre_grasp,testC,pre_grasp,libero_spatial,2,libero_spatial_t2_ep9,B3_cos_dist,0.8988219558251316,0.5223520741386831,0.640625,0.640625,0.8473277898902807,0.9056803385416666
libero_spatial_t02_ep009_s0032_pre_grasp,testC,pre_grasp,libero_spatial,2,libero_spatial_t2_ep9,B4_linear_stats,0.9133475909819181,0.822811384204081,0.65625,0.65625,0.8862839953649956,0.9158528645833334
libero_spatial_t02_ep009_s0056_manipulation,testC,manipulation,libero_spatial,2,libero_spatial_t2_ep9,B0_random,0.011310511558709086,-0.005663019917531326,0.25,0.25,0.5714882567789001,0.5367838541666666
libero_spatial_t02_ep009_s0056_manipulation,testC,manipulation,libero_spatial,2,libero_spatial_t2_ep9,B0x_token_index,-0.39798437857633323,-0.3010943097991466,0.125,0.125,0.5013962155679696,0.3330891927083333
libero_spatial_t02_ep009_s0056_manipulation,testC,manipulation,libero_spatial,2,libero_spatial_t2_ep9,B1_pred_norm_neg,0.5932514591439688,0.6417492730248379,0.65625,0.65625,0.854701569569784,0.826171875
libero_spatial_t02_ep009_s0056_manipulation,testC,manipulation,libero_spatial,2,libero_spatial_t2_ep9,B2_change_norm,0.8820146200503548,0.6862619020099141,0.6875,0.6875,0.8376540892480455,0.9258626302083334
libero_spatial_t02_ep009_s0056_manipulation,testC,manipulation,libero_spatial,2,libero_spatial_t2_ep9,B3_cos_dist,0.8823608091096361,0.5877909875178585,0.6875,0.6875,0.8379508978324911,0.9263509114583334
libero_spatial_t02_ep009_s0056_manipulation,testC,manipulation,libero_spatial,2,libero_spatial_t2_ep9,B4_linear_stats,0.8634076733806363,0.7423236314795102,0.640625,0.640625,0.836083575186423,0.9036458333333334
