/home/zbh/Downloads/IsaacLab/Lawam_paper/LaWAM/scripts/robotwin_phase2_newhost/sapien_gate.py:20: DeprecationWarning: Engine is deprecated. use sapien.Scene() directly.
  engine = sapien.Engine()
/home/zbh/Downloads/IsaacLab/Lawam_paper/LaWAM/scripts/robotwin_phase2_newhost/sapien_gate.py:21: DeprecationWarning: SapienRenderer is no no longer needed.
  renderer = sapien.SapienRenderer()
/home/zbh/Downloads/IsaacLab/Lawam_paper/LaWAM/scripts/robotwin_phase2_newhost/sapien_gate.py:37: DeprecationWarning: component.set_pose can be ambiguous thus deprecated. It is equivalent to component.set_entity_pose, which should be used instead
  for camera in cameras: camera.set_pose(sapien.Pose([-1, 0, 0.3]))
{"frame": 0, "mean": 0.7749750018119812, "std": 0.10414538532495499}
{"frame": 1, "mean": 0.7750344276428223, "std": 0.10412906855344772}
{"frame": 2, "mean": 0.7750176787376404, "std": 0.10451947152614594}
{"frame": 3, "mean": 0.7751997113227844, "std": 0.1037912666797638}
{"frame": 4, "mean": 0.7752771377563477, "std": 0.10351461917161942}
{"frame": 5, "mean": 0.7752272486686707, "std": 0.10367526859045029}
{"frame": 6, "mean": 0.7751238942146301, "std": 0.10428241640329361}
{"frame": 7, "mean": 0.7752044200897217, "std": 0.10383041203022003}
{"frame": 8, "mean": 0.7752400040626526, "std": 0.10361846536397934}
{"frame": 9, "mean": 0.7752251029014587, "std": 0.10368572175502777}
{"frame": 10, "mean": 0.7751714587211609, "std": 0.10398485511541367}
{"frame": 11, "mean": 0.7751002311706543, "std": 0.10430078953504562}
{"frame": 12, "mean": 0.7751779556274414, "std": 0.10370480269193649}
{"frame": 13, "mean": 0.7752370834350586, "std": 0.10350024700164795}
{"frame": 14, "mean": 0.7752172350883484, "std": 0.10367675870656967}
{"frame": 15, "mean": 0.7751662135124207, "std": 0.10413205623626709}
{"frame": 16, "mean": 0.77518230676651, "std": 0.1039811298251152}
{"frame": 17, "mean": 0.7752577662467957, "std": 0.10357443243265152}
{"frame": 18, "mean": 0.7752606868743896, "std": 0.10350964963436127}
{"frame": 19, "mean": 0.7752134799957275, "std": 0.10374916344881058}
{"frame": 20, "mean": 0.775098979473114, "std": 0.10438808798789978}
{"frame": 21, "mean": 0.7751920819282532, "std": 0.10376153141260147}
{"frame": 22, "mean": 0.7752248644828796, "std": 0.10355543345212936}
{"frame": 23, "mean": 0.7752054333686829, "std": 0.10367777943611145}
{"frame": 24, "mean": 0.7751360535621643, "std": 0.10407426953315735}
{"frame": 25, "mean": 0.7751556038856506, "std": 0.1039905771613121}
{"frame": 26, "mean": 0.7752070426940918, "std": 0.10355713218450546}
{"frame": 27, "mean": 0.7752240300178528, "std": 0.1034964993596077}
{"frame": 28, "mean": 0.7751922011375427, "std": 0.10372567176818848}
{"frame": 29, "mean": 0.7750649452209473, "std": 0.10442675650119781}
{"frame": 30, "mean": 0.7752058506011963, "std": 0.1037130281329155}
{"frame": 31, "mean": 0.7752375602722168, "std": 0.1034872829914093}
{"frame": 32, "mean": 0.7752266526222229, "std": 0.10356446355581284}
{"frame": 33, "mean": 0.7751880288124084, "std": 0.10393400490283966}
{"frame": 34, "mean": 0.7751638889312744, "std": 0.10409774631261826}
{"frame": 35, "mean": 0.7752237915992737, "std": 0.10361875593662262}
{"frame": 36, "mean": 0.7752220034599304, "std": 0.10352885723114014}
{"frame": 37, "mean": 0.7751791477203369, "std": 0.10376761108636856}
{"frame": 38, "mean": 0.7750346660614014, "std": 0.10434930771589279}
{"frame": 39, "mean": 0.7750582098960876, "std": 0.10384088009595871}
{"frame": 40, "mean": 0.7749750018119812, "std": 0.10414538532495499}
{"frame": 41, "mean": 0.7750344276428223, "std": 0.10412906855344772}
{"frame": 42, "mean": 0.7750176787376404, "std": 0.10451947152614594}
{"frame": 43, "mean": 0.7751997113227844, "std": 0.1037912666797638}
{"frame": 44, "mean": 0.7752771377563477, "std": 0.10351461917161942}
{"frame": 45, "mean": 0.7752272486686707, "std": 0.10367526859045029}
{"frame": 46, "mean": 0.7751238942146301, "std": 0.10428241640329361}
{"frame": 47, "mean": 0.7752044200897217, "std": 0.10383041203022003}
{"frame": 48, "mean": 0.7752400040626526, "std": 0.10361846536397934}
{"frame": 49, "mean": 0.7752251029014587, "std": 0.10368572175502777}
{"frame": 50, "mean": 0.7751714587211609, "std": 0.10398485511541367}
{"frame": 51, "mean": 0.7751002311706543, "std": 0.10430078953504562}
{"frame": 52, "mean": 0.7751779556274414, "std": 0.10370480269193649}
{"frame": 53, "mean": 0.7752370834350586, "std": 0.10350024700164795}
{"frame": 54, "mean": 0.7752172350883484, "std": 0.10367675870656967}
{"frame": 55, "mean": 0.7751662135124207, "std": 0.10413205623626709}
{"frame": 56, "mean": 0.77518230676651, "std": 0.1039811298251152}
{"frame": 57, "mean": 0.7752577662467957, "std": 0.10357443243265152}
{"frame": 58, "mean": 0.7752606868743896, "std": 0.10350964963436127}
{"frame": 59, "mean": 0.7752134799957275, "std": 0.10374916344881058}
{"frame": 60, "mean": 0.775098979473114, "std": 0.10438808798789978}
{"frame": 61, "mean": 0.7751920819282532, "std": 0.10376153141260147}
{"frame": 62, "mean": 0.7752248644828796, "std": 0.10355543345212936}
{"frame": 63, "mean": 0.7752054333686829, "std": 0.10367777943611145}
{"frame": 64, "mean": 0.7751360535621643, "std": 0.10407426953315735}
{"frame": 65, "mean": 0.7751556038856506, "std": 0.1039905771613121}
{"frame": 66, "mean": 0.7752070426940918, "std": 0.10355713218450546}
{"frame": 67, "mean": 0.7752240300178528, "std": 0.1034964993596077}
{"frame": 68, "mean": 0.7751922011375427, "std": 0.10372567176818848}
{"frame": 69, "mean": 0.7750649452209473, "std": 0.10442675650119781}
{"frame": 70, "mean": 0.7752058506011963, "std": 0.1037130281329155}
{"frame": 71, "mean": 0.7752375602722168, "std": 0.1034872829914093}
{"frame": 72, "mean": 0.7752266526222229, "std": 0.10356446355581284}
{"frame": 73, "mean": 0.7751880288124084, "std": 0.10393400490283966}
{"frame": 74, "mean": 0.7751638889312744, "std": 0.10409774631261826}
{"frame": 75, "mean": 0.7752237915992737, "std": 0.10361875593662262}
{"frame": 76, "mean": 0.7752220034599304, "std": 0.10352885723114014}
{"frame": 77, "mean": 0.7751791477203369, "std": 0.10376761108636856}
{"frame": 78, "mean": 0.7750346660614014, "std": 0.10434930771589279}
{"frame": 79, "mean": 0.7750582098960876, "std": 0.10384088009595871}
{"frame": 80, "mean": 0.7749750018119812, "std": 0.10414538532495499}
{"frame": 81, "mean": 0.7750344276428223, "std": 0.10412906855344772}
{"frame": 82, "mean": 0.7750176787376404, "std": 0.10451947152614594}
{"frame": 83, "mean": 0.7751997113227844, "std": 0.1037912666797638}
{"frame": 84, "mean": 0.7752771377563477, "std": 0.10351461917161942}
{"frame": 85, "mean": 0.7752272486686707, "std": 0.10367526859045029}
{"frame": 86, "mean": 0.7751238942146301, "std": 0.10428241640329361}
{"frame": 87, "mean": 0.7752044200897217, "std": 0.10383041203022003}
{"frame": 88, "mean": 0.7752400040626526, "std": 0.10361846536397934}
{"frame": 89, "mean": 0.7752251029014587, "std": 0.10368572175502777}
{"frame": 90, "mean": 0.7751714587211609, "std": 0.10398485511541367}
{"frame": 91, "mean": 0.7751002311706543, "std": 0.10430078953504562}
{"frame": 92, "mean": 0.7751779556274414, "std": 0.10370480269193649}
{"frame": 93, "mean": 0.7752370834350586, "std": 0.10350024700164795}
{"frame": 94, "mean": 0.7752172350883484, "std": 0.10367675870656967}
{"frame": 95, "mean": 0.7751662135124207, "std": 0.10413205623626709}
{"frame": 96, "mean": 0.77518230676651, "std": 0.1039811298251152}
{"frame": 97, "mean": 0.7752577662467957, "std": 0.10357443243265152}
{"frame": 98, "mean": 0.7752606868743896, "std": 0.10350964963436127}
{"frame": 99, "mean": 0.7752134799957275, "std": 0.10374916344881058}
{"frame": 100, "mean": 0.775098979473114, "std": 0.10438808798789978}
{"frame": 101, "mean": 0.7751920819282532, "std": 0.10376153141260147}
{"frame": 102, "mean": 0.7752248644828796, "std": 0.10355543345212936}
{"frame": 103, "mean": 0.7752054333686829, "std": 0.10367777943611145}
{"frame": 104, "mean": 0.7751360535621643, "std": 0.10407426953315735}
{"frame": 105, "mean": 0.7751556038856506, "std": 0.1039905771613121}
{"frame": 106, "mean": 0.7752070426940918, "std": 0.10355713218450546}
{"frame": 107, "mean": 0.7752240300178528, "std": 0.1034964993596077}
{"frame": 108, "mean": 0.7751922011375427, "std": 0.10372567176818848}
{"frame": 109, "mean": 0.7750649452209473, "std": 0.10442675650119781}
{"frame": 110, "mean": 0.7752058506011963, "std": 0.1037130281329155}
{"frame": 111, "mean": 0.7752375602722168, "std": 0.1034872829914093}
{"frame": 112, "mean": 0.7752266526222229, "std": 0.10356446355581284}
{"frame": 113, "mean": 0.7751880288124084, "std": 0.10393400490283966}
{"frame": 114, "mean": 0.7751638889312744, "std": 0.10409774631261826}
{"frame": 115, "mean": 0.7752237915992737, "std": 0.10361875593662262}
{"frame": 116, "mean": 0.7752220034599304, "std": 0.10352885723114014}
{"frame": 117, "mean": 0.7751791477203369, "std": 0.10376761108636856}
{"frame": 118, "mean": 0.7750346660614014, "std": 0.10434930771589279}
{"frame": 119, "mean": 0.7750582098960876, "std": 0.10384088009595871}
{"frame": 120, "mean": 0.7749750018119812, "std": 0.10414538532495499}
{"frame": 121, "mean": 0.7750344276428223, "std": 0.10412906855344772}
{"frame": 122, "mean": 0.7750176787376404, "std": 0.10451947152614594}
{"frame": 123, "mean": 0.7751997113227844, "std": 0.1037912666797638}
{"frame": 124, "mean": 0.7752771377563477, "std": 0.10351461917161942}
{"frame": 125, "mean": 0.7752272486686707, "std": 0.10367526859045029}
{"frame": 126, "mean": 0.7751238942146301, "std": 0.10428241640329361}
{"frame": 127, "mean": 0.7752044200897217, "std": 0.10383041203022003}
{"frame": 128, "mean": 0.7752400040626526, "std": 0.10361846536397934}
{"frame": 129, "mean": 0.7752251029014587, "std": 0.10368572175502777}
{"frame": 130, "mean": 0.7751714587211609, "std": 0.10398485511541367}
{"frame": 131, "mean": 0.7751002311706543, "std": 0.10430078953504562}
{"frame": 132, "mean": 0.7751779556274414, "std": 0.10370480269193649}
{"frame": 133, "mean": 0.7752370834350586, "std": 0.10350024700164795}
{"frame": 134, "mean": 0.7752172350883484, "std": 0.10367675870656967}
{"frame": 135, "mean": 0.7751662135124207, "std": 0.10413205623626709}
{"frame": 136, "mean": 0.77518230676651, "std": 0.1039811298251152}
{"frame": 137, "mean": 0.7752577662467957, "std": 0.10357443243265152}
{"frame": 138, "mean": 0.7752606868743896, "std": 0.10350964963436127}
{"frame": 139, "mean": 0.7752134799957275, "std": 0.10374916344881058}
{"frame": 140, "mean": 0.775098979473114, "std": 0.10438808798789978}
{"frame": 141, "mean": 0.7751920819282532, "std": 0.10376153141260147}
{"frame": 142, "mean": 0.7752248644828796, "std": 0.10355543345212936}
{"frame": 143, "mean": 0.7752054333686829, "std": 0.10367777943611145}
{"frame": 144, "mean": 0.7751360535621643, "std": 0.10407426953315735}
{"frame": 145, "mean": 0.7751556038856506, "std": 0.1039905771613121}
{"frame": 146, "mean": 0.7752070426940918, "std": 0.10355713218450546}
{"frame": 147, "mean": 0.7752240300178528, "std": 0.1034964993596077}
{"frame": 148, "mean": 0.7751922011375427, "std": 0.10372567176818848}
{"frame": 149, "mean": 0.7750649452209473, "std": 0.10442675650119781}
{"frame": 150, "mean": 0.7752058506011963, "std": 0.1037130281329155}
{"frame": 151, "mean": 0.7752375602722168, "std": 0.1034872829914093}
{"frame": 152, "mean": 0.7752266526222229, "std": 0.10356446355581284}
{"frame": 153, "mean": 0.7751880288124084, "std": 0.10393400490283966}
{"frame": 154, "mean": 0.7751638889312744, "std": 0.10409774631261826}
{"frame": 155, "mean": 0.7752237915992737, "std": 0.10361875593662262}
{"frame": 156, "mean": 0.7752220034599304, "std": 0.10352885723114014}
{"frame": 157, "mean": 0.7751791477203369, "std": 0.10376761108636856}
{"frame": 158, "mean": 0.7750346660614014, "std": 0.10434930771589279}
{"frame": 159, "mean": 0.7750582098960876, "std": 0.10384088009595871}
{"frame": 160, "mean": 0.7749750018119812, "std": 0.10414538532495499}
{"frame": 161, "mean": 0.7750344276428223, "std": 0.10412906855344772}
{"frame": 162, "mean": 0.7750176787376404, "std": 0.10451947152614594}
{"frame": 163, "mean": 0.7751997113227844, "std": 0.1037912666797638}
{"frame": 164, "mean": 0.7752771377563477, "std": 0.10351461917161942}
{"frame": 165, "mean": 0.7752272486686707, "std": 0.10367526859045029}
{"frame": 166, "mean": 0.7751238942146301, "std": 0.10428241640329361}
{"frame": 167, "mean": 0.7752044200897217, "std": 0.10383041203022003}
{"frame": 168, "mean": 0.7752400040626526, "std": 0.10361846536397934}
{"frame": 169, "mean": 0.7752251029014587, "std": 0.10368572175502777}
{"frame": 170, "mean": 0.7751714587211609, "std": 0.10398485511541367}
{"frame": 171, "mean": 0.7751002311706543, "std": 0.10430078953504562}
{"frame": 172, "mean": 0.7751779556274414, "std": 0.10370480269193649}
{"frame": 173, "mean": 0.7752370834350586, "std": 0.10350024700164795}
{"frame": 174, "mean": 0.7752172350883484, "std": 0.10367675870656967}
{"frame": 175, "mean": 0.7751662135124207, "std": 0.10413205623626709}
{"frame": 176, "mean": 0.77518230676651, "std": 0.1039811298251152}
{"frame": 177, "mean": 0.7752577662467957, "std": 0.10357443243265152}
{"frame": 178, "mean": 0.7752606868743896, "std": 0.10350964963436127}
{"frame": 179, "mean": 0.7752134799957275, "std": 0.10374916344881058}
{"frame": 180, "mean": 0.775098979473114, "std": 0.10438808798789978}
{"frame": 181, "mean": 0.7751920819282532, "std": 0.10376153141260147}
{"frame": 182, "mean": 0.7752248644828796, "std": 0.10355543345212936}
{"frame": 183, "mean": 0.7752054333686829, "std": 0.10367777943611145}
{"frame": 184, "mean": 0.7751360535621643, "std": 0.10407426953315735}
{"frame": 185, "mean": 0.7751556038856506, "std": 0.1039905771613121}
{"frame": 186, "mean": 0.7752070426940918, "std": 0.10355713218450546}
{"frame": 187, "mean": 0.7752240300178528, "std": 0.1034964993596077}
{"frame": 188, "mean": 0.7751922011375427, "std": 0.10372567176818848}
{"frame": 189, "mean": 0.7750649452209473, "std": 0.10442675650119781}
{"frame": 190, "mean": 0.7752058506011963, "std": 0.1037130281329155}
{"frame": 191, "mean": 0.7752375602722168, "std": 0.1034872829914093}
{"frame": 192, "mean": 0.7752266526222229, "std": 0.10356446355581284}
{"frame": 193, "mean": 0.7751880288124084, "std": 0.10393400490283966}
{"frame": 194, "mean": 0.7751638889312744, "std": 0.10409774631261826}
{"frame": 195, "mean": 0.7752237915992737, "std": 0.10361875593662262}
{"frame": 196, "mean": 0.7752220034599304, "std": 0.10352885723114014}
{"frame": 197, "mean": 0.7751791477203369, "std": 0.10376761108636856}
{"frame": 198, "mean": 0.7750346660614014, "std": 0.10434930771589279}
{"frame": 199, "mean": 0.7750582098960876, "std": 0.10384088009595871}
{"frame": 200, "mean": 0.7749750018119812, "std": 0.10414538532495499}
{"frame": 201, "mean": 0.7750344276428223, "std": 0.10412906855344772}
{"frame": 202, "mean": 0.7750176787376404, "std": 0.10451947152614594}
{"frame": 203, "mean": 0.7751997113227844, "std": 0.1037912666797638}
{"frame": 204, "mean": 0.7752771377563477, "std": 0.10351461917161942}
{"frame": 205, "mean": 0.7752272486686707, "std": 0.10367526859045029}
{"frame": 206, "mean": 0.7751238942146301, "std": 0.10428241640329361}
{"frame": 207, "mean": 0.7752044200897217, "std": 0.10383041203022003}
{"frame": 208, "mean": 0.7752400040626526, "std": 0.10361846536397934}
{"frame": 209, "mean": 0.7752251029014587, "std": 0.10368572175502777}
{"frame": 210, "mean": 0.7751714587211609, "std": 0.10398485511541367}
{"frame": 211, "mean": 0.7751002311706543, "std": 0.10430078953504562}
{"frame": 212, "mean": 0.7751779556274414, "std": 0.10370480269193649}
{"frame": 213, "mean": 0.7752370834350586, "std": 0.10350024700164795}
{"frame": 214, "mean": 0.7752172350883484, "std": 0.10367675870656967}
{"frame": 215, "mean": 0.7751662135124207, "std": 0.10413205623626709}
{"frame": 216, "mean": 0.77518230676651, "std": 0.1039811298251152}
{"frame": 217, "mean": 0.7752577662467957, "std": 0.10357443243265152}
{"frame": 218, "mean": 0.7752606868743896, "std": 0.10350964963436127}
{"frame": 219, "mean": 0.7752134799957275, "std": 0.10374916344881058}
{"frame": 220, "mean": 0.775098979473114, "std": 0.10438808798789978}
{"frame": 221, "mean": 0.7751920819282532, "std": 0.10376153141260147}
{"frame": 222, "mean": 0.7752248644828796, "std": 0.10355543345212936}
{"frame": 223, "mean": 0.7752054333686829, "std": 0.10367777943611145}
{"frame": 224, "mean": 0.7751360535621643, "std": 0.10407426953315735}
{"frame": 225, "mean": 0.7751556038856506, "std": 0.1039905771613121}
{"frame": 226, "mean": 0.7752070426940918, "std": 0.10355713218450546}
{"frame": 227, "mean": 0.7752240300178528, "std": 0.1034964993596077}
{"frame": 228, "mean": 0.7751922011375427, "std": 0.10372567176818848}
{"frame": 229, "mean": 0.7750649452209473, "std": 0.10442675650119781}
{"frame": 230, "mean": 0.7752058506011963, "std": 0.1037130281329155}
{"frame": 231, "mean": 0.7752375602722168, "std": 0.1034872829914093}
{"frame": 232, "mean": 0.7752266526222229, "std": 0.10356446355581284}
{"frame": 233, "mean": 0.7751880288124084, "std": 0.10393400490283966}
{"frame": 234, "mean": 0.7751638889312744, "std": 0.10409774631261826}
{"frame": 235, "mean": 0.7752237915992737, "std": 0.10361875593662262}
{"frame": 236, "mean": 0.7752220034599304, "std": 0.10352885723114014}
{"frame": 237, "mean": 0.7751791477203369, "std": 0.10376761108636856}
{"frame": 238, "mean": 0.7750346660614014, "std": 0.10434930771589279}
{"frame": 239, "mean": 0.7750582098960876, "std": 0.10384088009595871}
{"frame": 240, "mean": 0.7749750018119812, "std": 0.10414538532495499}
{"frame": 241, "mean": 0.7750344276428223, "std": 0.10412906855344772}
{"frame": 242, "mean": 0.7750176787376404, "std": 0.10451947152614594}
{"frame": 243, "mean": 0.7751997113227844, "std": 0.1037912666797638}
{"frame": 244, "mean": 0.7752771377563477, "std": 0.10351461917161942}
{"frame": 245, "mean": 0.7752272486686707, "std": 0.10367526859045029}
{"frame": 246, "mean": 0.7751238942146301, "std": 0.10428241640329361}
{"frame": 247, "mean": 0.7752044200897217, "std": 0.10383041203022003}
{"frame": 248, "mean": 0.7752400040626526, "std": 0.10361846536397934}
{"frame": 249, "mean": 0.7752251029014587, "std": 0.10368572175502777}
{"frame": 250, "mean": 0.7751714587211609, "std": 0.10398485511541367}
{"frame": 251, "mean": 0.7751002311706543, "std": 0.10430078953504562}
{"frame": 252, "mean": 0.7751779556274414, "std": 0.10370480269193649}
{"frame": 253, "mean": 0.7752370834350586, "std": 0.10350024700164795}
{"frame": 254, "mean": 0.7752172350883484, "std": 0.10367675870656967}
{"frame": 255, "mean": 0.7751662135124207, "std": 0.10413205623626709}
{"frame": 256, "mean": 0.77518230676651, "std": 0.1039811298251152}
{"frame": 257, "mean": 0.7752577662467957, "std": 0.10357443243265152}
{"frame": 258, "mean": 0.7752606868743896, "std": 0.10350964963436127}
{"frame": 259, "mean": 0.7752134799957275, "std": 0.10374916344881058}
{"frame": 260, "mean": 0.775098979473114, "std": 0.10438808798789978}
{"frame": 261, "mean": 0.7751920819282532, "std": 0.10376153141260147}
{"frame": 262, "mean": 0.7752248644828796, "std": 0.10355543345212936}
{"frame": 263, "mean": 0.7752054333686829, "std": 0.10367777943611145}
{"frame": 264, "mean": 0.7751360535621643, "std": 0.10407426953315735}
{"frame": 265, "mean": 0.7751556038856506, "std": 0.1039905771613121}
{"frame": 266, "mean": 0.7752070426940918, "std": 0.10355713218450546}
{"frame": 267, "mean": 0.7752240300178528, "std": 0.1034964993596077}
{"frame": 268, "mean": 0.7751922011375427, "std": 0.10372567176818848}
{"frame": 269, "mean": 0.7750649452209473, "std": 0.10442675650119781}
{"frame": 270, "mean": 0.7752058506011963, "std": 0.1037130281329155}
{"frame": 271, "mean": 0.7752375602722168, "std": 0.1034872829914093}
{"frame": 272, "mean": 0.7752266526222229, "std": 0.10356446355581284}
{"frame": 273, "mean": 0.7751880288124084, "std": 0.10393400490283966}
{"frame": 274, "mean": 0.7751638889312744, "std": 0.10409774631261826}
{"frame": 275, "mean": 0.7752237915992737, "std": 0.10361875593662262}
{"frame": 276, "mean": 0.7752220034599304, "std": 0.10352885723114014}
{"frame": 277, "mean": 0.7751791477203369, "std": 0.10376761108636856}
{"frame": 278, "mean": 0.7750346660614014, "std": 0.10434930771589279}
{"frame": 279, "mean": 0.7750582098960876, "std": 0.10384088009595871}
{"frame": 280, "mean": 0.7749750018119812, "std": 0.10414538532495499}
{"frame": 281, "mean": 0.7750344276428223, "std": 0.10412906855344772}
{"frame": 282, "mean": 0.7750176787376404, "std": 0.10451947152614594}
{"frame": 283, "mean": 0.7751997113227844, "std": 0.1037912666797638}
{"frame": 284, "mean": 0.7752771377563477, "std": 0.10351461917161942}
{"frame": 285, "mean": 0.7752272486686707, "std": 0.10367526859045029}
{"frame": 286, "mean": 0.7751238942146301, "std": 0.10428241640329361}
{"frame": 287, "mean": 0.7752044200897217, "std": 0.10383041203022003}
{"frame": 288, "mean": 0.7752400040626526, "std": 0.10361846536397934}
{"frame": 289, "mean": 0.7752251029014587, "std": 0.10368572175502777}
{"frame": 290, "mean": 0.7751714587211609, "std": 0.10398485511541367}
{"frame": 291, "mean": 0.7751002311706543, "std": 0.10430078953504562}
{"frame": 292, "mean": 0.7751779556274414, "std": 0.10370480269193649}
{"frame": 293, "mean": 0.7752370834350586, "std": 0.10350024700164795}
{"frame": 294, "mean": 0.7752172350883484, "std": 0.10367675870656967}
{"frame": 295, "mean": 0.7751662135124207, "std": 0.10413205623626709}
{"frame": 296, "mean": 0.77518230676651, "std": 0.1039811298251152}
{"frame": 297, "mean": 0.7752577662467957, "std": 0.10357443243265152}
{"frame": 298, "mean": 0.7752606868743896, "std": 0.10350964963436127}
{"frame": 299, "mean": 0.7752134799957275, "std": 0.10374916344881058}
{"frame": 300, "mean": 0.775098979473114, "std": 0.10438808798789978}
{"frame": 301, "mean": 0.7751920819282532, "std": 0.10376153141260147}
{"frame": 302, "mean": 0.7752248644828796, "std": 0.10355543345212936}
{"frame": 303, "mean": 0.7752054333686829, "std": 0.10367777943611145}
{"frame": 304, "mean": 0.7751360535621643, "std": 0.10407426953315735}
{"frame": 305, "mean": 0.7751556038856506, "std": 0.1039905771613121}
{"frame": 306, "mean": 0.7752070426940918, "std": 0.10355713218450546}
{"frame": 307, "mean": 0.7752240300178528, "std": 0.1034964993596077}
{"frame": 308, "mean": 0.7751922011375427, "std": 0.10372567176818848}
{"frame": 309, "mean": 0.7750649452209473, "std": 0.10442675650119781}
{"frame": 310, "mean": 0.7752058506011963, "std": 0.1037130281329155}
{"frame": 311, "mean": 0.7752375602722168, "std": 0.1034872829914093}
{"frame": 312, "mean": 0.7752266526222229, "std": 0.10356446355581284}
{"frame": 313, "mean": 0.7751880288124084, "std": 0.10393400490283966}
{"frame": 314, "mean": 0.7751638889312744, "std": 0.10409774631261826}
{"frame": 315, "mean": 0.7752237915992737, "std": 0.10361875593662262}
{"frame": 316, "mean": 0.7752220034599304, "std": 0.10352885723114014}
{"frame": 317, "mean": 0.7751791477203369, "std": 0.10376761108636856}
{"frame": 318, "mean": 0.7750346660614014, "std": 0.10434930771589279}
{"frame": 319, "mean": 0.7750582098960876, "std": 0.10384088009595871}
{"frame": 320, "mean": 0.7749750018119812, "std": 0.10414538532495499}
{"frame": 321, "mean": 0.7750344276428223, "std": 0.10412906855344772}
{"frame": 322, "mean": 0.7750176787376404, "std": 0.10451947152614594}
{"frame": 323, "mean": 0.7751997113227844, "std": 0.1037912666797638}
{"frame": 324, "mean": 0.7752771377563477, "std": 0.10351461917161942}
{"frame": 325, "mean": 0.7752272486686707, "std": 0.10367526859045029}
{"frame": 326, "mean": 0.7751238942146301, "std": 0.10428241640329361}
{"frame": 327, "mean": 0.7752044200897217, "std": 0.10383041203022003}
{"frame": 328, "mean": 0.7752400040626526, "std": 0.10361846536397934}
{"frame": 329, "mean": 0.7752251029014587, "std": 0.10368572175502777}
{"frame": 330, "mean": 0.7751714587211609, "std": 0.10398485511541367}
{"frame": 331, "mean": 0.7751002311706543, "std": 0.10430078953504562}
{"frame": 332, "mean": 0.7751779556274414, "std": 0.10370480269193649}
{"frame": 333, "mean": 0.7752370834350586, "std": 0.10350024700164795}
{"frame": 334, "mean": 0.7752172350883484, "std": 0.10367675870656967}
{"frame": 335, "mean": 0.7751662135124207, "std": 0.10413205623626709}
{"frame": 336, "mean": 0.77518230676651, "std": 0.1039811298251152}
{"frame": 337, "mean": 0.7752577662467957, "std": 0.10357443243265152}
{"frame": 338, "mean": 0.7752606868743896, "std": 0.10350964963436127}
{"frame": 339, "mean": 0.7752134799957275, "std": 0.10374916344881058}
{"frame": 340, "mean": 0.775098979473114, "std": 0.10438808798789978}
{"frame": 341, "mean": 0.7751920819282532, "std": 0.10376153141260147}
{"frame": 342, "mean": 0.7752248644828796, "std": 0.10355543345212936}
{"frame": 343, "mean": 0.7752054333686829, "std": 0.10367777943611145}
{"frame": 344, "mean": 0.7751360535621643, "std": 0.10407426953315735}
{"frame": 345, "mean": 0.7751556038856506, "std": 0.1039905771613121}
{"frame": 346, "mean": 0.7752070426940918, "std": 0.10355713218450546}
{"frame": 347, "mean": 0.7752240300178528, "std": 0.1034964993596077}
{"frame": 348, "mean": 0.7751922011375427, "std": 0.10372567176818848}
{"frame": 349, "mean": 0.7750649452209473, "std": 0.10442675650119781}
{"frame": 350, "mean": 0.7752058506011963, "std": 0.1037130281329155}
{"frame": 351, "mean": 0.7752375602722168, "std": 0.1034872829914093}
{"frame": 352, "mean": 0.7752266526222229, "std": 0.10356446355581284}
{"frame": 353, "mean": 0.7751880288124084, "std": 0.10393400490283966}
{"frame": 354, "mean": 0.7751638889312744, "std": 0.10409774631261826}
{"frame": 355, "mean": 0.7752237915992737, "std": 0.10361875593662262}
{"frame": 356, "mean": 0.7752220034599304, "std": 0.10352885723114014}
{"frame": 357, "mean": 0.7751791477203369, "std": 0.10376761108636856}
{"frame": 358, "mean": 0.7750346660614014, "std": 0.10434930771589279}
{"frame": 359, "mean": 0.7750582098960876, "std": 0.10384088009595871}
{"frame": 360, "mean": 0.7749750018119812, "std": 0.10414538532495499}
{"frame": 361, "mean": 0.7750344276428223, "std": 0.10412906855344772}
{"frame": 362, "mean": 0.7750176787376404, "std": 0.10451947152614594}
{"frame": 363, "mean": 0.7751997113227844, "std": 0.1037912666797638}
{"frame": 364, "mean": 0.7752771377563477, "std": 0.10351461917161942}
{"frame": 365, "mean": 0.7752272486686707, "std": 0.10367526859045029}
{"frame": 366, "mean": 0.7751238942146301, "std": 0.10428241640329361}
{"frame": 367, "mean": 0.7752044200897217, "std": 0.10383041203022003}
{"frame": 368, "mean": 0.7752400040626526, "std": 0.10361846536397934}
{"frame": 369, "mean": 0.7752251029014587, "std": 0.10368572175502777}
{"frame": 370, "mean": 0.7751714587211609, "std": 0.10398485511541367}
{"frame": 371, "mean": 0.7751002311706543, "std": 0.10430078953504562}
{"frame": 372, "mean": 0.7751779556274414, "std": 0.10370480269193649}
{"frame": 373, "mean": 0.7752370834350586, "std": 0.10350024700164795}
{"frame": 374, "mean": 0.7752172350883484, "std": 0.10367675870656967}
{"frame": 375, "mean": 0.7751662135124207, "std": 0.10413205623626709}
{"frame": 376, "mean": 0.77518230676651, "std": 0.1039811298251152}
{"frame": 377, "mean": 0.7752577662467957, "std": 0.10357443243265152}
{"frame": 378, "mean": 0.7752606868743896, "std": 0.10350964963436127}
{"frame": 379, "mean": 0.7752134799957275, "std": 0.10374916344881058}
{"frame": 380, "mean": 0.775098979473114, "std": 0.10438808798789978}
{"frame": 381, "mean": 0.7751920819282532, "std": 0.10376153141260147}
{"frame": 382, "mean": 0.7752248644828796, "std": 0.10355543345212936}
{"frame": 383, "mean": 0.7752054333686829, "std": 0.10367777943611145}
{"frame": 384, "mean": 0.7751360535621643, "std": 0.10407426953315735}
{"frame": 385, "mean": 0.7751556038856506, "std": 0.1039905771613121}
{"frame": 386, "mean": 0.7752070426940918, "std": 0.10355713218450546}
{"frame": 387, "mean": 0.7752240300178528, "std": 0.1034964993596077}
{"frame": 388, "mean": 0.7751922011375427, "std": 0.10372567176818848}
{"frame": 389, "mean": 0.7750649452209473, "std": 0.10442675650119781}
{"frame": 390, "mean": 0.7752058506011963, "std": 0.1037130281329155}
{"frame": 391, "mean": 0.7752375602722168, "std": 0.1034872829914093}
{"frame": 392, "mean": 0.7752266526222229, "std": 0.10356446355581284}
{"frame": 393, "mean": 0.7751880288124084, "std": 0.10393400490283966}
{"frame": 394, "mean": 0.7751638889312744, "std": 0.10409774631261826}
{"frame": 395, "mean": 0.7752237915992737, "std": 0.10361875593662262}
{"frame": 396, "mean": 0.7752220034599304, "std": 0.10352885723114014}
{"frame": 397, "mean": 0.7751791477203369, "std": 0.10376761108636856}
{"frame": 398, "mean": 0.7750346660614014, "std": 0.10434930771589279}
{"frame": 399, "mean": 0.7750582098960876, "std": 0.10384088009595871}
{"frame": 400, "mean": 0.7749750018119812, "std": 0.10414538532495499}
{"frame": 401, "mean": 0.7750344276428223, "std": 0.10412906855344772}
{"frame": 402, "mean": 0.7750176787376404, "std": 0.10451947152614594}
{"frame": 403, "mean": 0.7751997113227844, "std": 0.1037912666797638}
{"frame": 404, "mean": 0.7752771377563477, "std": 0.10351461917161942}
{"frame": 405, "mean": 0.7752272486686707, "std": 0.10367526859045029}
{"frame": 406, "mean": 0.7751238942146301, "std": 0.10428241640329361}
{"frame": 407, "mean": 0.7752044200897217, "std": 0.10383041203022003}
{"frame": 408, "mean": 0.7752400040626526, "std": 0.10361846536397934}
{"frame": 409, "mean": 0.7752251029014587, "std": 0.10368572175502777}
{"frame": 410, "mean": 0.7751714587211609, "std": 0.10398485511541367}
{"frame": 411, "mean": 0.7751002311706543, "std": 0.10430078953504562}
{"frame": 412, "mean": 0.7751779556274414, "std": 0.10370480269193649}
{"frame": 413, "mean": 0.7752370834350586, "std": 0.10350024700164795}
{"frame": 414, "mean": 0.7752172350883484, "std": 0.10367675870656967}
{"frame": 415, "mean": 0.7751662135124207, "std": 0.10413205623626709}
{"frame": 416, "mean": 0.77518230676651, "std": 0.1039811298251152}
{"frame": 417, "mean": 0.7752577662467957, "std": 0.10357443243265152}
{"frame": 418, "mean": 0.7752606868743896, "std": 0.10350964963436127}
{"frame": 419, "mean": 0.7752134799957275, "std": 0.10374916344881058}
{"frame": 420, "mean": 0.775098979473114, "std": 0.10438808798789978}
{"frame": 421, "mean": 0.7751920819282532, "std": 0.10376153141260147}
{"frame": 422, "mean": 0.7752248644828796, "std": 0.10355543345212936}
{"frame": 423, "mean": 0.7752054333686829, "std": 0.10367777943611145}
{"frame": 424, "mean": 0.7751360535621643, "std": 0.10407426953315735}
{"frame": 425, "mean": 0.7751556038856506, "std": 0.1039905771613121}
{"frame": 426, "mean": 0.7752070426940918, "std": 0.10355713218450546}
{"frame": 427, "mean": 0.7752240300178528, "std": 0.1034964993596077}
{"frame": 428, "mean": 0.7751922011375427, "std": 0.10372567176818848}
{"frame": 429, "mean": 0.7750649452209473, "std": 0.10442675650119781}
{"frame": 430, "mean": 0.7752058506011963, "std": 0.1037130281329155}
{"frame": 431, "mean": 0.7752375602722168, "std": 0.1034872829914093}
{"frame": 432, "mean": 0.7752266526222229, "std": 0.10356446355581284}
{"frame": 433, "mean": 0.7751880288124084, "std": 0.10393400490283966}
{"frame": 434, "mean": 0.7751638889312744, "std": 0.10409774631261826}
{"frame": 435, "mean": 0.7752237915992737, "std": 0.10361875593662262}
{"frame": 436, "mean": 0.7752220034599304, "std": 0.10352885723114014}
{"frame": 437, "mean": 0.7751791477203369, "std": 0.10376761108636856}
{"frame": 438, "mean": 0.7750346660614014, "std": 0.10434930771589279}
{"frame": 439, "mean": 0.7750582098960876, "std": 0.10384088009595871}
{"frame": 440, "mean": 0.7749750018119812, "std": 0.10414538532495499}
{"frame": 441, "mean": 0.7750344276428223, "std": 0.10412906855344772}
{"frame": 442, "mean": 0.7750176787376404, "std": 0.10451947152614594}
{"frame": 443, "mean": 0.7751997113227844, "std": 0.1037912666797638}
{"frame": 444, "mean": 0.7752771377563477, "std": 0.10351461917161942}
{"frame": 445, "mean": 0.7752272486686707, "std": 0.10367526859045029}
{"frame": 446, "mean": 0.7751238942146301, "std": 0.10428241640329361}
{"frame": 447, "mean": 0.7752044200897217, "std": 0.10383041203022003}
{"frame": 448, "mean": 0.7752400040626526, "std": 0.10361846536397934}
{"frame": 449, "mean": 0.7752251029014587, "std": 0.10368572175502777}
{"frame": 450, "mean": 0.7751714587211609, "std": 0.10398485511541367}
{"frame": 451, "mean": 0.7751002311706543, "std": 0.10430078953504562}
{"frame": 452, "mean": 0.7751779556274414, "std": 0.10370480269193649}
{"frame": 453, "mean": 0.7752370834350586, "std": 0.10350024700164795}
{"frame": 454, "mean": 0.7752172350883484, "std": 0.10367675870656967}
{"frame": 455, "mean": 0.7751662135124207, "std": 0.10413205623626709}
{"frame": 456, "mean": 0.77518230676651, "std": 0.1039811298251152}
{"frame": 457, "mean": 0.7752577662467957, "std": 0.10357443243265152}
{"frame": 458, "mean": 0.7752606868743896, "std": 0.10350964963436127}
{"frame": 459, "mean": 0.7752134799957275, "std": 0.10374916344881058}
{"frame": 460, "mean": 0.775098979473114, "std": 0.10438808798789978}
{"frame": 461, "mean": 0.7751920819282532, "std": 0.10376153141260147}
{"frame": 462, "mean": 0.7752248644828796, "std": 0.10355543345212936}
{"frame": 463, "mean": 0.7752054333686829, "std": 0.10367777943611145}
{"frame": 464, "mean": 0.7751360535621643, "std": 0.10407426953315735}
{"frame": 465, "mean": 0.7751556038856506, "std": 0.1039905771613121}
{"frame": 466, "mean": 0.7752070426940918, "std": 0.10355713218450546}
{"frame": 467, "mean": 0.7752240300178528, "std": 0.1034964993596077}
{"frame": 468, "mean": 0.7751922011375427, "std": 0.10372567176818848}
{"frame": 469, "mean": 0.7750649452209473, "std": 0.10442675650119781}
{"frame": 470, "mean": 0.7752058506011963, "std": 0.1037130281329155}
{"frame": 471, "mean": 0.7752375602722168, "std": 0.1034872829914093}
{"frame": 472, "mean": 0.7752266526222229, "std": 0.10356446355581284}
{"frame": 473, "mean": 0.7751880288124084, "std": 0.10393400490283966}
{"frame": 474, "mean": 0.7751638889312744, "std": 0.10409774631261826}
{"frame": 475, "mean": 0.7752237915992737, "std": 0.10361875593662262}
{"frame": 476, "mean": 0.7752220034599304, "std": 0.10352885723114014}
{"frame": 477, "mean": 0.7751791477203369, "std": 0.10376761108636856}
{"frame": 478, "mean": 0.7750346660614014, "std": 0.10434930771589279}
{"frame": 479, "mean": 0.7750582098960876, "std": 0.10384088009595871}
{"frame": 480, "mean": 0.7749750018119812, "std": 0.10414538532495499}
{"frame": 481, "mean": 0.7750344276428223, "std": 0.10412906855344772}
{"frame": 482, "mean": 0.7750176787376404, "std": 0.10451947152614594}
{"frame": 483, "mean": 0.7751997113227844, "std": 0.1037912666797638}
{"frame": 484, "mean": 0.7752771377563477, "std": 0.10351461917161942}
{"frame": 485, "mean": 0.7752272486686707, "std": 0.10367526859045029}
{"frame": 486, "mean": 0.7751238942146301, "std": 0.10428241640329361}
{"frame": 487, "mean": 0.7752044200897217, "std": 0.10383041203022003}
{"frame": 488, "mean": 0.7752400040626526, "std": 0.10361846536397934}
{"frame": 489, "mean": 0.7752251029014587, "std": 0.10368572175502777}
{"frame": 490, "mean": 0.7751714587211609, "std": 0.10398485511541367}
{"frame": 491, "mean": 0.7751002311706543, "std": 0.10430078953504562}
{"frame": 492, "mean": 0.7751779556274414, "std": 0.10370480269193649}
{"frame": 493, "mean": 0.7752370834350586, "std": 0.10350024700164795}
{"frame": 494, "mean": 0.7752172350883484, "std": 0.10367675870656967}
{"frame": 495, "mean": 0.7751662135124207, "std": 0.10413205623626709}
{"frame": 496, "mean": 0.77518230676651, "std": 0.1039811298251152}
{"frame": 497, "mean": 0.7752577662467957, "std": 0.10357443243265152}
{"frame": 498, "mean": 0.7752606868743896, "std": 0.10350964963436127}
{"frame": 499, "mean": 0.7752134799957275, "std": 0.10374916344881058}
{"frame": 500, "mean": 0.775098979473114, "std": 0.10438808798789978}
{"frame": 501, "mean": 0.7751920819282532, "std": 0.10376153141260147}
{"frame": 502, "mean": 0.7752248644828796, "std": 0.10355543345212936}
{"frame": 503, "mean": 0.7752054333686829, "std": 0.10367777943611145}
{"frame": 504, "mean": 0.7751360535621643, "std": 0.10407426953315735}
{"frame": 505, "mean": 0.7751556038856506, "std": 0.1039905771613121}
{"frame": 506, "mean": 0.7752070426940918, "std": 0.10355713218450546}
{"frame": 507, "mean": 0.7752240300178528, "std": 0.1034964993596077}
{"frame": 508, "mean": 0.7751922011375427, "std": 0.10372567176818848}
{"frame": 509, "mean": 0.7750649452209473, "std": 0.10442675650119781}
{"frame": 510, "mean": 0.7752058506011963, "std": 0.1037130281329155}
{"frame": 511, "mean": 0.7752375602722168, "std": 0.1034872829914093}
{"frame": 512, "mean": 0.7752266526222229, "std": 0.10356446355581284}
{"frame": 513, "mean": 0.7751880288124084, "std": 0.10393400490283966}
{"frame": 514, "mean": 0.7751638889312744, "std": 0.10409774631261826}
{"frame": 515, "mean": 0.7752237915992737, "std": 0.10361875593662262}
{"frame": 516, "mean": 0.7752220034599304, "std": 0.10352885723114014}
{"frame": 517, "mean": 0.7751791477203369, "std": 0.10376761108636856}
{"frame": 518, "mean": 0.7750346660614014, "std": 0.10434930771589279}
{"frame": 519, "mean": 0.7750582098960876, "std": 0.10384088009595871}
{"frame": 520, "mean": 0.7749750018119812, "std": 0.10414538532495499}
{"frame": 521, "mean": 0.7750344276428223, "std": 0.10412906855344772}
{"frame": 522, "mean": 0.7750176787376404, "std": 0.10451947152614594}
{"frame": 523, "mean": 0.7751997113227844, "std": 0.1037912666797638}
{"frame": 524, "mean": 0.7752771377563477, "std": 0.10351461917161942}
{"frame": 525, "mean": 0.7752272486686707, "std": 0.10367526859045029}
{"frame": 526, "mean": 0.7751238942146301, "std": 0.10428241640329361}
{"frame": 527, "mean": 0.7752044200897217, "std": 0.10383041203022003}
{"frame": 528, "mean": 0.7752400040626526, "std": 0.10361846536397934}
{"frame": 529, "mean": 0.7752251029014587, "std": 0.10368572175502777}
{"frame": 530, "mean": 0.7751714587211609, "std": 0.10398485511541367}
{"frame": 531, "mean": 0.7751002311706543, "std": 0.10430078953504562}
{"frame": 532, "mean": 0.7751779556274414, "std": 0.10370480269193649}
{"frame": 533, "mean": 0.7752370834350586, "std": 0.10350024700164795}
{"frame": 534, "mean": 0.7752172350883484, "std": 0.10367675870656967}
{"frame": 535, "mean": 0.7751662135124207, "std": 0.10413205623626709}
{"frame": 536, "mean": 0.77518230676651, "std": 0.1039811298251152}
{"frame": 537, "mean": 0.7752577662467957, "std": 0.10357443243265152}
{"frame": 538, "mean": 0.7752606868743896, "std": 0.10350964963436127}
{"frame": 539, "mean": 0.7752134799957275, "std": 0.10374916344881058}
{"frame": 540, "mean": 0.775098979473114, "std": 0.10438808798789978}
{"frame": 541, "mean": 0.7751920819282532, "std": 0.10376153141260147}
{"frame": 542, "mean": 0.7752248644828796, "std": 0.10355543345212936}
{"frame": 543, "mean": 0.7752054333686829, "std": 0.10367777943611145}
{"frame": 544, "mean": 0.7751360535621643, "std": 0.10407426953315735}
{"frame": 545, "mean": 0.7751556038856506, "std": 0.1039905771613121}
{"frame": 546, "mean": 0.7752070426940918, "std": 0.10355713218450546}
{"frame": 547, "mean": 0.7752240300178528, "std": 0.1034964993596077}
{"frame": 548, "mean": 0.7751922011375427, "std": 0.10372567176818848}
{"frame": 549, "mean": 0.7750649452209473, "std": 0.10442675650119781}
{"frame": 550, "mean": 0.7752058506011963, "std": 0.1037130281329155}
{"frame": 551, "mean": 0.7752375602722168, "std": 0.1034872829914093}
{"frame": 552, "mean": 0.7752266526222229, "std": 0.10356446355581284}
{"frame": 553, "mean": 0.7751880288124084, "std": 0.10393400490283966}
{"frame": 554, "mean": 0.7751638889312744, "std": 0.10409774631261826}
{"frame": 555, "mean": 0.7752237915992737, "std": 0.10361875593662262}
{"frame": 556, "mean": 0.7752220034599304, "std": 0.10352885723114014}
{"frame": 557, "mean": 0.7751791477203369, "std": 0.10376761108636856}
{"frame": 558, "mean": 0.7750346660614014, "std": 0.10434930771589279}
{"frame": 559, "mean": 0.7750582098960876, "std": 0.10384088009595871}
{"frame": 560, "mean": 0.7749750018119812, "std": 0.10414538532495499}
{"frame": 561, "mean": 0.7750344276428223, "std": 0.10412906855344772}
{"frame": 562, "mean": 0.7750176787376404, "std": 0.10451947152614594}
{"frame": 563, "mean": 0.7751997113227844, "std": 0.1037912666797638}
{"frame": 564, "mean": 0.7752771377563477, "std": 0.10351461917161942}
{"frame": 565, "mean": 0.7752272486686707, "std": 0.10367526859045029}
{"frame": 566, "mean": 0.7751238942146301, "std": 0.10428241640329361}
{"frame": 567, "mean": 0.7752044200897217, "std": 0.10383041203022003}
{"frame": 568, "mean": 0.7752400040626526, "std": 0.10361846536397934}
{"frame": 569, "mean": 0.7752251029014587, "std": 0.10368572175502777}
{"frame": 570, "mean": 0.7751714587211609, "std": 0.10398485511541367}
{"frame": 571, "mean": 0.7751002311706543, "std": 0.10430078953504562}
{"frame": 572, "mean": 0.7751779556274414, "std": 0.10370480269193649}
{"frame": 573, "mean": 0.7752370834350586, "std": 0.10350024700164795}
{"frame": 574, "mean": 0.7752172350883484, "std": 0.10367675870656967}
{"frame": 575, "mean": 0.7751662135124207, "std": 0.10413205623626709}
{"frame": 576, "mean": 0.77518230676651, "std": 0.1039811298251152}
{"frame": 577, "mean": 0.7752577662467957, "std": 0.10357443243265152}
{"frame": 578, "mean": 0.7752606868743896, "std": 0.10350964963436127}
{"frame": 579, "mean": 0.7752134799957275, "std": 0.10374916344881058}
{"frame": 580, "mean": 0.775098979473114, "std": 0.10438808798789978}
{"frame": 581, "mean": 0.7751920819282532, "std": 0.10376153141260147}
{"frame": 582, "mean": 0.7752248644828796, "std": 0.10355543345212936}
{"frame": 583, "mean": 0.7752054333686829, "std": 0.10367777943611145}
{"frame": 584, "mean": 0.7751360535621643, "std": 0.10407426953315735}
{"frame": 585, "mean": 0.7751556038856506, "std": 0.1039905771613121}
{"frame": 586, "mean": 0.7752070426940918, "std": 0.10355713218450546}
{"frame": 587, "mean": 0.7752240300178528, "std": 0.1034964993596077}
{"frame": 588, "mean": 0.7751922011375427, "std": 0.10372567176818848}
{"frame": 589, "mean": 0.7750649452209473, "std": 0.10442675650119781}
{"frame": 590, "mean": 0.7752058506011963, "std": 0.1037130281329155}
{"frame": 591, "mean": 0.7752375602722168, "std": 0.1034872829914093}
{"frame": 592, "mean": 0.7752266526222229, "std": 0.10356446355581284}
{"frame": 593, "mean": 0.7751880288124084, "std": 0.10393400490283966}
{"frame": 594, "mean": 0.7751638889312744, "std": 0.10409774631261826}
{"frame": 595, "mean": 0.7752237915992737, "std": 0.10361875593662262}
{"frame": 596, "mean": 0.7752220034599304, "std": 0.10352885723114014}
{"frame": 597, "mean": 0.7751791477203369, "std": 0.10376761108636856}
{"frame": 598, "mean": 0.7750346660614014, "std": 0.10434930771589279}
{"frame": 599, "mean": 0.7750582098960876, "std": 0.10384088009595871}
{"frame": 600, "mean": 0.7749750018119812, "std": 0.10414538532495499}
{"frame": 601, "mean": 0.7750344276428223, "std": 0.10412906855344772}
{"frame": 602, "mean": 0.7750176787376404, "std": 0.10451947152614594}
{"frame": 603, "mean": 0.7751997113227844, "std": 0.1037912666797638}
{"frame": 604, "mean": 0.7752771377563477, "std": 0.10351461917161942}
{"frame": 605, "mean": 0.7752272486686707, "std": 0.10367526859045029}
{"frame": 606, "mean": 0.7751238942146301, "std": 0.10428241640329361}
{"frame": 607, "mean": 0.7752044200897217, "std": 0.10383041203022003}
{"frame": 608, "mean": 0.7752400040626526, "std": 0.10361846536397934}
{"frame": 609, "mean": 0.7752251029014587, "std": 0.10368572175502777}
{"frame": 610, "mean": 0.7751714587211609, "std": 0.10398485511541367}
{"frame": 611, "mean": 0.7751002311706543, "std": 0.10430078953504562}
{"frame": 612, "mean": 0.7751779556274414, "std": 0.10370480269193649}
{"frame": 613, "mean": 0.7752370834350586, "std": 0.10350024700164795}
{"frame": 614, "mean": 0.7752172350883484, "std": 0.10367675870656967}
{"frame": 615, "mean": 0.7751662135124207, "std": 0.10413205623626709}
{"frame": 616, "mean": 0.77518230676651, "std": 0.1039811298251152}
{"frame": 617, "mean": 0.7752577662467957, "std": 0.10357443243265152}
{"frame": 618, "mean": 0.7752606868743896, "std": 0.10350964963436127}
{"frame": 619, "mean": 0.7752134799957275, "std": 0.10374916344881058}
{"frame": 620, "mean": 0.775098979473114, "std": 0.10438808798789978}
{"frame": 621, "mean": 0.7751920819282532, "std": 0.10376153141260147}
{"frame": 622, "mean": 0.7752248644828796, "std": 0.10355543345212936}
{"frame": 623, "mean": 0.7752054333686829, "std": 0.10367777943611145}
{"frame": 624, "mean": 0.7751360535621643, "std": 0.10407426953315735}
{"frame": 625, "mean": 0.7751556038856506, "std": 0.1039905771613121}
{"frame": 626, "mean": 0.7752070426940918, "std": 0.10355713218450546}
{"frame": 627, "mean": 0.7752240300178528, "std": 0.1034964993596077}
{"frame": 628, "mean": 0.7751922011375427, "std": 0.10372567176818848}
{"frame": 629, "mean": 0.7750649452209473, "std": 0.10442675650119781}
{"frame": 630, "mean": 0.7752058506011963, "std": 0.1037130281329155}
{"frame": 631, "mean": 0.7752375602722168, "std": 0.1034872829914093}
{"frame": 632, "mean": 0.7752266526222229, "std": 0.10356446355581284}
{"frame": 633, "mean": 0.7751880288124084, "std": 0.10393400490283966}
{"frame": 634, "mean": 0.7751638889312744, "std": 0.10409774631261826}
{"frame": 635, "mean": 0.7752237915992737, "std": 0.10361875593662262}
{"frame": 636, "mean": 0.7752220034599304, "std": 0.10352885723114014}
{"frame": 637, "mean": 0.7751791477203369, "std": 0.10376761108636856}
{"frame": 638, "mean": 0.7750346660614014, "std": 0.10434930771589279}
{"frame": 639, "mean": 0.7750582098960876, "std": 0.10384088009595871}
{"frame": 640, "mean": 0.7749750018119812, "std": 0.10414538532495499}
{"frame": 641, "mean": 0.7750344276428223, "std": 0.10412906855344772}
{"frame": 642, "mean": 0.7750176787376404, "std": 0.10451947152614594}
{"frame": 643, "mean": 0.7751997113227844, "std": 0.1037912666797638}
{"frame": 644, "mean": 0.7752771377563477, "std": 0.10351461917161942}
{"frame": 645, "mean": 0.7752272486686707, "std": 0.10367526859045029}
{"frame": 646, "mean": 0.7751238942146301, "std": 0.10428241640329361}
{"frame": 647, "mean": 0.7752044200897217, "std": 0.10383041203022003}
{"frame": 648, "mean": 0.7752400040626526, "std": 0.10361846536397934}
{"frame": 649, "mean": 0.7752251029014587, "std": 0.10368572175502777}
{"frame": 650, "mean": 0.7751714587211609, "std": 0.10398485511541367}
{"frame": 651, "mean": 0.7751002311706543, "std": 0.10430078953504562}
{"frame": 652, "mean": 0.7751779556274414, "std": 0.10370480269193649}
{"frame": 653, "mean": 0.7752370834350586, "std": 0.10350024700164795}
{"frame": 654, "mean": 0.7752172350883484, "std": 0.10367675870656967}
{"frame": 655, "mean": 0.7751662135124207, "std": 0.10413205623626709}
{"frame": 656, "mean": 0.77518230676651, "std": 0.1039811298251152}
{"frame": 657, "mean": 0.7752577662467957, "std": 0.10357443243265152}
{"frame": 658, "mean": 0.7752606868743896, "std": 0.10350964963436127}
{"frame": 659, "mean": 0.7752134799957275, "std": 0.10374916344881058}
{"frame": 660, "mean": 0.775098979473114, "std": 0.10438808798789978}
{"frame": 661, "mean": 0.7751920819282532, "std": 0.10376153141260147}
{"frame": 662, "mean": 0.7752248644828796, "std": 0.10355543345212936}
{"frame": 663, "mean": 0.7752054333686829, "std": 0.10367777943611145}
{"frame": 664, "mean": 0.7751360535621643, "std": 0.10407426953315735}
{"frame": 665, "mean": 0.7751556038856506, "std": 0.1039905771613121}
{"frame": 666, "mean": 0.7752070426940918, "std": 0.10355713218450546}
{"frame": 667, "mean": 0.7752240300178528, "std": 0.1034964993596077}
{"frame": 668, "mean": 0.7751922011375427, "std": 0.10372567176818848}
{"frame": 669, "mean": 0.7750649452209473, "std": 0.10442675650119781}
{"frame": 670, "mean": 0.7752058506011963, "std": 0.1037130281329155}
{"frame": 671, "mean": 0.7752375602722168, "std": 0.1034872829914093}
{"frame": 672, "mean": 0.7752266526222229, "std": 0.10356446355581284}
{"frame": 673, "mean": 0.7751880288124084, "std": 0.10393400490283966}
{"frame": 674, "mean": 0.7751638889312744, "std": 0.10409774631261826}
{"frame": 675, "mean": 0.7752237915992737, "std": 0.10361875593662262}
{"frame": 676, "mean": 0.7752220034599304, "std": 0.10352885723114014}
{"frame": 677, "mean": 0.7751791477203369, "std": 0.10376761108636856}
{"frame": 678, "mean": 0.7750346660614014, "std": 0.10434930771589279}
{"frame": 679, "mean": 0.7750582098960876, "std": 0.10384088009595871}
{"frame": 680, "mean": 0.7749750018119812, "std": 0.10414538532495499}
{"frame": 681, "mean": 0.7750344276428223, "std": 0.10412906855344772}
{"frame": 682, "mean": 0.7750176787376404, "std": 0.10451947152614594}
{"frame": 683, "mean": 0.7751997113227844, "std": 0.1037912666797638}
{"frame": 684, "mean": 0.7752771377563477, "std": 0.10351461917161942}
{"frame": 685, "mean": 0.7752272486686707, "std": 0.10367526859045029}
{"frame": 686, "mean": 0.7751238942146301, "std": 0.10428241640329361}
{"frame": 687, "mean": 0.7752044200897217, "std": 0.10383041203022003}
{"frame": 688, "mean": 0.7752400040626526, "std": 0.10361846536397934}
{"frame": 689, "mean": 0.7752251029014587, "std": 0.10368572175502777}
{"frame": 690, "mean": 0.7751714587211609, "std": 0.10398485511541367}
{"frame": 691, "mean": 0.7751002311706543, "std": 0.10430078953504562}
{"frame": 692, "mean": 0.7751779556274414, "std": 0.10370480269193649}
{"frame": 693, "mean": 0.7752370834350586, "std": 0.10350024700164795}
{"frame": 694, "mean": 0.7752172350883484, "std": 0.10367675870656967}
{"frame": 695, "mean": 0.7751662135124207, "std": 0.10413205623626709}
{"frame": 696, "mean": 0.77518230676651, "std": 0.1039811298251152}
{"frame": 697, "mean": 0.7752577662467957, "std": 0.10357443243265152}
{"frame": 698, "mean": 0.7752606868743896, "std": 0.10350964963436127}
{"frame": 699, "mean": 0.7752134799957275, "std": 0.10374916344881058}
{"frame": 700, "mean": 0.775098979473114, "std": 0.10438808798789978}
{"frame": 701, "mean": 0.7751920819282532, "std": 0.10376153141260147}
{"frame": 702, "mean": 0.7752248644828796, "std": 0.10355543345212936}
{"frame": 703, "mean": 0.7752054333686829, "std": 0.10367777943611145}
{"frame": 704, "mean": 0.7751360535621643, "std": 0.10407426953315735}
{"frame": 705, "mean": 0.7751556038856506, "std": 0.1039905771613121}
{"frame": 706, "mean": 0.7752070426940918, "std": 0.10355713218450546}
{"frame": 707, "mean": 0.7752240300178528, "std": 0.1034964993596077}
{"frame": 708, "mean": 0.7751922011375427, "std": 0.10372567176818848}
{"frame": 709, "mean": 0.7750649452209473, "std": 0.10442675650119781}
{"frame": 710, "mean": 0.7752058506011963, "std": 0.1037130281329155}
{"frame": 711, "mean": 0.7752375602722168, "std": 0.1034872829914093}
{"frame": 712, "mean": 0.7752266526222229, "std": 0.10356446355581284}
{"frame": 713, "mean": 0.7751880288124084, "std": 0.10393400490283966}
{"frame": 714, "mean": 0.7751638889312744, "std": 0.10409774631261826}
{"frame": 715, "mean": 0.7752237915992737, "std": 0.10361875593662262}
{"frame": 716, "mean": 0.7752220034599304, "std": 0.10352885723114014}
{"frame": 717, "mean": 0.7751791477203369, "std": 0.10376761108636856}
{"frame": 718, "mean": 0.7750346660614014, "std": 0.10434930771589279}
{"frame": 719, "mean": 0.7750582098960876, "std": 0.10384088009595871}
{"frame": 720, "mean": 0.7749750018119812, "std": 0.10414538532495499}
{"frame": 721, "mean": 0.7750344276428223, "std": 0.10412906855344772}
{"frame": 722, "mean": 0.7750176787376404, "std": 0.10451947152614594}
{"frame": 723, "mean": 0.7751997113227844, "std": 0.1037912666797638}
{"frame": 724, "mean": 0.7752771377563477, "std": 0.10351461917161942}
{"frame": 725, "mean": 0.7752272486686707, "std": 0.10367526859045029}
{"frame": 726, "mean": 0.7751238942146301, "std": 0.10428241640329361}
{"frame": 727, "mean": 0.7752044200897217, "std": 0.10383041203022003}
{"frame": 728, "mean": 0.7752400040626526, "std": 0.10361846536397934}
{"frame": 729, "mean": 0.7752251029014587, "std": 0.10368572175502777}
{"frame": 730, "mean": 0.7751714587211609, "std": 0.10398485511541367}
{"frame": 731, "mean": 0.7751002311706543, "std": 0.10430078953504562}
{"frame": 732, "mean": 0.7751779556274414, "std": 0.10370480269193649}
{"frame": 733, "mean": 0.7752370834350586, "std": 0.10350024700164795}
{"frame": 734, "mean": 0.7752172350883484, "std": 0.10367675870656967}
{"frame": 735, "mean": 0.7751662135124207, "std": 0.10413205623626709}
{"frame": 736, "mean": 0.77518230676651, "std": 0.1039811298251152}
{"frame": 737, "mean": 0.7752577662467957, "std": 0.10357443243265152}
{"frame": 738, "mean": 0.7752606868743896, "std": 0.10350964963436127}
{"frame": 739, "mean": 0.7752134799957275, "std": 0.10374916344881058}
{"frame": 740, "mean": 0.775098979473114, "std": 0.10438808798789978}
{"frame": 741, "mean": 0.7751920819282532, "std": 0.10376153141260147}
{"frame": 742, "mean": 0.7752248644828796, "std": 0.10355543345212936}
{"frame": 743, "mean": 0.7752054333686829, "std": 0.10367777943611145}
{"frame": 744, "mean": 0.7751360535621643, "std": 0.10407426953315735}
{"frame": 745, "mean": 0.7751556038856506, "std": 0.1039905771613121}
{"frame": 746, "mean": 0.7752070426940918, "std": 0.10355713218450546}
{"frame": 747, "mean": 0.7752240300178528, "std": 0.1034964993596077}
{"frame": 748, "mean": 0.7751922011375427, "std": 0.10372567176818848}
{"frame": 749, "mean": 0.7750649452209473, "std": 0.10442675650119781}
{"frame": 750, "mean": 0.7752058506011963, "std": 0.1037130281329155}
{"frame": 751, "mean": 0.7752375602722168, "std": 0.1034872829914093}
{"frame": 752, "mean": 0.7752266526222229, "std": 0.10356446355581284}
{"frame": 753, "mean": 0.7751880288124084, "std": 0.10393400490283966}
{"frame": 754, "mean": 0.7751638889312744, "std": 0.10409774631261826}
{"frame": 755, "mean": 0.7752237915992737, "std": 0.10361875593662262}
{"frame": 756, "mean": 0.7752220034599304, "std": 0.10352885723114014}
{"frame": 757, "mean": 0.7751791477203369, "std": 0.10376761108636856}
{"frame": 758, "mean": 0.7750346660614014, "std": 0.10434930771589279}
{"frame": 759, "mean": 0.7750582098960876, "std": 0.10384088009595871}
{"frame": 760, "mean": 0.7749750018119812, "std": 0.10414538532495499}
{"frame": 761, "mean": 0.7750344276428223, "std": 0.10412906855344772}
{"frame": 762, "mean": 0.7750176787376404, "std": 0.10451947152614594}
{"frame": 763, "mean": 0.7751997113227844, "std": 0.1037912666797638}
{"frame": 764, "mean": 0.7752771377563477, "std": 0.10351461917161942}
{"frame": 765, "mean": 0.7752272486686707, "std": 0.10367526859045029}
{"frame": 766, "mean": 0.7751238942146301, "std": 0.10428241640329361}
{"frame": 767, "mean": 0.7752044200897217, "std": 0.10383041203022003}
{"frame": 768, "mean": 0.7752400040626526, "std": 0.10361846536397934}
{"frame": 769, "mean": 0.7752251029014587, "std": 0.10368572175502777}
{"frame": 770, "mean": 0.7751714587211609, "std": 0.10398485511541367}
{"frame": 771, "mean": 0.7751002311706543, "std": 0.10430078953504562}
{"frame": 772, "mean": 0.7751779556274414, "std": 0.10370480269193649}
{"frame": 773, "mean": 0.7752370834350586, "std": 0.10350024700164795}
{"frame": 774, "mean": 0.7752172350883484, "std": 0.10367675870656967}
{"frame": 775, "mean": 0.7751662135124207, "std": 0.10413205623626709}
{"frame": 776, "mean": 0.77518230676651, "std": 0.1039811298251152}
{"frame": 777, "mean": 0.7752577662467957, "std": 0.10357443243265152}
{"frame": 778, "mean": 0.7752606868743896, "std": 0.10350964963436127}
{"frame": 779, "mean": 0.7752134799957275, "std": 0.10374916344881058}
{"frame": 780, "mean": 0.775098979473114, "std": 0.10438808798789978}
{"frame": 781, "mean": 0.7751920819282532, "std": 0.10376153141260147}
{"frame": 782, "mean": 0.7752248644828796, "std": 0.10355543345212936}
{"frame": 783, "mean": 0.7752054333686829, "std": 0.10367777943611145}
{"frame": 784, "mean": 0.7751360535621643, "std": 0.10407426953315735}
{"frame": 785, "mean": 0.7751556038856506, "std": 0.1039905771613121}
{"frame": 786, "mean": 0.7752070426940918, "std": 0.10355713218450546}
{"frame": 787, "mean": 0.7752240300178528, "std": 0.1034964993596077}
{"frame": 788, "mean": 0.7751922011375427, "std": 0.10372567176818848}
{"frame": 789, "mean": 0.7750649452209473, "std": 0.10442675650119781}
{"frame": 790, "mean": 0.7752058506011963, "std": 0.1037130281329155}
{"frame": 791, "mean": 0.7752375602722168, "std": 0.1034872829914093}
{"frame": 792, "mean": 0.7752266526222229, "std": 0.10356446355581284}
{"frame": 793, "mean": 0.7751880288124084, "std": 0.10393400490283966}
{"frame": 794, "mean": 0.7751638889312744, "std": 0.10409774631261826}
{"frame": 795, "mean": 0.7752237915992737, "std": 0.10361875593662262}
{"frame": 796, "mean": 0.7752220034599304, "std": 0.10352885723114014}
{"frame": 797, "mean": 0.7751791477203369, "std": 0.10376761108636856}
{"frame": 798, "mean": 0.7750346660614014, "std": 0.10434930771589279}
{"frame": 799, "mean": 0.7750582098960876, "std": 0.10384088009595871}
{"frame": 800, "mean": 0.7749750018119812, "std": 0.10414538532495499}
{"frame": 801, "mean": 0.7750344276428223, "std": 0.10412906855344772}
{"frame": 802, "mean": 0.7750176787376404, "std": 0.10451947152614594}
{"frame": 803, "mean": 0.7751997113227844, "std": 0.1037912666797638}
{"frame": 804, "mean": 0.7752771377563477, "std": 0.10351461917161942}
{"frame": 805, "mean": 0.7752272486686707, "std": 0.10367526859045029}
{"frame": 806, "mean": 0.7751238942146301, "std": 0.10428241640329361}
{"frame": 807, "mean": 0.7752044200897217, "std": 0.10383041203022003}
{"frame": 808, "mean": 0.7752400040626526, "std": 0.10361846536397934}
{"frame": 809, "mean": 0.7752251029014587, "std": 0.10368572175502777}
{"frame": 810, "mean": 0.7751714587211609, "std": 0.10398485511541367}
{"frame": 811, "mean": 0.7751002311706543, "std": 0.10430078953504562}
{"frame": 812, "mean": 0.7751779556274414, "std": 0.10370480269193649}
{"frame": 813, "mean": 0.7752370834350586, "std": 0.10350024700164795}
{"frame": 814, "mean": 0.7752172350883484, "std": 0.10367675870656967}
{"frame": 815, "mean": 0.7751662135124207, "std": 0.10413205623626709}
{"frame": 816, "mean": 0.77518230676651, "std": 0.1039811298251152}
{"frame": 817, "mean": 0.7752577662467957, "std": 0.10357443243265152}
{"frame": 818, "mean": 0.7752606868743896, "std": 0.10350964963436127}
{"frame": 819, "mean": 0.7752134799957275, "std": 0.10374916344881058}
{"frame": 820, "mean": 0.775098979473114, "std": 0.10438808798789978}
{"frame": 821, "mean": 0.7751920819282532, "std": 0.10376153141260147}
{"frame": 822, "mean": 0.7752248644828796, "std": 0.10355543345212936}
{"frame": 823, "mean": 0.7752054333686829, "std": 0.10367777943611145}
{"frame": 824, "mean": 0.7751360535621643, "std": 0.10407426953315735}
{"frame": 825, "mean": 0.7751556038856506, "std": 0.1039905771613121}
{"frame": 826, "mean": 0.7752070426940918, "std": 0.10355713218450546}
{"frame": 827, "mean": 0.7752240300178528, "std": 0.1034964993596077}
{"frame": 828, "mean": 0.7751922011375427, "std": 0.10372567176818848}
{"frame": 829, "mean": 0.7750649452209473, "std": 0.10442675650119781}
{"frame": 830, "mean": 0.7752058506011963, "std": 0.1037130281329155}
{"frame": 831, "mean": 0.7752375602722168, "std": 0.1034872829914093}
{"frame": 832, "mean": 0.7752266526222229, "std": 0.10356446355581284}
{"frame": 833, "mean": 0.7751880288124084, "std": 0.10393400490283966}
{"frame": 834, "mean": 0.7751638889312744, "std": 0.10409774631261826}
{"frame": 835, "mean": 0.7752237915992737, "std": 0.10361875593662262}
{"frame": 836, "mean": 0.7752220034599304, "std": 0.10352885723114014}
{"frame": 837, "mean": 0.7751791477203369, "std": 0.10376761108636856}
{"frame": 838, "mean": 0.7750346660614014, "std": 0.10434930771589279}
{"frame": 839, "mean": 0.7750582098960876, "std": 0.10384088009595871}
{"frame": 840, "mean": 0.7749750018119812, "std": 0.10414538532495499}
{"frame": 841, "mean": 0.7750344276428223, "std": 0.10412906855344772}
{"frame": 842, "mean": 0.7750176787376404, "std": 0.10451947152614594}
{"frame": 843, "mean": 0.7751997113227844, "std": 0.1037912666797638}
{"frame": 844, "mean": 0.7752771377563477, "std": 0.10351461917161942}
{"frame": 845, "mean": 0.7752272486686707, "std": 0.10367526859045029}
{"frame": 846, "mean": 0.7751238942146301, "std": 0.10428241640329361}
{"frame": 847, "mean": 0.7752044200897217, "std": 0.10383041203022003}
{"frame": 848, "mean": 0.7752400040626526, "std": 0.10361846536397934}
{"frame": 849, "mean": 0.7752251029014587, "std": 0.10368572175502777}
{"frame": 850, "mean": 0.7751714587211609, "std": 0.10398485511541367}
{"frame": 851, "mean": 0.7751002311706543, "std": 0.10430078953504562}
{"frame": 852, "mean": 0.7751779556274414, "std": 0.10370480269193649}
{"frame": 853, "mean": 0.7752370834350586, "std": 0.10350024700164795}
{"frame": 854, "mean": 0.7752172350883484, "std": 0.10367675870656967}
{"frame": 855, "mean": 0.7751662135124207, "std": 0.10413205623626709}
{"frame": 856, "mean": 0.77518230676651, "std": 0.1039811298251152}
{"frame": 857, "mean": 0.7752577662467957, "std": 0.10357443243265152}
{"frame": 858, "mean": 0.7752606868743896, "std": 0.10350964963436127}
{"frame": 859, "mean": 0.7752134799957275, "std": 0.10374916344881058}
{"frame": 860, "mean": 0.775098979473114, "std": 0.10438808798789978}
{"frame": 861, "mean": 0.7751920819282532, "std": 0.10376153141260147}
{"frame": 862, "mean": 0.7752248644828796, "std": 0.10355543345212936}
{"frame": 863, "mean": 0.7752054333686829, "std": 0.10367777943611145}
{"frame": 864, "mean": 0.7751360535621643, "std": 0.10407426953315735}
{"frame": 865, "mean": 0.7751556038856506, "std": 0.1039905771613121}
{"frame": 866, "mean": 0.7752070426940918, "std": 0.10355713218450546}
{"frame": 867, "mean": 0.7752240300178528, "std": 0.1034964993596077}
{"frame": 868, "mean": 0.7751922011375427, "std": 0.10372567176818848}
{"frame": 869, "mean": 0.7750649452209473, "std": 0.10442675650119781}
{"frame": 870, "mean": 0.7752058506011963, "std": 0.1037130281329155}
{"frame": 871, "mean": 0.7752375602722168, "std": 0.1034872829914093}
{"frame": 872, "mean": 0.7752266526222229, "std": 0.10356446355581284}
{"frame": 873, "mean": 0.7751880288124084, "std": 0.10393400490283966}
{"frame": 874, "mean": 0.7751638889312744, "std": 0.10409774631261826}
{"frame": 875, "mean": 0.7752237915992737, "std": 0.10361875593662262}
{"frame": 876, "mean": 0.7752220034599304, "std": 0.10352885723114014}
{"frame": 877, "mean": 0.7751791477203369, "std": 0.10376761108636856}
{"frame": 878, "mean": 0.7750346660614014, "std": 0.10434930771589279}
{"frame": 879, "mean": 0.7750582098960876, "std": 0.10384088009595871}
{"frame": 880, "mean": 0.7749750018119812, "std": 0.10414538532495499}
{"frame": 881, "mean": 0.7750344276428223, "std": 0.10412906855344772}
{"frame": 882, "mean": 0.7750176787376404, "std": 0.10451947152614594}
{"frame": 883, "mean": 0.7751997113227844, "std": 0.1037912666797638}
{"frame": 884, "mean": 0.7752771377563477, "std": 0.10351461917161942}
{"frame": 885, "mean": 0.7752272486686707, "std": 0.10367526859045029}
{"frame": 886, "mean": 0.7751238942146301, "std": 0.10428241640329361}
{"frame": 887, "mean": 0.7752044200897217, "std": 0.10383041203022003}
{"frame": 888, "mean": 0.7752400040626526, "std": 0.10361846536397934}
{"frame": 889, "mean": 0.7752251029014587, "std": 0.10368572175502777}
{"frame": 890, "mean": 0.7751714587211609, "std": 0.10398485511541367}
{"frame": 891, "mean": 0.7751002311706543, "std": 0.10430078953504562}
{"frame": 892, "mean": 0.7751779556274414, "std": 0.10370480269193649}
{"frame": 893, "mean": 0.7752370834350586, "std": 0.10350024700164795}
{"frame": 894, "mean": 0.7752172350883484, "std": 0.10367675870656967}
{"frame": 895, "mean": 0.7751662135124207, "std": 0.10413205623626709}
{"frame": 896, "mean": 0.77518230676651, "std": 0.1039811298251152}
{"frame": 897, "mean": 0.7752577662467957, "std": 0.10357443243265152}
{"frame": 898, "mean": 0.7752606868743896, "std": 0.10350964963436127}
{"frame": 899, "mean": 0.7752134799957275, "std": 0.10374916344881058}
{"frame": 900, "mean": 0.775098979473114, "std": 0.10438808798789978}
{"frame": 901, "mean": 0.7751920819282532, "std": 0.10376153141260147}
{"frame": 902, "mean": 0.7752248644828796, "std": 0.10355543345212936}
{"frame": 903, "mean": 0.7752054333686829, "std": 0.10367777943611145}
{"frame": 904, "mean": 0.7751360535621643, "std": 0.10407426953315735}
{"frame": 905, "mean": 0.7751556038856506, "std": 0.1039905771613121}
{"frame": 906, "mean": 0.7752070426940918, "std": 0.10355713218450546}
{"frame": 907, "mean": 0.7752240300178528, "std": 0.1034964993596077}
{"frame": 908, "mean": 0.7751922011375427, "std": 0.10372567176818848}
{"frame": 909, "mean": 0.7750649452209473, "std": 0.10442675650119781}
{"frame": 910, "mean": 0.7752058506011963, "std": 0.1037130281329155}
{"frame": 911, "mean": 0.7752375602722168, "std": 0.1034872829914093}
{"frame": 912, "mean": 0.7752266526222229, "std": 0.10356446355581284}
{"frame": 913, "mean": 0.7751880288124084, "std": 0.10393400490283966}
{"frame": 914, "mean": 0.7751638889312744, "std": 0.10409774631261826}
{"frame": 915, "mean": 0.7752237915992737, "std": 0.10361875593662262}
{"frame": 916, "mean": 0.7752220034599304, "std": 0.10352885723114014}
{"frame": 917, "mean": 0.7751791477203369, "std": 0.10376761108636856}
{"frame": 918, "mean": 0.7750346660614014, "std": 0.10434930771589279}
{"frame": 919, "mean": 0.7750582098960876, "std": 0.10384088009595871}
{"frame": 920, "mean": 0.7749750018119812, "std": 0.10414538532495499}
{"frame": 921, "mean": 0.7750344276428223, "std": 0.10412906855344772}
{"frame": 922, "mean": 0.7750176787376404, "std": 0.10451947152614594}
{"frame": 923, "mean": 0.7751997113227844, "std": 0.1037912666797638}
{"frame": 924, "mean": 0.7752771377563477, "std": 0.10351461917161942}
{"frame": 925, "mean": 0.7752272486686707, "std": 0.10367526859045029}
{"frame": 926, "mean": 0.7751238942146301, "std": 0.10428241640329361}
{"frame": 927, "mean": 0.7752044200897217, "std": 0.10383041203022003}
{"frame": 928, "mean": 0.7752400040626526, "std": 0.10361846536397934}
{"frame": 929, "mean": 0.7752251029014587, "std": 0.10368572175502777}
{"frame": 930, "mean": 0.7751714587211609, "std": 0.10398485511541367}
{"frame": 931, "mean": 0.7751002311706543, "std": 0.10430078953504562}
{"frame": 932, "mean": 0.7751779556274414, "std": 0.10370480269193649}
{"frame": 933, "mean": 0.7752370834350586, "std": 0.10350024700164795}
{"frame": 934, "mean": 0.7752172350883484, "std": 0.10367675870656967}
{"frame": 935, "mean": 0.7751662135124207, "std": 0.10413205623626709}
{"frame": 936, "mean": 0.77518230676651, "std": 0.1039811298251152}
{"frame": 937, "mean": 0.7752577662467957, "std": 0.10357443243265152}
{"frame": 938, "mean": 0.7752606868743896, "std": 0.10350964963436127}
{"frame": 939, "mean": 0.7752134799957275, "std": 0.10374916344881058}
{"frame": 940, "mean": 0.775098979473114, "std": 0.10438808798789978}
{"frame": 941, "mean": 0.7751920819282532, "std": 0.10376153141260147}
{"frame": 942, "mean": 0.7752248644828796, "std": 0.10355543345212936}
{"frame": 943, "mean": 0.7752054333686829, "std": 0.10367777943611145}
{"frame": 944, "mean": 0.7751360535621643, "std": 0.10407426953315735}
{"frame": 945, "mean": 0.7751556038856506, "std": 0.1039905771613121}
{"frame": 946, "mean": 0.7752070426940918, "std": 0.10355713218450546}
{"frame": 947, "mean": 0.7752240300178528, "std": 0.1034964993596077}
{"frame": 948, "mean": 0.7751922011375427, "std": 0.10372567176818848}
{"frame": 949, "mean": 0.7750649452209473, "std": 0.10442675650119781}
{"frame": 950, "mean": 0.7752058506011963, "std": 0.1037130281329155}
{"frame": 951, "mean": 0.7752375602722168, "std": 0.1034872829914093}
{"frame": 952, "mean": 0.7752266526222229, "std": 0.10356446355581284}
{"frame": 953, "mean": 0.7751880288124084, "std": 0.10393400490283966}
{"frame": 954, "mean": 0.7751638889312744, "std": 0.10409774631261826}
{"frame": 955, "mean": 0.7752237915992737, "std": 0.10361875593662262}
{"frame": 956, "mean": 0.7752220034599304, "std": 0.10352885723114014}
{"frame": 957, "mean": 0.7751791477203369, "std": 0.10376761108636856}
{"frame": 958, "mean": 0.7750346660614014, "std": 0.10434930771589279}
{"frame": 959, "mean": 0.7750582098960876, "std": 0.10384088009595871}
{"frame": 960, "mean": 0.7749750018119812, "std": 0.10414538532495499}
{"frame": 961, "mean": 0.7750344276428223, "std": 0.10412906855344772}
{"frame": 962, "mean": 0.7750176787376404, "std": 0.10451947152614594}
{"frame": 963, "mean": 0.7751997113227844, "std": 0.1037912666797638}
{"frame": 964, "mean": 0.7752771377563477, "std": 0.10351461917161942}
{"frame": 965, "mean": 0.7752272486686707, "std": 0.10367526859045029}
{"frame": 966, "mean": 0.7751238942146301, "std": 0.10428241640329361}
{"frame": 967, "mean": 0.7752044200897217, "std": 0.10383041203022003}
{"frame": 968, "mean": 0.7752400040626526, "std": 0.10361846536397934}
{"frame": 969, "mean": 0.7752251029014587, "std": 0.10368572175502777}
{"frame": 970, "mean": 0.7751714587211609, "std": 0.10398485511541367}
{"frame": 971, "mean": 0.7751002311706543, "std": 0.10430078953504562}
{"frame": 972, "mean": 0.7751779556274414, "std": 0.10370480269193649}
{"frame": 973, "mean": 0.7752370834350586, "std": 0.10350024700164795}
{"frame": 974, "mean": 0.7752172350883484, "std": 0.10367675870656967}
{"frame": 975, "mean": 0.7751662135124207, "std": 0.10413205623626709}
{"frame": 976, "mean": 0.77518230676651, "std": 0.1039811298251152}
{"frame": 977, "mean": 0.7752577662467957, "std": 0.10357443243265152}
{"frame": 978, "mean": 0.7752606868743896, "std": 0.10350964963436127}
{"frame": 979, "mean": 0.7752134799957275, "std": 0.10374916344881058}
{"frame": 980, "mean": 0.775098979473114, "std": 0.10438808798789978}
{"frame": 981, "mean": 0.7751920819282532, "std": 0.10376153141260147}
{"frame": 982, "mean": 0.7752248644828796, "std": 0.10355543345212936}
{"frame": 983, "mean": 0.7752054333686829, "std": 0.10367777943611145}
{"frame": 984, "mean": 0.7751360535621643, "std": 0.10407426953315735}
{"frame": 985, "mean": 0.7751556038856506, "std": 0.1039905771613121}
{"frame": 986, "mean": 0.7752070426940918, "std": 0.10355713218450546}
{"frame": 987, "mean": 0.7752240300178528, "std": 0.1034964993596077}
{"frame": 988, "mean": 0.7751922011375427, "std": 0.10372567176818848}
{"frame": 989, "mean": 0.7750649452209473, "std": 0.10442675650119781}
{"frame": 990, "mean": 0.7752058506011963, "std": 0.1037130281329155}
{"frame": 991, "mean": 0.7752375602722168, "std": 0.1034872829914093}
{"frame": 992, "mean": 0.7752266526222229, "std": 0.10356446355581284}
{"frame": 993, "mean": 0.7751880288124084, "std": 0.10393400490283966}
{"frame": 994, "mean": 0.7751638889312744, "std": 0.10409774631261826}
{"frame": 995, "mean": 0.7752237915992737, "std": 0.10361875593662262}
{"frame": 996, "mean": 0.7752220034599304, "std": 0.10352885723114014}
{"frame": 997, "mean": 0.7751791477203369, "std": 0.10376761108636856}
{"frame": 998, "mean": 0.7750346660614014, "std": 0.10434930771589279}
{"frame": 999, "mean": 0.7750582098960876, "std": 0.10384088009595871}
{"frame": 1000, "mean": 0.7749750018119812, "std": 0.10414538532495499}
{"frame": 1001, "mean": 0.7750344276428223, "std": 0.10412906855344772}
{"frame": 1002, "mean": 0.7750176787376404, "std": 0.10451947152614594}
{"frame": 1003, "mean": 0.7751997113227844, "std": 0.1037912666797638}
{"frame": 1004, "mean": 0.7752771377563477, "std": 0.10351461917161942}
{"frame": 1005, "mean": 0.7752272486686707, "std": 0.10367526859045029}
{"frame": 1006, "mean": 0.7751238942146301, "std": 0.10428241640329361}
{"frame": 1007, "mean": 0.7752044200897217, "std": 0.10383041203022003}
{"frame": 1008, "mean": 0.7752400040626526, "std": 0.10361846536397934}
{"frame": 1009, "mean": 0.7752251029014587, "std": 0.10368572175502777}
{"frame": 1010, "mean": 0.7751714587211609, "std": 0.10398485511541367}
{"frame": 1011, "mean": 0.7751002311706543, "std": 0.10430078953504562}
{"frame": 1012, "mean": 0.7751779556274414, "std": 0.10370480269193649}
{"frame": 1013, "mean": 0.7752370834350586, "std": 0.10350024700164795}
{"frame": 1014, "mean": 0.7752172350883484, "std": 0.10367675870656967}
{"frame": 1015, "mean": 0.7751662135124207, "std": 0.10413205623626709}
{"frame": 1016, "mean": 0.77518230676651, "std": 0.1039811298251152}
{"frame": 1017, "mean": 0.7752577662467957, "std": 0.10357443243265152}
{"frame": 1018, "mean": 0.7752606868743896, "std": 0.10350964963436127}
{"frame": 1019, "mean": 0.7752134799957275, "std": 0.10374916344881058}
{"frame": 1020, "mean": 0.775098979473114, "std": 0.10438808798789978}
{"frame": 1021, "mean": 0.7751920819282532, "std": 0.10376153141260147}
{"frame": 1022, "mean": 0.7752248644828796, "std": 0.10355543345212936}
{"frame": 1023, "mean": 0.7752054333686829, "std": 0.10367777943611145}
{"frame": 1024, "mean": 0.7751360535621643, "std": 0.10407426953315735}
{"frame": 1025, "mean": 0.7751556038856506, "std": 0.1039905771613121}
{"frame": 1026, "mean": 0.7752070426940918, "std": 0.10355713218450546}
{"frame": 1027, "mean": 0.7752240300178528, "std": 0.1034964993596077}
{"frame": 1028, "mean": 0.7751922011375427, "std": 0.10372567176818848}
{"frame": 1029, "mean": 0.7750649452209473, "std": 0.10442675650119781}
{"frame": 1030, "mean": 0.7752058506011963, "std": 0.1037130281329155}
{"frame": 1031, "mean": 0.7752375602722168, "std": 0.1034872829914093}
{"frame": 1032, "mean": 0.7752266526222229, "std": 0.10356446355581284}
{"frame": 1033, "mean": 0.7751880288124084, "std": 0.10393400490283966}
{"frame": 1034, "mean": 0.7751638889312744, "std": 0.10409774631261826}
{"frame": 1035, "mean": 0.7752237915992737, "std": 0.10361875593662262}
{"frame": 1036, "mean": 0.7752220034599304, "std": 0.10352885723114014}
{"frame": 1037, "mean": 0.7751791477203369, "std": 0.10376761108636856}
{"frame": 1038, "mean": 0.7750346660614014, "std": 0.10434930771589279}
{"frame": 1039, "mean": 0.7750582098960876, "std": 0.10384088009595871}
{"frame": 1040, "mean": 0.7749750018119812, "std": 0.10414538532495499}
{"frame": 1041, "mean": 0.7750344276428223, "std": 0.10412906855344772}
{"frame": 1042, "mean": 0.7750176787376404, "std": 0.10451947152614594}
{"frame": 1043, "mean": 0.7751997113227844, "std": 0.1037912666797638}
{"frame": 1044, "mean": 0.7752771377563477, "std": 0.10351461917161942}
{"frame": 1045, "mean": 0.7752272486686707, "std": 0.10367526859045029}
{"frame": 1046, "mean": 0.7751238942146301, "std": 0.10428241640329361}
{"frame": 1047, "mean": 0.7752044200897217, "std": 0.10383041203022003}
{"frame": 1048, "mean": 0.7752400040626526, "std": 0.10361846536397934}
{"frame": 1049, "mean": 0.7752251029014587, "std": 0.10368572175502777}
{"frame": 1050, "mean": 0.7751714587211609, "std": 0.10398485511541367}
{"frame": 1051, "mean": 0.7751002311706543, "std": 0.10430078953504562}
{"frame": 1052, "mean": 0.7751779556274414, "std": 0.10370480269193649}
{"frame": 1053, "mean": 0.7752370834350586, "std": 0.10350024700164795}
{"frame": 1054, "mean": 0.7752172350883484, "std": 0.10367675870656967}
{"frame": 1055, "mean": 0.7751662135124207, "std": 0.10413205623626709}
{"frame": 1056, "mean": 0.77518230676651, "std": 0.1039811298251152}
{"frame": 1057, "mean": 0.7752577662467957, "std": 0.10357443243265152}
{"frame": 1058, "mean": 0.7752606868743896, "std": 0.10350964963436127}
{"frame": 1059, "mean": 0.7752134799957275, "std": 0.10374916344881058}
{"frame": 1060, "mean": 0.775098979473114, "std": 0.10438808798789978}
{"frame": 1061, "mean": 0.7751920819282532, "std": 0.10376153141260147}
{"frame": 1062, "mean": 0.7752248644828796, "std": 0.10355543345212936}
{"frame": 1063, "mean": 0.7752054333686829, "std": 0.10367777943611145}
{"frame": 1064, "mean": 0.7751360535621643, "std": 0.10407426953315735}
{"frame": 1065, "mean": 0.7751556038856506, "std": 0.1039905771613121}
{"frame": 1066, "mean": 0.7752070426940918, "std": 0.10355713218450546}
{"frame": 1067, "mean": 0.7752240300178528, "std": 0.1034964993596077}
{"frame": 1068, "mean": 0.7751922011375427, "std": 0.10372567176818848}
{"frame": 1069, "mean": 0.7750649452209473, "std": 0.10442675650119781}
{"frame": 1070, "mean": 0.7752058506011963, "std": 0.1037130281329155}
{"frame": 1071, "mean": 0.7752375602722168, "std": 0.1034872829914093}
{"frame": 1072, "mean": 0.7752266526222229, "std": 0.10356446355581284}
{"frame": 1073, "mean": 0.7751880288124084, "std": 0.10393400490283966}
{"frame": 1074, "mean": 0.7751638889312744, "std": 0.10409774631261826}
{"frame": 1075, "mean": 0.7752237915992737, "std": 0.10361875593662262}
{"frame": 1076, "mean": 0.7752220034599304, "std": 0.10352885723114014}
{"frame": 1077, "mean": 0.7751791477203369, "std": 0.10376761108636856}
{"frame": 1078, "mean": 0.7750346660614014, "std": 0.10434930771589279}
{"frame": 1079, "mean": 0.7750582098960876, "std": 0.10384088009595871}
{"frame": 1080, "mean": 0.7749750018119812, "std": 0.10414538532495499}
{"frame": 1081, "mean": 0.7750344276428223, "std": 0.10412906855344772}
{"frame": 1082, "mean": 0.7750176787376404, "std": 0.10451947152614594}
{"frame": 1083, "mean": 0.7751997113227844, "std": 0.1037912666797638}
{"frame": 1084, "mean": 0.7752771377563477, "std": 0.10351461917161942}
{"frame": 1085, "mean": 0.7752272486686707, "std": 0.10367526859045029}
{"frame": 1086, "mean": 0.7751238942146301, "std": 0.10428241640329361}
{"frame": 1087, "mean": 0.7752044200897217, "std": 0.10383041203022003}
{"frame": 1088, "mean": 0.7752400040626526, "std": 0.10361846536397934}
{"frame": 1089, "mean": 0.7752251029014587, "std": 0.10368572175502777}
{"frame": 1090, "mean": 0.7751714587211609, "std": 0.10398485511541367}
{"frame": 1091, "mean": 0.7751002311706543, "std": 0.10430078953504562}
{"frame": 1092, "mean": 0.7751779556274414, "std": 0.10370480269193649}
{"frame": 1093, "mean": 0.7752370834350586, "std": 0.10350024700164795}
{"frame": 1094, "mean": 0.7752172350883484, "std": 0.10367675870656967}
{"frame": 1095, "mean": 0.7751662135124207, "std": 0.10413205623626709}
{"frame": 1096, "mean": 0.77518230676651, "std": 0.1039811298251152}
{"frame": 1097, "mean": 0.7752577662467957, "std": 0.10357443243265152}
{"frame": 1098, "mean": 0.7752606868743896, "std": 0.10350964963436127}
{"frame": 1099, "mean": 0.7752134799957275, "std": 0.10374916344881058}
{"frame": 1100, "mean": 0.775098979473114, "std": 0.10438808798789978}
{"frame": 1101, "mean": 0.7751920819282532, "std": 0.10376153141260147}
{"frame": 1102, "mean": 0.7752248644828796, "std": 0.10355543345212936}
{"frame": 1103, "mean": 0.7752054333686829, "std": 0.10367777943611145}
{"frame": 1104, "mean": 0.7751360535621643, "std": 0.10407426953315735}
{"frame": 1105, "mean": 0.7751556038856506, "std": 0.1039905771613121}
{"frame": 1106, "mean": 0.7752070426940918, "std": 0.10355713218450546}
{"frame": 1107, "mean": 0.7752240300178528, "std": 0.1034964993596077}
{"frame": 1108, "mean": 0.7751922011375427, "std": 0.10372567176818848}
{"frame": 1109, "mean": 0.7750649452209473, "std": 0.10442675650119781}
{"frame": 1110, "mean": 0.7752058506011963, "std": 0.1037130281329155}
{"frame": 1111, "mean": 0.7752375602722168, "std": 0.1034872829914093}
{"frame": 1112, "mean": 0.7752266526222229, "std": 0.10356446355581284}
{"frame": 1113, "mean": 0.7751880288124084, "std": 0.10393400490283966}
{"frame": 1114, "mean": 0.7751638889312744, "std": 0.10409774631261826}
{"frame": 1115, "mean": 0.7752237915992737, "std": 0.10361875593662262}
{"frame": 1116, "mean": 0.7752220034599304, "std": 0.10352885723114014}
{"frame": 1117, "mean": 0.7751791477203369, "std": 0.10376761108636856}
{"frame": 1118, "mean": 0.7750346660614014, "std": 0.10434930771589279}
{"frame": 1119, "mean": 0.7750582098960876, "std": 0.10384088009595871}
{"frame": 1120, "mean": 0.7749750018119812, "std": 0.10414538532495499}
{"frame": 1121, "mean": 0.7750344276428223, "std": 0.10412906855344772}
{"frame": 1122, "mean": 0.7750176787376404, "std": 0.10451947152614594}
{"frame": 1123, "mean": 0.7751997113227844, "std": 0.1037912666797638}
{"frame": 1124, "mean": 0.7752771377563477, "std": 0.10351461917161942}
{"frame": 1125, "mean": 0.7752272486686707, "std": 0.10367526859045029}
{"frame": 1126, "mean": 0.7751238942146301, "std": 0.10428241640329361}
{"frame": 1127, "mean": 0.7752044200897217, "std": 0.10383041203022003}
{"frame": 1128, "mean": 0.7752400040626526, "std": 0.10361846536397934}
{"frame": 1129, "mean": 0.7752251029014587, "std": 0.10368572175502777}
{"frame": 1130, "mean": 0.7751714587211609, "std": 0.10398485511541367}
{"frame": 1131, "mean": 0.7751002311706543, "std": 0.10430078953504562}
{"frame": 1132, "mean": 0.7751779556274414, "std": 0.10370480269193649}
{"frame": 1133, "mean": 0.7752370834350586, "std": 0.10350024700164795}
{"frame": 1134, "mean": 0.7752172350883484, "std": 0.10367675870656967}
{"frame": 1135, "mean": 0.7751662135124207, "std": 0.10413205623626709}
{"frame": 1136, "mean": 0.77518230676651, "std": 0.1039811298251152}
{"frame": 1137, "mean": 0.7752577662467957, "std": 0.10357443243265152}
{"frame": 1138, "mean": 0.7752606868743896, "std": 0.10350964963436127}
{"frame": 1139, "mean": 0.7752134799957275, "std": 0.10374916344881058}
{"frame": 1140, "mean": 0.775098979473114, "std": 0.10438808798789978}
{"frame": 1141, "mean": 0.7751920819282532, "std": 0.10376153141260147}
{"frame": 1142, "mean": 0.7752248644828796, "std": 0.10355543345212936}
{"frame": 1143, "mean": 0.7752054333686829, "std": 0.10367777943611145}
{"frame": 1144, "mean": 0.7751360535621643, "std": 0.10407426953315735}
{"frame": 1145, "mean": 0.7751556038856506, "std": 0.1039905771613121}
{"frame": 1146, "mean": 0.7752070426940918, "std": 0.10355713218450546}
{"frame": 1147, "mean": 0.7752240300178528, "std": 0.1034964993596077}
{"frame": 1148, "mean": 0.7751922011375427, "std": 0.10372567176818848}
{"frame": 1149, "mean": 0.7750649452209473, "std": 0.10442675650119781}
{"frame": 1150, "mean": 0.7752058506011963, "std": 0.1037130281329155}
{"frame": 1151, "mean": 0.7752375602722168, "std": 0.1034872829914093}
{"frame": 1152, "mean": 0.7752266526222229, "std": 0.10356446355581284}
{"frame": 1153, "mean": 0.7751880288124084, "std": 0.10393400490283966}
{"frame": 1154, "mean": 0.7751638889312744, "std": 0.10409774631261826}
{"frame": 1155, "mean": 0.7752237915992737, "std": 0.10361875593662262}
{"frame": 1156, "mean": 0.7752220034599304, "std": 0.10352885723114014}
{"frame": 1157, "mean": 0.7751791477203369, "std": 0.10376761108636856}
{"frame": 1158, "mean": 0.7750346660614014, "std": 0.10434930771589279}
{"frame": 1159, "mean": 0.7750582098960876, "std": 0.10384088009595871}
{"frame": 1160, "mean": 0.7749750018119812, "std": 0.10414538532495499}
{"frame": 1161, "mean": 0.7750344276428223, "std": 0.10412906855344772}
{"frame": 1162, "mean": 0.7750176787376404, "std": 0.10451947152614594}
{"frame": 1163, "mean": 0.7751997113227844, "std": 0.1037912666797638}
{"frame": 1164, "mean": 0.7752771377563477, "std": 0.10351461917161942}
{"frame": 1165, "mean": 0.7752272486686707, "std": 0.10367526859045029}
{"frame": 1166, "mean": 0.7751238942146301, "std": 0.10428241640329361}
{"frame": 1167, "mean": 0.7752044200897217, "std": 0.10383041203022003}
{"frame": 1168, "mean": 0.7752400040626526, "std": 0.10361846536397934}
{"frame": 1169, "mean": 0.7752251029014587, "std": 0.10368572175502777}
{"frame": 1170, "mean": 0.7751714587211609, "std": 0.10398485511541367}
{"frame": 1171, "mean": 0.7751002311706543, "std": 0.10430078953504562}
{"frame": 1172, "mean": 0.7751779556274414, "std": 0.10370480269193649}
{"frame": 1173, "mean": 0.7752370834350586, "std": 0.10350024700164795}
{"frame": 1174, "mean": 0.7752172350883484, "std": 0.10367675870656967}
{"frame": 1175, "mean": 0.7751662135124207, "std": 0.10413205623626709}
{"frame": 1176, "mean": 0.77518230676651, "std": 0.1039811298251152}
{"frame": 1177, "mean": 0.7752577662467957, "std": 0.10357443243265152}
{"frame": 1178, "mean": 0.7752606868743896, "std": 0.10350964963436127}
{"frame": 1179, "mean": 0.7752134799957275, "std": 0.10374916344881058}
{"frame": 1180, "mean": 0.775098979473114, "std": 0.10438808798789978}
{"frame": 1181, "mean": 0.7751920819282532, "std": 0.10376153141260147}
{"frame": 1182, "mean": 0.7752248644828796, "std": 0.10355543345212936}
{"frame": 1183, "mean": 0.7752054333686829, "std": 0.10367777943611145}
{"frame": 1184, "mean": 0.7751360535621643, "std": 0.10407426953315735}
{"frame": 1185, "mean": 0.7751556038856506, "std": 0.1039905771613121}
{"frame": 1186, "mean": 0.7752070426940918, "std": 0.10355713218450546}
{"frame": 1187, "mean": 0.7752240300178528, "std": 0.1034964993596077}
{"frame": 1188, "mean": 0.7751922011375427, "std": 0.10372567176818848}
{"frame": 1189, "mean": 0.7750649452209473, "std": 0.10442675650119781}
{"frame": 1190, "mean": 0.7752058506011963, "std": 0.1037130281329155}
{"frame": 1191, "mean": 0.7752375602722168, "std": 0.1034872829914093}
{"frame": 1192, "mean": 0.7752266526222229, "std": 0.10356446355581284}
{"frame": 1193, "mean": 0.7751880288124084, "std": 0.10393400490283966}
{"frame": 1194, "mean": 0.7751638889312744, "std": 0.10409774631261826}
{"frame": 1195, "mean": 0.7752237915992737, "std": 0.10361875593662262}
{"frame": 1196, "mean": 0.7752220034599304, "std": 0.10352885723114014}
{"frame": 1197, "mean": 0.7751791477203369, "std": 0.10376761108636856}
{"frame": 1198, "mean": 0.7750346660614014, "std": 0.10434930771589279}
{"frame": 1199, "mean": 0.7750582098960876, "std": 0.10384088009595871}
{"frame": 1200, "mean": 0.7749750018119812, "std": 0.10414538532495499}
{"frame": 1201, "mean": 0.7750344276428223, "std": 0.10412906855344772}
{"frame": 1202, "mean": 0.7750176787376404, "std": 0.10451947152614594}
{"frame": 1203, "mean": 0.7751997113227844, "std": 0.1037912666797638}
{"frame": 1204, "mean": 0.7752771377563477, "std": 0.10351461917161942}
{"frame": 1205, "mean": 0.7752272486686707, "std": 0.10367526859045029}
{"frame": 1206, "mean": 0.7751238942146301, "std": 0.10428241640329361}
{"frame": 1207, "mean": 0.7752044200897217, "std": 0.10383041203022003}
{"frame": 1208, "mean": 0.7752400040626526, "std": 0.10361846536397934}
{"frame": 1209, "mean": 0.7752251029014587, "std": 0.10368572175502777}
{"frame": 1210, "mean": 0.7751714587211609, "std": 0.10398485511541367}
{"frame": 1211, "mean": 0.7751002311706543, "std": 0.10430078953504562}
{"frame": 1212, "mean": 0.7751779556274414, "std": 0.10370480269193649}
{"frame": 1213, "mean": 0.7752370834350586, "std": 0.10350024700164795}
{"frame": 1214, "mean": 0.7752172350883484, "std": 0.10367675870656967}
{"frame": 1215, "mean": 0.7751662135124207, "std": 0.10413205623626709}
{"frame": 1216, "mean": 0.77518230676651, "std": 0.1039811298251152}
{"frame": 1217, "mean": 0.7752577662467957, "std": 0.10357443243265152}
{"frame": 1218, "mean": 0.7752606868743896, "std": 0.10350964963436127}
{"frame": 1219, "mean": 0.7752134799957275, "std": 0.10374916344881058}
{"frame": 1220, "mean": 0.775098979473114, "std": 0.10438808798789978}
{"frame": 1221, "mean": 0.7751920819282532, "std": 0.10376153141260147}
{"frame": 1222, "mean": 0.7752248644828796, "std": 0.10355543345212936}
{"frame": 1223, "mean": 0.7752054333686829, "std": 0.10367777943611145}
{"frame": 1224, "mean": 0.7751360535621643, "std": 0.10407426953315735}
{"frame": 1225, "mean": 0.7751556038856506, "std": 0.1039905771613121}
{"frame": 1226, "mean": 0.7752070426940918, "std": 0.10355713218450546}
{"frame": 1227, "mean": 0.7752240300178528, "std": 0.1034964993596077}
{"frame": 1228, "mean": 0.7751922011375427, "std": 0.10372567176818848}
{"frame": 1229, "mean": 0.7750649452209473, "std": 0.10442675650119781}
{"frame": 1230, "mean": 0.7752058506011963, "std": 0.1037130281329155}
{"frame": 1231, "mean": 0.7752375602722168, "std": 0.1034872829914093}
{"frame": 1232, "mean": 0.7752266526222229, "std": 0.10356446355581284}
{"frame": 1233, "mean": 0.7751880288124084, "std": 0.10393400490283966}
{"frame": 1234, "mean": 0.7751638889312744, "std": 0.10409774631261826}
{"frame": 1235, "mean": 0.7752237915992737, "std": 0.10361875593662262}
{"frame": 1236, "mean": 0.7752220034599304, "std": 0.10352885723114014}
{"frame": 1237, "mean": 0.7751791477203369, "std": 0.10376761108636856}
{"frame": 1238, "mean": 0.7750346660614014, "std": 0.10434930771589279}
{"frame": 1239, "mean": 0.7750582098960876, "std": 0.10384088009595871}
{"frame": 1240, "mean": 0.7749750018119812, "std": 0.10414538532495499}
{"frame": 1241, "mean": 0.7750344276428223, "std": 0.10412906855344772}
{"frame": 1242, "mean": 0.7750176787376404, "std": 0.10451947152614594}
{"frame": 1243, "mean": 0.7751997113227844, "std": 0.1037912666797638}
{"frame": 1244, "mean": 0.7752771377563477, "std": 0.10351461917161942}
{"frame": 1245, "mean": 0.7752272486686707, "std": 0.10367526859045029}
{"frame": 1246, "mean": 0.7751238942146301, "std": 0.10428241640329361}
{"frame": 1247, "mean": 0.7752044200897217, "std": 0.10383041203022003}
{"frame": 1248, "mean": 0.7752400040626526, "std": 0.10361846536397934}
{"frame": 1249, "mean": 0.7752251029014587, "std": 0.10368572175502777}
{"frame": 1250, "mean": 0.7751714587211609, "std": 0.10398485511541367}
{"frame": 1251, "mean": 0.7751002311706543, "std": 0.10430078953504562}
{"frame": 1252, "mean": 0.7751779556274414, "std": 0.10370480269193649}
{"frame": 1253, "mean": 0.7752370834350586, "std": 0.10350024700164795}
{"frame": 1254, "mean": 0.7752172350883484, "std": 0.10367675870656967}
{"frame": 1255, "mean": 0.7751662135124207, "std": 0.10413205623626709}
{"frame": 1256, "mean": 0.77518230676651, "std": 0.1039811298251152}
{"frame": 1257, "mean": 0.7752577662467957, "std": 0.10357443243265152}
{"frame": 1258, "mean": 0.7752606868743896, "std": 0.10350964963436127}
{"frame": 1259, "mean": 0.7752134799957275, "std": 0.10374916344881058}
{"frame": 1260, "mean": 0.775098979473114, "std": 0.10438808798789978}
{"frame": 1261, "mean": 0.7751920819282532, "std": 0.10376153141260147}
{"frame": 1262, "mean": 0.7752248644828796, "std": 0.10355543345212936}
{"frame": 1263, "mean": 0.7752054333686829, "std": 0.10367777943611145}
{"frame": 1264, "mean": 0.7751360535621643, "std": 0.10407426953315735}
{"frame": 1265, "mean": 0.7751556038856506, "std": 0.1039905771613121}
{"frame": 1266, "mean": 0.7752070426940918, "std": 0.10355713218450546}
{"frame": 1267, "mean": 0.7752240300178528, "std": 0.1034964993596077}
{"frame": 1268, "mean": 0.7751922011375427, "std": 0.10372567176818848}
{"frame": 1269, "mean": 0.7750649452209473, "std": 0.10442675650119781}
{"frame": 1270, "mean": 0.7752058506011963, "std": 0.1037130281329155}
{"frame": 1271, "mean": 0.7752375602722168, "std": 0.1034872829914093}
{"frame": 1272, "mean": 0.7752266526222229, "std": 0.10356446355581284}
{"frame": 1273, "mean": 0.7751880288124084, "std": 0.10393400490283966}
{"frame": 1274, "mean": 0.7751638889312744, "std": 0.10409774631261826}
{"frame": 1275, "mean": 0.7752237915992737, "std": 0.10361875593662262}
{"frame": 1276, "mean": 0.7752220034599304, "std": 0.10352885723114014}
{"frame": 1277, "mean": 0.7751791477203369, "std": 0.10376761108636856}
{"frame": 1278, "mean": 0.7750346660614014, "std": 0.10434930771589279}
{"frame": 1279, "mean": 0.7750582098960876, "std": 0.10384088009595871}
{"frame": 1280, "mean": 0.7749750018119812, "std": 0.10414538532495499}
{"frame": 1281, "mean": 0.7750344276428223, "std": 0.10412906855344772}
{"frame": 1282, "mean": 0.7750176787376404, "std": 0.10451947152614594}
{"frame": 1283, "mean": 0.7751997113227844, "std": 0.1037912666797638}
{"frame": 1284, "mean": 0.7752771377563477, "std": 0.10351461917161942}
{"frame": 1285, "mean": 0.7752272486686707, "std": 0.10367526859045029}
{"frame": 1286, "mean": 0.7751238942146301, "std": 0.10428241640329361}
{"frame": 1287, "mean": 0.7752044200897217, "std": 0.10383041203022003}
{"frame": 1288, "mean": 0.7752400040626526, "std": 0.10361846536397934}
{"frame": 1289, "mean": 0.7752251029014587, "std": 0.10368572175502777}
{"frame": 1290, "mean": 0.7751714587211609, "std": 0.10398485511541367}
{"frame": 1291, "mean": 0.7751002311706543, "std": 0.10430078953504562}
{"frame": 1292, "mean": 0.7751779556274414, "std": 0.10370480269193649}
{"frame": 1293, "mean": 0.7752370834350586, "std": 0.10350024700164795}
{"frame": 1294, "mean": 0.7752172350883484, "std": 0.10367675870656967}
{"frame": 1295, "mean": 0.7751662135124207, "std": 0.10413205623626709}
{"frame": 1296, "mean": 0.77518230676651, "std": 0.1039811298251152}
{"frame": 1297, "mean": 0.7752577662467957, "std": 0.10357443243265152}
{"frame": 1298, "mean": 0.7752606868743896, "std": 0.10350964963436127}
{"frame": 1299, "mean": 0.7752134799957275, "std": 0.10374916344881058}
{"frame": 1300, "mean": 0.775098979473114, "std": 0.10438808798789978}
{"frame": 1301, "mean": 0.7751920819282532, "std": 0.10376153141260147}
{"frame": 1302, "mean": 0.7752248644828796, "std": 0.10355543345212936}
{"frame": 1303, "mean": 0.7752054333686829, "std": 0.10367777943611145}
{"frame": 1304, "mean": 0.7751360535621643, "std": 0.10407426953315735}
{"frame": 1305, "mean": 0.7751556038856506, "std": 0.1039905771613121}
{"frame": 1306, "mean": 0.7752070426940918, "std": 0.10355713218450546}
{"frame": 1307, "mean": 0.7752240300178528, "std": 0.1034964993596077}
{"frame": 1308, "mean": 0.7751922011375427, "std": 0.10372567176818848}
{"frame": 1309, "mean": 0.7750649452209473, "std": 0.10442675650119781}
{"frame": 1310, "mean": 0.7752058506011963, "std": 0.1037130281329155}
{"frame": 1311, "mean": 0.7752375602722168, "std": 0.1034872829914093}
{"frame": 1312, "mean": 0.7752266526222229, "std": 0.10356446355581284}
{"frame": 1313, "mean": 0.7751880288124084, "std": 0.10393400490283966}
{"frame": 1314, "mean": 0.7751638889312744, "std": 0.10409774631261826}
{"frame": 1315, "mean": 0.7752237915992737, "std": 0.10361875593662262}
{"frame": 1316, "mean": 0.7752220034599304, "std": 0.10352885723114014}
{"frame": 1317, "mean": 0.7751791477203369, "std": 0.10376761108636856}
{"frame": 1318, "mean": 0.7750346660614014, "std": 0.10434930771589279}
{"frame": 1319, "mean": 0.7750582098960876, "std": 0.10384088009595871}
{"frame": 1320, "mean": 0.7749750018119812, "std": 0.10414538532495499}
{"frame": 1321, "mean": 0.7750344276428223, "std": 0.10412906855344772}
{"frame": 1322, "mean": 0.7750176787376404, "std": 0.10451947152614594}
{"frame": 1323, "mean": 0.7751997113227844, "std": 0.1037912666797638}
{"frame": 1324, "mean": 0.7752771377563477, "std": 0.10351461917161942}
{"frame": 1325, "mean": 0.7752272486686707, "std": 0.10367526859045029}
{"frame": 1326, "mean": 0.7751238942146301, "std": 0.10428241640329361}
{"frame": 1327, "mean": 0.7752044200897217, "std": 0.10383041203022003}
{"frame": 1328, "mean": 0.7752400040626526, "std": 0.10361846536397934}
{"frame": 1329, "mean": 0.7752251029014587, "std": 0.10368572175502777}
{"frame": 1330, "mean": 0.7751714587211609, "std": 0.10398485511541367}
{"frame": 1331, "mean": 0.7751002311706543, "std": 0.10430078953504562}
{"frame": 1332, "mean": 0.7751779556274414, "std": 0.10370480269193649}
{"frame": 1333, "mean": 0.7752370834350586, "std": 0.10350024700164795}
{"frame": 1334, "mean": 0.7752172350883484, "std": 0.10367675870656967}
{"frame": 1335, "mean": 0.7751662135124207, "std": 0.10413205623626709}
{"frame": 1336, "mean": 0.77518230676651, "std": 0.1039811298251152}
{"frame": 1337, "mean": 0.7752577662467957, "std": 0.10357443243265152}
{"frame": 1338, "mean": 0.7752606868743896, "std": 0.10350964963436127}
{"frame": 1339, "mean": 0.7752134799957275, "std": 0.10374916344881058}
{"frame": 1340, "mean": 0.775098979473114, "std": 0.10438808798789978}
{"frame": 1341, "mean": 0.7751920819282532, "std": 0.10376153141260147}
{"frame": 1342, "mean": 0.7752248644828796, "std": 0.10355543345212936}
{"frame": 1343, "mean": 0.7752054333686829, "std": 0.10367777943611145}
{"frame": 1344, "mean": 0.7751360535621643, "std": 0.10407426953315735}
{"frame": 1345, "mean": 0.7751556038856506, "std": 0.1039905771613121}
{"frame": 1346, "mean": 0.7752070426940918, "std": 0.10355713218450546}
{"frame": 1347, "mean": 0.7752240300178528, "std": 0.1034964993596077}
{"frame": 1348, "mean": 0.7751922011375427, "std": 0.10372567176818848}
{"frame": 1349, "mean": 0.7750649452209473, "std": 0.10442675650119781}
{"frame": 1350, "mean": 0.7752058506011963, "std": 0.1037130281329155}
{"frame": 1351, "mean": 0.7752375602722168, "std": 0.1034872829914093}
{"frame": 1352, "mean": 0.7752266526222229, "std": 0.10356446355581284}
{"frame": 1353, "mean": 0.7751880288124084, "std": 0.10393400490283966}
{"frame": 1354, "mean": 0.7751638889312744, "std": 0.10409774631261826}
{"frame": 1355, "mean": 0.7752237915992737, "std": 0.10361875593662262}
{"frame": 1356, "mean": 0.7752220034599304, "std": 0.10352885723114014}
{"frame": 1357, "mean": 0.7751791477203369, "std": 0.10376761108636856}
{"frame": 1358, "mean": 0.7750346660614014, "std": 0.10434930771589279}
{"frame": 1359, "mean": 0.7750582098960876, "std": 0.10384088009595871}
{"frame": 1360, "mean": 0.7749750018119812, "std": 0.10414538532495499}
{"frame": 1361, "mean": 0.7750344276428223, "std": 0.10412906855344772}
{"frame": 1362, "mean": 0.7750176787376404, "std": 0.10451947152614594}
{"frame": 1363, "mean": 0.7751997113227844, "std": 0.1037912666797638}
{"frame": 1364, "mean": 0.7752771377563477, "std": 0.10351461917161942}
{"frame": 1365, "mean": 0.7752272486686707, "std": 0.10367526859045029}
{"frame": 1366, "mean": 0.7751238942146301, "std": 0.10428241640329361}
{"frame": 1367, "mean": 0.7752044200897217, "std": 0.10383041203022003}
{"frame": 1368, "mean": 0.7752400040626526, "std": 0.10361846536397934}
{"frame": 1369, "mean": 0.7752251029014587, "std": 0.10368572175502777}
{"frame": 1370, "mean": 0.7751714587211609, "std": 0.10398485511541367}
{"frame": 1371, "mean": 0.7751002311706543, "std": 0.10430078953504562}
{"frame": 1372, "mean": 0.7751779556274414, "std": 0.10370480269193649}
{"frame": 1373, "mean": 0.7752370834350586, "std": 0.10350024700164795}
{"frame": 1374, "mean": 0.7752172350883484, "std": 0.10367675870656967}
{"frame": 1375, "mean": 0.7751662135124207, "std": 0.10413205623626709}
{"frame": 1376, "mean": 0.77518230676651, "std": 0.1039811298251152}
{"frame": 1377, "mean": 0.7752577662467957, "std": 0.10357443243265152}
{"frame": 1378, "mean": 0.7752606868743896, "std": 0.10350964963436127}
{"frame": 1379, "mean": 0.7752134799957275, "std": 0.10374916344881058}
{"frame": 1380, "mean": 0.775098979473114, "std": 0.10438808798789978}
{"frame": 1381, "mean": 0.7751920819282532, "std": 0.10376153141260147}
{"frame": 1382, "mean": 0.7752248644828796, "std": 0.10355543345212936}
{"frame": 1383, "mean": 0.7752054333686829, "std": 0.10367777943611145}
{"frame": 1384, "mean": 0.7751360535621643, "std": 0.10407426953315735}
{"frame": 1385, "mean": 0.7751556038856506, "std": 0.1039905771613121}
{"frame": 1386, "mean": 0.7752070426940918, "std": 0.10355713218450546}
{"frame": 1387, "mean": 0.7752240300178528, "std": 0.1034964993596077}
{"frame": 1388, "mean": 0.7751922011375427, "std": 0.10372567176818848}
{"frame": 1389, "mean": 0.7750649452209473, "std": 0.10442675650119781}
{"frame": 1390, "mean": 0.7752058506011963, "std": 0.1037130281329155}
{"frame": 1391, "mean": 0.7752375602722168, "std": 0.1034872829914093}
{"frame": 1392, "mean": 0.7752266526222229, "std": 0.10356446355581284}
{"frame": 1393, "mean": 0.7751880288124084, "std": 0.10393400490283966}
{"frame": 1394, "mean": 0.7751638889312744, "std": 0.10409774631261826}
{"frame": 1395, "mean": 0.7752237915992737, "std": 0.10361875593662262}
{"frame": 1396, "mean": 0.7752220034599304, "std": 0.10352885723114014}
{"frame": 1397, "mean": 0.7751791477203369, "std": 0.10376761108636856}
{"frame": 1398, "mean": 0.7750346660614014, "std": 0.10434930771589279}
{"frame": 1399, "mean": 0.7750582098960876, "std": 0.10384088009595871}
{"frame": 1400, "mean": 0.7749750018119812, "std": 0.10414538532495499}
{"frame": 1401, "mean": 0.7750344276428223, "std": 0.10412906855344772}
{"frame": 1402, "mean": 0.7750176787376404, "std": 0.10451947152614594}
{"frame": 1403, "mean": 0.7751997113227844, "std": 0.1037912666797638}
{"frame": 1404, "mean": 0.7752771377563477, "std": 0.10351461917161942}
{"frame": 1405, "mean": 0.7752272486686707, "std": 0.10367526859045029}
{"frame": 1406, "mean": 0.7751238942146301, "std": 0.10428241640329361}
{"frame": 1407, "mean": 0.7752044200897217, "std": 0.10383041203022003}
{"frame": 1408, "mean": 0.7752400040626526, "std": 0.10361846536397934}
{"frame": 1409, "mean": 0.7752251029014587, "std": 0.10368572175502777}
{"frame": 1410, "mean": 0.7751714587211609, "std": 0.10398485511541367}
{"frame": 1411, "mean": 0.7751002311706543, "std": 0.10430078953504562}
{"frame": 1412, "mean": 0.7751779556274414, "std": 0.10370480269193649}
{"frame": 1413, "mean": 0.7752370834350586, "std": 0.10350024700164795}
{"frame": 1414, "mean": 0.7752172350883484, "std": 0.10367675870656967}
{"frame": 1415, "mean": 0.7751662135124207, "std": 0.10413205623626709}
{"frame": 1416, "mean": 0.77518230676651, "std": 0.1039811298251152}
{"frame": 1417, "mean": 0.7752577662467957, "std": 0.10357443243265152}
{"frame": 1418, "mean": 0.7752606868743896, "std": 0.10350964963436127}
{"frame": 1419, "mean": 0.7752134799957275, "std": 0.10374916344881058}
{"frame": 1420, "mean": 0.775098979473114, "std": 0.10438808798789978}
{"frame": 1421, "mean": 0.7751920819282532, "std": 0.10376153141260147}
{"frame": 1422, "mean": 0.7752248644828796, "std": 0.10355543345212936}
{"frame": 1423, "mean": 0.7752054333686829, "std": 0.10367777943611145}
{"frame": 1424, "mean": 0.7751360535621643, "std": 0.10407426953315735}
{"frame": 1425, "mean": 0.7751556038856506, "std": 0.1039905771613121}
{"frame": 1426, "mean": 0.7752070426940918, "std": 0.10355713218450546}
{"frame": 1427, "mean": 0.7752240300178528, "std": 0.1034964993596077}
{"frame": 1428, "mean": 0.7751922011375427, "std": 0.10372567176818848}
{"frame": 1429, "mean": 0.7750649452209473, "std": 0.10442675650119781}
{"frame": 1430, "mean": 0.7752058506011963, "std": 0.1037130281329155}
{"frame": 1431, "mean": 0.7752375602722168, "std": 0.1034872829914093}
{"frame": 1432, "mean": 0.7752266526222229, "std": 0.10356446355581284}
{"frame": 1433, "mean": 0.7751880288124084, "std": 0.10393400490283966}
{"frame": 1434, "mean": 0.7751638889312744, "std": 0.10409774631261826}
{"frame": 1435, "mean": 0.7752237915992737, "std": 0.10361875593662262}
{"frame": 1436, "mean": 0.7752220034599304, "std": 0.10352885723114014}
{"frame": 1437, "mean": 0.7751791477203369, "std": 0.10376761108636856}
{"frame": 1438, "mean": 0.7750346660614014, "std": 0.10434930771589279}
{"frame": 1439, "mean": 0.7750582098960876, "std": 0.10384088009595871}
{"frame": 1440, "mean": 0.7749750018119812, "std": 0.10414538532495499}
{"frame": 1441, "mean": 0.7750344276428223, "std": 0.10412906855344772}
{"frame": 1442, "mean": 0.7750176787376404, "std": 0.10451947152614594}
{"frame": 1443, "mean": 0.7751997113227844, "std": 0.1037912666797638}
{"frame": 1444, "mean": 0.7752771377563477, "std": 0.10351461917161942}
{"frame": 1445, "mean": 0.7752272486686707, "std": 0.10367526859045029}
{"frame": 1446, "mean": 0.7751238942146301, "std": 0.10428241640329361}
{"frame": 1447, "mean": 0.7752044200897217, "std": 0.10383041203022003}
{"frame": 1448, "mean": 0.7752400040626526, "std": 0.10361846536397934}
{"frame": 1449, "mean": 0.7752251029014587, "std": 0.10368572175502777}
{"frame": 1450, "mean": 0.7751714587211609, "std": 0.10398485511541367}
{"frame": 1451, "mean": 0.7751002311706543, "std": 0.10430078953504562}
{"frame": 1452, "mean": 0.7751779556274414, "std": 0.10370480269193649}
{"frame": 1453, "mean": 0.7752370834350586, "std": 0.10350024700164795}
{"frame": 1454, "mean": 0.7752172350883484, "std": 0.10367675870656967}
{"frame": 1455, "mean": 0.7751662135124207, "std": 0.10413205623626709}
{"frame": 1456, "mean": 0.77518230676651, "std": 0.1039811298251152}
{"frame": 1457, "mean": 0.7752577662467957, "std": 0.10357443243265152}
{"frame": 1458, "mean": 0.7752606868743896, "std": 0.10350964963436127}
{"frame": 1459, "mean": 0.7752134799957275, "std": 0.10374916344881058}
{"frame": 1460, "mean": 0.775098979473114, "std": 0.10438808798789978}
{"frame": 1461, "mean": 0.7751920819282532, "std": 0.10376153141260147}
{"frame": 1462, "mean": 0.7752248644828796, "std": 0.10355543345212936}
{"frame": 1463, "mean": 0.7752054333686829, "std": 0.10367777943611145}
{"frame": 1464, "mean": 0.7751360535621643, "std": 0.10407426953315735}
{"frame": 1465, "mean": 0.7751556038856506, "std": 0.1039905771613121}
{"frame": 1466, "mean": 0.7752070426940918, "std": 0.10355713218450546}
{"frame": 1467, "mean": 0.7752240300178528, "std": 0.1034964993596077}
{"frame": 1468, "mean": 0.7751922011375427, "std": 0.10372567176818848}
{"frame": 1469, "mean": 0.7750649452209473, "std": 0.10442675650119781}
{"frame": 1470, "mean": 0.7752058506011963, "std": 0.1037130281329155}
{"frame": 1471, "mean": 0.7752375602722168, "std": 0.1034872829914093}
{"frame": 1472, "mean": 0.7752266526222229, "std": 0.10356446355581284}
{"frame": 1473, "mean": 0.7751880288124084, "std": 0.10393400490283966}
{"frame": 1474, "mean": 0.7751638889312744, "std": 0.10409774631261826}
{"frame": 1475, "mean": 0.7752237915992737, "std": 0.10361875593662262}
{"frame": 1476, "mean": 0.7752220034599304, "std": 0.10352885723114014}
{"frame": 1477, "mean": 0.7751791477203369, "std": 0.10376761108636856}
{"frame": 1478, "mean": 0.7750346660614014, "std": 0.10434930771589279}
{"frame": 1479, "mean": 0.7750582098960876, "std": 0.10384088009595871}
{"frame": 1480, "mean": 0.7749750018119812, "std": 0.10414538532495499}
{"frame": 1481, "mean": 0.7750344276428223, "std": 0.10412906855344772}
{"frame": 1482, "mean": 0.7750176787376404, "std": 0.10451947152614594}
{"frame": 1483, "mean": 0.7751997113227844, "std": 0.1037912666797638}
{"frame": 1484, "mean": 0.7752771377563477, "std": 0.10351461917161942}
{"frame": 1485, "mean": 0.7752272486686707, "std": 0.10367526859045029}
{"frame": 1486, "mean": 0.7751238942146301, "std": 0.10428241640329361}
{"frame": 1487, "mean": 0.7752044200897217, "std": 0.10383041203022003}
{"frame": 1488, "mean": 0.7752400040626526, "std": 0.10361846536397934}
{"frame": 1489, "mean": 0.7752251029014587, "std": 0.10368572175502777}
{"frame": 1490, "mean": 0.7751714587211609, "std": 0.10398485511541367}
{"frame": 1491, "mean": 0.7751002311706543, "std": 0.10430078953504562}
{"frame": 1492, "mean": 0.7751779556274414, "std": 0.10370480269193649}
{"frame": 1493, "mean": 0.7752370834350586, "std": 0.10350024700164795}
{"frame": 1494, "mean": 0.7752172350883484, "std": 0.10367675870656967}
{"frame": 1495, "mean": 0.7751662135124207, "std": 0.10413205623626709}
{"frame": 1496, "mean": 0.77518230676651, "std": 0.1039811298251152}
{"frame": 1497, "mean": 0.7752577662467957, "std": 0.10357443243265152}
{"frame": 1498, "mean": 0.7752606868743896, "std": 0.10350964963436127}
{"frame": 1499, "mean": 0.7752134799957275, "std": 0.10374916344881058}
{"frame": 1500, "mean": 0.775098979473114, "std": 0.10438808798789978}
{"frame": 1501, "mean": 0.7751920819282532, "std": 0.10376153141260147}
{"frame": 1502, "mean": 0.7752248644828796, "std": 0.10355543345212936}
{"frame": 1503, "mean": 0.7752054333686829, "std": 0.10367777943611145}
{"frame": 1504, "mean": 0.7751360535621643, "std": 0.10407426953315735}
{"frame": 1505, "mean": 0.7751556038856506, "std": 0.1039905771613121}
{"frame": 1506, "mean": 0.7752070426940918, "std": 0.10355713218450546}
{"frame": 1507, "mean": 0.7752240300178528, "std": 0.1034964993596077}
{"frame": 1508, "mean": 0.7751922011375427, "std": 0.10372567176818848}
{"frame": 1509, "mean": 0.7750649452209473, "std": 0.10442675650119781}
{"frame": 1510, "mean": 0.7752058506011963, "std": 0.1037130281329155}
{"frame": 1511, "mean": 0.7752375602722168, "std": 0.1034872829914093}
{"frame": 1512, "mean": 0.7752266526222229, "std": 0.10356446355581284}
{"frame": 1513, "mean": 0.7751880288124084, "std": 0.10393400490283966}
{"frame": 1514, "mean": 0.7751638889312744, "std": 0.10409774631261826}
{"frame": 1515, "mean": 0.7752237915992737, "std": 0.10361875593662262}
{"frame": 1516, "mean": 0.7752220034599304, "std": 0.10352885723114014}
{"frame": 1517, "mean": 0.7751791477203369, "std": 0.10376761108636856}
{"frame": 1518, "mean": 0.7750346660614014, "std": 0.10434930771589279}
{"frame": 1519, "mean": 0.7750582098960876, "std": 0.10384088009595871}
{"frame": 1520, "mean": 0.7749750018119812, "std": 0.10414538532495499}
{"frame": 1521, "mean": 0.7750344276428223, "std": 0.10412906855344772}
{"frame": 1522, "mean": 0.7750176787376404, "std": 0.10451947152614594}
{"frame": 1523, "mean": 0.7751997113227844, "std": 0.1037912666797638}
{"frame": 1524, "mean": 0.7752771377563477, "std": 0.10351461917161942}
{"frame": 1525, "mean": 0.7752272486686707, "std": 0.10367526859045029}
{"frame": 1526, "mean": 0.7751238942146301, "std": 0.10428241640329361}
{"frame": 1527, "mean": 0.7752044200897217, "std": 0.10383041203022003}
{"frame": 1528, "mean": 0.7752400040626526, "std": 0.10361846536397934}
{"frame": 1529, "mean": 0.7752251029014587, "std": 0.10368572175502777}
{"frame": 1530, "mean": 0.7751714587211609, "std": 0.10398485511541367}
{"frame": 1531, "mean": 0.7751002311706543, "std": 0.10430078953504562}
{"frame": 1532, "mean": 0.7751779556274414, "std": 0.10370480269193649}
{"frame": 1533, "mean": 0.7752370834350586, "std": 0.10350024700164795}
{"frame": 1534, "mean": 0.7752172350883484, "std": 0.10367675870656967}
{"frame": 1535, "mean": 0.7751662135124207, "std": 0.10413205623626709}
{"frame": 1536, "mean": 0.77518230676651, "std": 0.1039811298251152}
{"frame": 1537, "mean": 0.7752577662467957, "std": 0.10357443243265152}
{"frame": 1538, "mean": 0.7752606868743896, "std": 0.10350964963436127}
{"frame": 1539, "mean": 0.7752134799957275, "std": 0.10374916344881058}
{"frame": 1540, "mean": 0.775098979473114, "std": 0.10438808798789978}
{"frame": 1541, "mean": 0.7751920819282532, "std": 0.10376153141260147}
{"frame": 1542, "mean": 0.7752248644828796, "std": 0.10355543345212936}
{"frame": 1543, "mean": 0.7752054333686829, "std": 0.10367777943611145}
{"frame": 1544, "mean": 0.7751360535621643, "std": 0.10407426953315735}
{"frame": 1545, "mean": 0.7751556038856506, "std": 0.1039905771613121}
{"frame": 1546, "mean": 0.7752070426940918, "std": 0.10355713218450546}
{"frame": 1547, "mean": 0.7752240300178528, "std": 0.1034964993596077}
{"frame": 1548, "mean": 0.7751922011375427, "std": 0.10372567176818848}
{"frame": 1549, "mean": 0.7750649452209473, "std": 0.10442675650119781}
{"frame": 1550, "mean": 0.7752058506011963, "std": 0.1037130281329155}
{"frame": 1551, "mean": 0.7752375602722168, "std": 0.1034872829914093}
{"frame": 1552, "mean": 0.7752266526222229, "std": 0.10356446355581284}
{"frame": 1553, "mean": 0.7751880288124084, "std": 0.10393400490283966}
{"frame": 1554, "mean": 0.7751638889312744, "std": 0.10409774631261826}
{"frame": 1555, "mean": 0.7752237915992737, "std": 0.10361875593662262}
{"frame": 1556, "mean": 0.7752220034599304, "std": 0.10352885723114014}
{"frame": 1557, "mean": 0.7751791477203369, "std": 0.10376761108636856}
{"frame": 1558, "mean": 0.7750346660614014, "std": 0.10434930771589279}
{"frame": 1559, "mean": 0.7750582098960876, "std": 0.10384088009595871}
{"frame": 1560, "mean": 0.7749750018119812, "std": 0.10414538532495499}
{"frame": 1561, "mean": 0.7750344276428223, "std": 0.10412906855344772}
{"frame": 1562, "mean": 0.7750176787376404, "std": 0.10451947152614594}
{"frame": 1563, "mean": 0.7751997113227844, "std": 0.1037912666797638}
{"frame": 1564, "mean": 0.7752771377563477, "std": 0.10351461917161942}
{"frame": 1565, "mean": 0.7752272486686707, "std": 0.10367526859045029}
{"frame": 1566, "mean": 0.7751238942146301, "std": 0.10428241640329361}
{"frame": 1567, "mean": 0.7752044200897217, "std": 0.10383041203022003}
{"frame": 1568, "mean": 0.7752400040626526, "std": 0.10361846536397934}
{"frame": 1569, "mean": 0.7752251029014587, "std": 0.10368572175502777}
{"frame": 1570, "mean": 0.7751714587211609, "std": 0.10398485511541367}
{"frame": 1571, "mean": 0.7751002311706543, "std": 0.10430078953504562}
{"frame": 1572, "mean": 0.7751779556274414, "std": 0.10370480269193649}
{"frame": 1573, "mean": 0.7752370834350586, "std": 0.10350024700164795}
{"frame": 1574, "mean": 0.7752172350883484, "std": 0.10367675870656967}
{"frame": 1575, "mean": 0.7751662135124207, "std": 0.10413205623626709}
{"frame": 1576, "mean": 0.77518230676651, "std": 0.1039811298251152}
{"frame": 1577, "mean": 0.7752577662467957, "std": 0.10357443243265152}
{"frame": 1578, "mean": 0.7752606868743896, "std": 0.10350964963436127}
{"frame": 1579, "mean": 0.7752134799957275, "std": 0.10374916344881058}
{"frame": 1580, "mean": 0.775098979473114, "std": 0.10438808798789978}
{"frame": 1581, "mean": 0.7751920819282532, "std": 0.10376153141260147}
{"frame": 1582, "mean": 0.7752248644828796, "std": 0.10355543345212936}
{"frame": 1583, "mean": 0.7752054333686829, "std": 0.10367777943611145}
{"frame": 1584, "mean": 0.7751360535621643, "std": 0.10407426953315735}
{"frame": 1585, "mean": 0.7751556038856506, "std": 0.1039905771613121}
{"frame": 1586, "mean": 0.7752070426940918, "std": 0.10355713218450546}
{"frame": 1587, "mean": 0.7752240300178528, "std": 0.1034964993596077}
{"frame": 1588, "mean": 0.7751922011375427, "std": 0.10372567176818848}
{"frame": 1589, "mean": 0.7750649452209473, "std": 0.10442675650119781}
{"frame": 1590, "mean": 0.7752058506011963, "std": 0.1037130281329155}
{"frame": 1591, "mean": 0.7752375602722168, "std": 0.1034872829914093}
{"frame": 1592, "mean": 0.7752266526222229, "std": 0.10356446355581284}
{"frame": 1593, "mean": 0.7751880288124084, "std": 0.10393400490283966}
{"frame": 1594, "mean": 0.7751638889312744, "std": 0.10409774631261826}
{"frame": 1595, "mean": 0.7752237915992737, "std": 0.10361875593662262}
{"frame": 1596, "mean": 0.7752220034599304, "std": 0.10352885723114014}
{"frame": 1597, "mean": 0.7751791477203369, "std": 0.10376761108636856}
{"frame": 1598, "mean": 0.7750346660614014, "std": 0.10434930771589279}
{"frame": 1599, "mean": 0.7750582098960876, "std": 0.10384088009595871}
{"frame": 1600, "mean": 0.7749750018119812, "std": 0.10414538532495499}
{"frame": 1601, "mean": 0.7750344276428223, "std": 0.10412906855344772}
{"frame": 1602, "mean": 0.7750176787376404, "std": 0.10451947152614594}
{"frame": 1603, "mean": 0.7751997113227844, "std": 0.1037912666797638}
{"frame": 1604, "mean": 0.7752771377563477, "std": 0.10351461917161942}
{"frame": 1605, "mean": 0.7752272486686707, "std": 0.10367526859045029}
{"frame": 1606, "mean": 0.7751238942146301, "std": 0.10428241640329361}
{"frame": 1607, "mean": 0.7752044200897217, "std": 0.10383041203022003}
{"frame": 1608, "mean": 0.7752400040626526, "std": 0.10361846536397934}
{"frame": 1609, "mean": 0.7752251029014587, "std": 0.10368572175502777}
{"frame": 1610, "mean": 0.7751714587211609, "std": 0.10398485511541367}
{"frame": 1611, "mean": 0.7751002311706543, "std": 0.10430078953504562}
{"frame": 1612, "mean": 0.7751779556274414, "std": 0.10370480269193649}
{"frame": 1613, "mean": 0.7752370834350586, "std": 0.10350024700164795}
{"frame": 1614, "mean": 0.7752172350883484, "std": 0.10367675870656967}
{"frame": 1615, "mean": 0.7751662135124207, "std": 0.10413205623626709}
{"frame": 1616, "mean": 0.77518230676651, "std": 0.1039811298251152}
{"frame": 1617, "mean": 0.7752577662467957, "std": 0.10357443243265152}
{"frame": 1618, "mean": 0.7752606868743896, "std": 0.10350964963436127}
{"frame": 1619, "mean": 0.7752134799957275, "std": 0.10374916344881058}
{"frame": 1620, "mean": 0.775098979473114, "std": 0.10438808798789978}
{"frame": 1621, "mean": 0.7751920819282532, "std": 0.10376153141260147}
{"frame": 1622, "mean": 0.7752248644828796, "std": 0.10355543345212936}
{"frame": 1623, "mean": 0.7752054333686829, "std": 0.10367777943611145}
{"frame": 1624, "mean": 0.7751360535621643, "std": 0.10407426953315735}
{"frame": 1625, "mean": 0.7751556038856506, "std": 0.1039905771613121}
{"frame": 1626, "mean": 0.7752070426940918, "std": 0.10355713218450546}
{"frame": 1627, "mean": 0.7752240300178528, "std": 0.1034964993596077}
{"frame": 1628, "mean": 0.7751922011375427, "std": 0.10372567176818848}
{"frame": 1629, "mean": 0.7750649452209473, "std": 0.10442675650119781}
{"frame": 1630, "mean": 0.7752058506011963, "std": 0.1037130281329155}
{"frame": 1631, "mean": 0.7752375602722168, "std": 0.1034872829914093}
{"frame": 1632, "mean": 0.7752266526222229, "std": 0.10356446355581284}
{"frame": 1633, "mean": 0.7751880288124084, "std": 0.10393400490283966}
{"frame": 1634, "mean": 0.7751638889312744, "std": 0.10409774631261826}
{"frame": 1635, "mean": 0.7752237915992737, "std": 0.10361875593662262}
{"frame": 1636, "mean": 0.7752220034599304, "std": 0.10352885723114014}
{"frame": 1637, "mean": 0.7751791477203369, "std": 0.10376761108636856}
{"frame": 1638, "mean": 0.7750346660614014, "std": 0.10434930771589279}
{"frame": 1639, "mean": 0.7750582098960876, "std": 0.10384088009595871}
{"frame": 1640, "mean": 0.7749750018119812, "std": 0.10414538532495499}
{"frame": 1641, "mean": 0.7750344276428223, "std": 0.10412906855344772}
{"frame": 1642, "mean": 0.7750176787376404, "std": 0.10451947152614594}
{"frame": 1643, "mean": 0.7751997113227844, "std": 0.1037912666797638}
{"frame": 1644, "mean": 0.7752771377563477, "std": 0.10351461917161942}
{"frame": 1645, "mean": 0.7752272486686707, "std": 0.10367526859045029}
{"frame": 1646, "mean": 0.7751238942146301, "std": 0.10428241640329361}
{"frame": 1647, "mean": 0.7752044200897217, "std": 0.10383041203022003}
{"frame": 1648, "mean": 0.7752400040626526, "std": 0.10361846536397934}
{"frame": 1649, "mean": 0.7752251029014587, "std": 0.10368572175502777}
{"frame": 1650, "mean": 0.7751714587211609, "std": 0.10398485511541367}
{"frame": 1651, "mean": 0.7751002311706543, "std": 0.10430078953504562}
{"frame": 1652, "mean": 0.7751779556274414, "std": 0.10370480269193649}
{"frame": 1653, "mean": 0.7752370834350586, "std": 0.10350024700164795}
{"frame": 1654, "mean": 0.7752172350883484, "std": 0.10367675870656967}
{"frame": 1655, "mean": 0.7751662135124207, "std": 0.10413205623626709}
{"frame": 1656, "mean": 0.77518230676651, "std": 0.1039811298251152}
{"frame": 1657, "mean": 0.7752577662467957, "std": 0.10357443243265152}
{"frame": 1658, "mean": 0.7752606868743896, "std": 0.10350964963436127}
{"frame": 1659, "mean": 0.7752134799957275, "std": 0.10374916344881058}
{"frame": 1660, "mean": 0.775098979473114, "std": 0.10438808798789978}
{"frame": 1661, "mean": 0.7751920819282532, "std": 0.10376153141260147}
{"frame": 1662, "mean": 0.7752248644828796, "std": 0.10355543345212936}
{"frame": 1663, "mean": 0.7752054333686829, "std": 0.10367777943611145}
{"frame": 1664, "mean": 0.7751360535621643, "std": 0.10407426953315735}
{"frame": 1665, "mean": 0.7751556038856506, "std": 0.1039905771613121}
{"frame": 1666, "mean": 0.7752070426940918, "std": 0.10355713218450546}
{"frame": 1667, "mean": 0.7752240300178528, "std": 0.1034964993596077}
{"frame": 1668, "mean": 0.7751922011375427, "std": 0.10372567176818848}
{"frame": 1669, "mean": 0.7750649452209473, "std": 0.10442675650119781}
{"frame": 1670, "mean": 0.7752058506011963, "std": 0.1037130281329155}
{"frame": 1671, "mean": 0.7752375602722168, "std": 0.1034872829914093}
{"frame": 1672, "mean": 0.7752266526222229, "std": 0.10356446355581284}
{"frame": 1673, "mean": 0.7751880288124084, "std": 0.10393400490283966}
{"frame": 1674, "mean": 0.7751638889312744, "std": 0.10409774631261826}
{"frame": 1675, "mean": 0.7752237915992737, "std": 0.10361875593662262}
{"frame": 1676, "mean": 0.7752220034599304, "std": 0.10352885723114014}
{"frame": 1677, "mean": 0.7751791477203369, "std": 0.10376761108636856}
{"frame": 1678, "mean": 0.7750346660614014, "std": 0.10434930771589279}
{"frame": 1679, "mean": 0.7750582098960876, "std": 0.10384088009595871}
{"frame": 1680, "mean": 0.7749750018119812, "std": 0.10414538532495499}
{"frame": 1681, "mean": 0.7750344276428223, "std": 0.10412906855344772}
{"frame": 1682, "mean": 0.7750176787376404, "std": 0.10451947152614594}
{"frame": 1683, "mean": 0.7751997113227844, "std": 0.1037912666797638}
{"frame": 1684, "mean": 0.7752771377563477, "std": 0.10351461917161942}
{"frame": 1685, "mean": 0.7752272486686707, "std": 0.10367526859045029}
{"frame": 1686, "mean": 0.7751238942146301, "std": 0.10428241640329361}
{"frame": 1687, "mean": 0.7752044200897217, "std": 0.10383041203022003}
{"frame": 1688, "mean": 0.7752400040626526, "std": 0.10361846536397934}
{"frame": 1689, "mean": 0.7752251029014587, "std": 0.10368572175502777}
{"frame": 1690, "mean": 0.7751714587211609, "std": 0.10398485511541367}
{"frame": 1691, "mean": 0.7751002311706543, "std": 0.10430078953504562}
{"frame": 1692, "mean": 0.7751779556274414, "std": 0.10370480269193649}
{"frame": 1693, "mean": 0.7752370834350586, "std": 0.10350024700164795}
{"frame": 1694, "mean": 0.7752172350883484, "std": 0.10367675870656967}
{"frame": 1695, "mean": 0.7751662135124207, "std": 0.10413205623626709}
{"frame": 1696, "mean": 0.77518230676651, "std": 0.1039811298251152}
{"frame": 1697, "mean": 0.7752577662467957, "std": 0.10357443243265152}
{"frame": 1698, "mean": 0.7752606868743896, "std": 0.10350964963436127}
{"frame": 1699, "mean": 0.7752134799957275, "std": 0.10374916344881058}
{"frame": 1700, "mean": 0.775098979473114, "std": 0.10438808798789978}
{"frame": 1701, "mean": 0.7751920819282532, "std": 0.10376153141260147}
{"frame": 1702, "mean": 0.7752248644828796, "std": 0.10355543345212936}
{"frame": 1703, "mean": 0.7752054333686829, "std": 0.10367777943611145}
{"frame": 1704, "mean": 0.7751360535621643, "std": 0.10407426953315735}
{"frame": 1705, "mean": 0.7751556038856506, "std": 0.1039905771613121}
{"frame": 1706, "mean": 0.7752070426940918, "std": 0.10355713218450546}
{"frame": 1707, "mean": 0.7752240300178528, "std": 0.1034964993596077}
{"frame": 1708, "mean": 0.7751922011375427, "std": 0.10372567176818848}
{"frame": 1709, "mean": 0.7750649452209473, "std": 0.10442675650119781}
{"frame": 1710, "mean": 0.7752058506011963, "std": 0.1037130281329155}
{"frame": 1711, "mean": 0.7752375602722168, "std": 0.1034872829914093}
{"frame": 1712, "mean": 0.7752266526222229, "std": 0.10356446355581284}
{"frame": 1713, "mean": 0.7751880288124084, "std": 0.10393400490283966}
{"frame": 1714, "mean": 0.7751638889312744, "std": 0.10409774631261826}
{"frame": 1715, "mean": 0.7752237915992737, "std": 0.10361875593662262}
{"frame": 1716, "mean": 0.7752220034599304, "std": 0.10352885723114014}
{"frame": 1717, "mean": 0.7751791477203369, "std": 0.10376761108636856}
{"frame": 1718, "mean": 0.7750346660614014, "std": 0.10434930771589279}
{"frame": 1719, "mean": 0.7750582098960876, "std": 0.10384088009595871}
{"frame": 1720, "mean": 0.7749750018119812, "std": 0.10414538532495499}
{"frame": 1721, "mean": 0.7750344276428223, "std": 0.10412906855344772}
{"frame": 1722, "mean": 0.7750176787376404, "std": 0.10451947152614594}
{"frame": 1723, "mean": 0.7751997113227844, "std": 0.1037912666797638}
{"frame": 1724, "mean": 0.7752771377563477, "std": 0.10351461917161942}
{"frame": 1725, "mean": 0.7752272486686707, "std": 0.10367526859045029}
{"frame": 1726, "mean": 0.7751238942146301, "std": 0.10428241640329361}
{"frame": 1727, "mean": 0.7752044200897217, "std": 0.10383041203022003}
{"frame": 1728, "mean": 0.7752400040626526, "std": 0.10361846536397934}
{"frame": 1729, "mean": 0.7752251029014587, "std": 0.10368572175502777}
{"frame": 1730, "mean": 0.7751714587211609, "std": 0.10398485511541367}
{"frame": 1731, "mean": 0.7751002311706543, "std": 0.10430078953504562}
{"frame": 1732, "mean": 0.7751779556274414, "std": 0.10370480269193649}
{"frame": 1733, "mean": 0.7752370834350586, "std": 0.10350024700164795}
{"frame": 1734, "mean": 0.7752172350883484, "std": 0.10367675870656967}
{"frame": 1735, "mean": 0.7751662135124207, "std": 0.10413205623626709}
{"frame": 1736, "mean": 0.77518230676651, "std": 0.1039811298251152}
{"frame": 1737, "mean": 0.7752577662467957, "std": 0.10357443243265152}
{"frame": 1738, "mean": 0.7752606868743896, "std": 0.10350964963436127}
{"frame": 1739, "mean": 0.7752134799957275, "std": 0.10374916344881058}
{"frame": 1740, "mean": 0.775098979473114, "std": 0.10438808798789978}
{"frame": 1741, "mean": 0.7751920819282532, "std": 0.10376153141260147}
{"frame": 1742, "mean": 0.7752248644828796, "std": 0.10355543345212936}
{"frame": 1743, "mean": 0.7752054333686829, "std": 0.10367777943611145}
{"frame": 1744, "mean": 0.7751360535621643, "std": 0.10407426953315735}
{"frame": 1745, "mean": 0.7751556038856506, "std": 0.1039905771613121}
{"frame": 1746, "mean": 0.7752070426940918, "std": 0.10355713218450546}
{"frame": 1747, "mean": 0.7752240300178528, "std": 0.1034964993596077}
{"frame": 1748, "mean": 0.7751922011375427, "std": 0.10372567176818848}
{"frame": 1749, "mean": 0.7750649452209473, "std": 0.10442675650119781}
{"frame": 1750, "mean": 0.7752058506011963, "std": 0.1037130281329155}
{"frame": 1751, "mean": 0.7752375602722168, "std": 0.1034872829914093}
{"frame": 1752, "mean": 0.7752266526222229, "std": 0.10356446355581284}
{"frame": 1753, "mean": 0.7751880288124084, "std": 0.10393400490283966}
{"frame": 1754, "mean": 0.7751638889312744, "std": 0.10409774631261826}
{"frame": 1755, "mean": 0.7752237915992737, "std": 0.10361875593662262}
{"frame": 1756, "mean": 0.7752220034599304, "std": 0.10352885723114014}
{"frame": 1757, "mean": 0.7751791477203369, "std": 0.10376761108636856}
{"frame": 1758, "mean": 0.7750346660614014, "std": 0.10434930771589279}
{"frame": 1759, "mean": 0.7750582098960876, "std": 0.10384088009595871}
{"frame": 1760, "mean": 0.7749750018119812, "std": 0.10414538532495499}
{"frame": 1761, "mean": 0.7750344276428223, "std": 0.10412906855344772}
{"frame": 1762, "mean": 0.7750176787376404, "std": 0.10451947152614594}
{"frame": 1763, "mean": 0.7751997113227844, "std": 0.1037912666797638}
{"frame": 1764, "mean": 0.7752771377563477, "std": 0.10351461917161942}
{"frame": 1765, "mean": 0.7752272486686707, "std": 0.10367526859045029}
{"frame": 1766, "mean": 0.7751238942146301, "std": 0.10428241640329361}
{"frame": 1767, "mean": 0.7752044200897217, "std": 0.10383041203022003}
{"frame": 1768, "mean": 0.7752400040626526, "std": 0.10361846536397934}
{"frame": 1769, "mean": 0.7752251029014587, "std": 0.10368572175502777}
{"frame": 1770, "mean": 0.7751714587211609, "std": 0.10398485511541367}
{"frame": 1771, "mean": 0.7751002311706543, "std": 0.10430078953504562}
{"frame": 1772, "mean": 0.7751779556274414, "std": 0.10370480269193649}
{"frame": 1773, "mean": 0.7752370834350586, "std": 0.10350024700164795}
{"frame": 1774, "mean": 0.7752172350883484, "std": 0.10367675870656967}
{"frame": 1775, "mean": 0.7751662135124207, "std": 0.10413205623626709}
{"frame": 1776, "mean": 0.77518230676651, "std": 0.1039811298251152}
{"frame": 1777, "mean": 0.7752577662467957, "std": 0.10357443243265152}
{"frame": 1778, "mean": 0.7752606868743896, "std": 0.10350964963436127}
{"frame": 1779, "mean": 0.7752134799957275, "std": 0.10374916344881058}
{"frame": 1780, "mean": 0.775098979473114, "std": 0.10438808798789978}
{"frame": 1781, "mean": 0.7751920819282532, "std": 0.10376153141260147}
{"frame": 1782, "mean": 0.7752248644828796, "std": 0.10355543345212936}
{"frame": 1783, "mean": 0.7752054333686829, "std": 0.10367777943611145}
{"frame": 1784, "mean": 0.7751360535621643, "std": 0.10407426953315735}
{"frame": 1785, "mean": 0.7751556038856506, "std": 0.1039905771613121}
{"frame": 1786, "mean": 0.7752070426940918, "std": 0.10355713218450546}
{"frame": 1787, "mean": 0.7752240300178528, "std": 0.1034964993596077}
{"frame": 1788, "mean": 0.7751922011375427, "std": 0.10372567176818848}
{"frame": 1789, "mean": 0.7750649452209473, "std": 0.10442675650119781}
{"frame": 1790, "mean": 0.7752058506011963, "std": 0.1037130281329155}
{"frame": 1791, "mean": 0.7752375602722168, "std": 0.1034872829914093}
{"frame": 1792, "mean": 0.7752266526222229, "std": 0.10356446355581284}
{"frame": 1793, "mean": 0.7751880288124084, "std": 0.10393400490283966}
{"frame": 1794, "mean": 0.7751638889312744, "std": 0.10409774631261826}
{"frame": 1795, "mean": 0.7752237915992737, "std": 0.10361875593662262}
{"frame": 1796, "mean": 0.7752220034599304, "std": 0.10352885723114014}
{"frame": 1797, "mean": 0.7751791477203369, "std": 0.10376761108636856}
{"frame": 1798, "mean": 0.7750346660614014, "std": 0.10434930771589279}
{"frame": 1799, "mean": 0.7750582098960876, "std": 0.10384088009595871}
